order_id,order_date,region,city,product_name,category,quantity,unit_price,total_revenue,customer_id,sales_channel
UK-2026-103168,2026-05-10,East,Patna,Matte Lipstick Set,Beauty,2,933,1866,CUST-68709,Marketplace
UK-2026-103684,2026-05-07,South,Chennai,Vitamin C Serum,Beauty,1,682,682,CUST-75684,App
UK-2026-104082,2026-06-21,South,Bengaluru,Wireless Earbuds Pro,Electronics,1,3107,3107,CUST-85468,Marketplace
UK-2026-101291,2026-02-18,South,Hyderabad,Electric Kettle 1.5L,Home & Kitchen,1,1122,1122,CUST-36533,App
UK-2026-101181,2026-02-18,Central,Raipur,Denim Jacket,Fashion,1,2196,2196,CUST-95981,Website
UK-2026-102178,2026-03-23,West,Mumbai,Electric Kettle 1.5L,Home & Kitchen,1,1126,1126,CUST-35368,Website
UK-2026-102705,2026-04-21,South,Hyderabad,Bluetooth Speaker Mini,Electronics,2,1541,3082,CUST-97692,Marketplace
UK-2026-103732,2026-05-21,South,Chennai,Mirrorless Camera Lite,Electronics,-1,27565,110260,CUST-43703,Website
UK-2026-102120,2026-03-05,North,Delhi,43-inch Smart TV,Electronics,1,26675,26675,CUST-45342,Marketplace
UK-2026-104889,2026-06-13,North,Chandigarh,Noise-Cancelling Headphones,Electronics,1,9405,9405,CUST-35466,App
UK-2026-102577,2026-04-21,North,Delhi,Ethnic Dupatta,Fashion,2,518,1036,CUST-94200,App
UK-2026-103637,2026-05-26,South,Chennai,Robot Vacuum R7,Home & Kitchen,1,19221,19221,CUST-97238,Website
UK-2026-102308,2026-04-25,South,Chennai,Non-Stick Cookware Set,Home & Kitchen,2,2793,5586,CUST-66683,Marketplace
UK-2026-100166,2026-01-05,North,Noida,Air Fryer 5L,Home & Kitchen,1,5574,5574,CUST-43053,App
UK-2026-102056,2026-03-23,North,Delhi,Robot Vacuum R7,Home & Kitchen,1,19833,19833,CUST-17503,Marketplace
UK-2026-102954,2026-04-10,East,Patna,Air Fryer 5L,Home & Kitchen,1,5455,5455,CUST-51606,Website
UK-2026-103250,2026-05-06,East,Bhubaneswar,Cotton Kurta Set,Fashion,1,1254,1254,CUST-62222,Website
UK-2026-101791,2026-03-15,Central,Bhopal,Ultrabook Air 14,Electronics,2,29503,59006,CUST-10984,Marketplace
UK-2026-104660,2026-06-05,West,Ahmedabad,Yoga Mat Pro,Sports,1,1248,1248,CUST-84763,App
UK-2026-104126,2026-06-14,East,Guwahati,Bluetooth Speaker Mini,Electronics,2,1444,2888,CUST-58770,App
UK-2026-100484,2026-01-27,Central,Nagpur,Modern Wall Clock,Home & Kitchen,1,769,769,CUST-89928,Marketplace
UK-2026-100218,2026-01-30,North,Noida,Mixer Grinder 750W,Home & Kitchen,1,3159,3159,CUST-50829,App
UK-2026-101305,2026-02-15,Central,Nagpur,Gym Gloves,Sports,1,482,482,CUST-84081,App
UK-2026-100422,2026-01-16,South,Kochi,Dinner Set 24pc,Home & Kitchen,1,2507,2507,CUST-28685,App
UK-2026-100715,2026-01-14,Central,Indore,Silk Saree,Fashion,1,3412,3412,CUST-22679,App
UK-2026-101794,2026-03-06,West,Ahmedabad,Silk Saree,Fashion,1,3614,3614,CUST-18590,App
UK-2026-100614,2026-01-21,Central,Indore,Silk Saree,Fashion,1,3602,3602,CUST-88595,Marketplace
UK-2026-101134,2026-02-21,South,Kochi,43-inch Smart TV,Electronics,1,26080,26080,CUST-24898,Marketplace
UK-2026-104296,2026-06-10,East,Bhubaneswar,Denim Jacket,Fashion,1,2148,2148,CUST-10755,Website
UK-2026-100861,2026-02-15,North,Chandigarh,Air Fryer 5L,Home & Kitchen,3,5289,15867,CUST-36945,Website
UK-2026-104069,2026-06-11,South,Bangalore,Cricket Bat English Willow,Sports,1,9138,9138,CUST-70465,App
UK-2026-102345,2026-04-15,South,Kochi,Smart Watch X2,Electronics,1,4473,4473,CUST-49450,Marketplace
UK-2026-101399,2026-02-09,East,Guwahati,Noise-Cancelling Headphones,Electronics,1,8929,8929,CUST-38980,Marketplace
UK-2026-104448,2026-06-28,West,Pune,Non-Stick Cookware Set,Home & Kitchen,1,2806,2806,CUST-78745,App
UK-2026-104080,2026-06-15,West,Surat,Formal Shirt,Fashion,3,1063,3189,CUST-63784,App
UK-2026-103135,2026-05-13,North,Noida,43-inch Smart TV,Electronics,4,27138,108552,CUST-28511,Marketplace
UK-2026-103525,2026-05-07,West,Surat,Leather Wallet,Fashion,,899,899,CUST-75825,App
UK-2026-102147,2026-03-14,Central,Bhopal,Slim Fit Jeans,Fashion,-2,1648,1648,CUST-67670,Website
UK-2026-102636,2026-04-14,West,Pune,Adjustable Dumbbells 15kg,Sports,1,5173,5173,CUST-92771,Website
UK-2026-102435,2026-04-15,South,Bengaluru,Matte Lipstick Set,Beauty,2,875,1750,CUST-87083,App
UK-2026-100950,2026-02-19,South,Hyderabad,Sunscreen SPF50,Beauty,1,526,526,CUST-28374,App
UK-2026-100914,2026-02-05,South,Hyderabad,Adjustable Dumbbells 15kg,Sports,2,4823,9646,CUST-83965,Website
UK-2026-100992,2026-02-04,Central,Raipur,Air Fryer 5L,Home & Kitchen,1,5568,5568,CUST-68549,Website
UK-2026-104820,2026-06-21,West,Pune,Dinner Set 24pc,Home & Kitchen,1,2398,2398,CUST-37496,App
UK-2026-101043,2026-02-13,Central,Indore,Noise-Cancelling Headphones,Electronics,1,8574,8574,CUST-41773,Website
UK-2026-103765,2026-05-23,West,Pune,Ultrabook Air 14,Electronics,1,29092,29092,CUST-93533,App
UK-2026-101472,2026-03-02,East,Patna,Leather Wallet,Fashion,1,892,892,CUST-27397,Marketplace
UK-2026-104172,2026-06-29,North,Gurugram,Cotton Kurta Set,Fashion,1,1296,1296,CUST-47312,App
UK-2026-102194,2026-03-28,North,Gurugram,Cotton Bedsheet Set,Home & Kitchen,1,1393,1393,CUST-57405,App
UK-2026-103503,2026-05-12,North,Chandigarh,43-inch Smart TV,Electronics,1,27091,27091,CUST-44631,Website
UK-2026-102809,2026-04-25,North,Chandigarh,Electric Kettle 1.5L,Home & Kitchen,1,1152,1152,CUST-83732,App
UK-2026-102107,2026-03-26,South,Hyderabad,Mirrorless Camera Lite,Electronics,1,27594,27594,CUST-63763,Website
UK-2026-100960,"Feb 23, 2026",North,Chandigarh,Slim Fit Jeans,Fashion,1,1649,1649,CUST-69853,Website
UK-2026-101575,2026-03-10,North,Noida,Denim Jacket,Fashion,1,2168,2168,CUST-61337,Website
UK-2026-101056,2026-02-15,West,Pune,Formal Shirt,Fashion,1,1145,1145,CUST-25350,Website
UK-2026-101412,2026-02-23,North,Delhi,Modern Wall Clock,Home & Kitchen,1,792,792,CUST-92771,App
UK-2026-104094,2026-06-23,South,Kochi,Power Bank 20000mAh,Electronics,1,1760,1760,CUST-92302,Marketplace
UK-2026-102394,2026-04-04,South,Bengaluru,Mirrorless Camera Lite,Electronics,1,30218,30218,CUST-56803,App
UK-2026-101980,2026-03-20,West,Ahmedabad,Adjustable Dumbbells 15kg,Sports,1,4909,4909,CUST-91083,App
UK-2026-102969,2026-04-23,Central,Bhopal,Makeup Brush Set,Beauty,1,1352,1352,CUST-47188,App
UK-2026-101107,2026-02-10,South,Hyderabad,Ethnic Dupatta,Fashion,1,509,509,CUST-10641,App
UK-2026-100061,2026-01-30,East,Patna,Football Size 5,Sports,2,931,1862,CUST-28296,Website
UK-2026-101987,2026-03-15,South,Chennai,Smart Watch X2,Electronics,1,4453,4453,CUST-54259,Marketplace
UK-2026-101451,2026-03-14,East,Kolkata,Makeup Brush Set,Beauty,1,1288,1288,CUST-61491,App
UK-2026-104717,2026-06-23,North,Gurugram,Mixer Grinder 750W,Home & Kitchen,2,3269,6538,CUST-91727,Marketplace
UK-2026-104620,"Jun 21, 2026",East,Guwahati,Mirrorless Camera Lite,Electronics,4,28259,113036,CUST-33938,Marketplace
UK-2026-100280,2026-01-29,South,BLR,Cotton Kurta Set,Fashion,1,1250,1250,CUST-14721,Website
UK-2026-104330,2026-06-29,North,Noida,Adjustable Dumbbells 15kg,Sports,2,4938,9876,CUST-78683,Website
UK-2026-102257,2026-04-27,West,Pune,Matte Lipstick Set,Beauty,2,889,1778,CUST-13072,App
UK-2026-101019,2026-02-07,West,Pune,Yoga Mat Pro,Sports,1,1227,1227,CUST-90391,App
UK-2026-100998,2026-02-25,West,Surat,Yoga Mat Pro,Sports,2,1149,2298,CUST-79078,App
UK-2026-104143,"Jun 10, 2026",West,Surat,Denim Jacket,Fashion,1,2163,2163,CUST-68233,Marketplace
UK-2026-103742,2026-05-28,North,Delhi,Silk Saree,Fashion,1,3412,3412,CUST-14418,App
UK-2026-103090,2026-04-16,West,Pune,Dinner Set 24pc,Home & Kitchen,1,2452,2452,CUST-39650,Marketplace
UK-2026-100725,2026-02-13,Central,Indore,Leather Wallet,Fashion,1,916,916,CUST-59611,App
UK-2026-103334,2026-05-25,West,Ahmedabad,Silk Saree,Fashion,1,3644,3644,CUST-60520,App
UK-2026-101431,2026-02-02,Central,Bhopal,Ethnic Dupatta,Fashion,1,521,521,CUST-43592,App
UK-2026-102800,2026-04-04,,Gurugram,Dinner Set 24pc,Home & Kitchen,2,2524,5048,CUST-65799,App
UK-2026-103216,2026-05-11,South,Bengaluru,Leather Wallet,Fashion,1,873,873,CUST-21625,App
UK-2026-101694,2026-03-27,West,Ahmedabad,Eau de Parfum 100ml,Beauty,1,1933,1933,CUST-68282,Marketplace
UK-2026-104815,2026-06-12,South,kochi,Noise-Cancelling Headphones,Electronics,1,8987,8987,CUST-86217,App
UK-2026-101679,2026-03-30,West,Pune,Electric Kettle 1.5L,Home & Kitchen,,1133,1133,CUST-35879,App
UK-2026-101861,2026-03-16,South,Kochi,Mixer Grinder 750W,Home & Kitchen,1,3163,3163,CUST-97128,App
UK-2026-101086,2026-02-14,East,Bhubaneswar,Cricket Bat English Willow,Sports,3,9248,27744,CUST-26716,App
UK-2026-101114,2026-02-22,North,Chandigarh,Robot Vacuum R7,Home & Kitchen,2,18659,37318,CUST-61863,App
UK-2026-103373,18/05/2026,North,Delhi,Ultrabook Air 14,Electronics,1,28925,28925,CUST-76396,Website
UK-2026-101990,2026-03-14,West,Mumbai,Ethnic Dupatta,Fashion,4,495,1980,CUST-56109,Website
UK-2026-100551,2026-01-07,Central,Indore,Mirrorless Camera Lite,Electronics,1,28492,28492,CUST-85881,Website
UK-2026-103764,2026-05-12,North,Gurgaon,43-inch Smart TV,Electronics,1,26343,26343,CUST-81800,App
UK-2026-100120,2026-01-20,South,Bengaluru,Non-Stick Cookware Set,Home & Kitchen,1,2831,2831,CUST-63782,App
UK-2026-102232,2026-03-25,North,Gurugram,Robot Vacuum R7,Home & Kitchen,1,19487,19487,CUST-47131,Marketplace
UK-2026-103852,2026-05-10,Central,Bhopal,Silk Saree,Fashion,1,3645,3645,CUST-65820,App
UK-2026-102410,2026-04-26,East,Patna,Denim Jacket,Fashion,1,2105,2105,CUST-21679,App
UK-2026-101378,2026-02-10,South,Bengaluru,Running Sneakers,Fashion,4,2735,10940,CUST-24018,App
UK-2026-101616,2026-03-11,North,Delhi,Power Bank 20000mAh,Electronics,1,1803,1803,CUST-98268,Marketplace
UK-2026-101143,2026-02-26,North,Noida,Makeup Brush Set,Beauty,1,1341,1341,CUST-52304,App
UK-2026-102409,2026-04-01,East,Patna,Cricket Bat English Willow,Sports,1,9376,9376,CUST-24219,Marketplace
UK-2026-102187,2026-03-25,East,Kolkata,Cotton Bedsheet Set,Home & Kitchen,3,1344,4032,CUST-45176,Marketplace
UK-2026-100800,2026-02-08,West,Mumbai,Cycling Helmet,Sports,1,1666,1666,CUST-49171,Website
UK-2026-102359,2026-04-28,North,Delhi,Non-Stick Cookware Set,Home & Kitchen,1,2964,2964,CUST-39468,Marketplace
UK-2026-103976,2026-05-22,Central,Nagpur,Cricket Bat English Willow,Sports,3,9069,27207,CUST-14721,App
UK-2026-100501,2026-01-06,West,Pune,Ultrabook Air 14,Electronics,1,30838,30838,CUST-64594,Marketplace
UK-2026-103097,2026-05-18,West,Mumbai,43-inch Smart TV,Electronics,2,24737,49474,CUST-17435,Website
UK-2026-104007,2026-05-16,West,Pune,Air Fryer 5L,Home & Kitchen,1,5570,5570,CUST-37319,App
UK-2026-102781,2026-04-18,North,Noida,Leather Wallet,Fashion,1,917,917,CUST-73248,App
UK-2026-103034,2026-04-09,South,Hyderabad,Non-Stick Cookware Set,Home & Kitchen,1,2853,"₹2,853",CUST-53924,Website
UK-2026-103200,2026-05-14,South,Kochi,Bluetooth Speaker Mini,Electronics,1,1471,1471,CUST-21867,Marketplace
UK-2026-102201,2026-03-13,Central,Bhopal,Cycling Helmet,Sports,1,1526,1526,CUST-81319,Website
UK-2026-102615,2026-04-25,South,Chennai,Formal Shirt,Fashion,3,1115,3345,CUST-39787,App
UK-2026-102035,2026-03-13,West,Surat,Electric Kettle 1.5L,Home & Kitchen,1,1153,1153,CUST-90603,App
UK-2026-103882,2026-05-31,West,Surat,Bluetooth Speaker Mini,Electronics,,1559,3118,CUST-23499,Website
UK-2026-101734,2026-03-06,East,Patna,Silk Saree,Fashion,1,3407,3407,CUST-85796,Website
UK-2026-104036,2026-06-10,North,Delhi,Eau de Parfum 100ml,Beauty,1,2021,2021,CUST-57253,App
UK-2026-103096,2026-05-10,Central,Raipur,Sunscreen SPF50,Beauty,2,537,1074,CUST-40746,App
UK-2026-104976,2026-06-24,West,Pune,Cotton Kurta Set,Fashion,2,1236,"2,472.00",CUST-22574,App
UK-2026-104354,2026-06-17,South,Hyderabad,Adjustable Dumbbells 15kg,Sports,1,5052,5052,CUST-32283,App
UK-2026-101684,2026-03-13,South,Bengaluru,Mirrorless Camera Lite,Electronics,1,30444,30444,CUST-84202,Marketplace
UK-2026-102668,2026-04-25,Central,Nagpur,Ethnic Dupatta,Fashion,2,517,1034,CUST-64448,App
UK-2026-100293,2026-01-06,South,Hyderabad,Modern Wall Clock,Home & Kitchen,1,839,839,CUST-40702,App
UK-2026-104156,2026-06-19,West,Mumbai,Bluetooth Speaker Mini,Electronics,1,1504,1504,CUST-64517,App
UK-2026-104606,2026-06-17,West,Pune,Leather Wallet,Fashion,1,874,874,CUST-53501,Marketplace
UK-2026-102250,2026-04-05,South,Hyderabad,Matte Lipstick Set,Beauty,2,927,1854,CUST-70199,Website
UK-2026-101394,2026-02-27,South,Chennai,Leather Wallet,Fashion,1,919,919,CUST-69974,Website
UK-2026-103185,2026-05-30,Central,Nagpur,Cotton Bedsheet Set,Home & Kitchen,,1433,1433,CUST-19865,App
UK-2026-103317,2026-05-24,South,Kochi,Matte Lipstick Set,Beauty,2,921,1842,CUST-92081,Website
UK-2026-100729,2026-02-03,Central,Indore,Ethnic Dupatta,Fashion,1,491,491,CUST-81464,Website
UK-2026-104139,2026-06-09,North,Delhi,Ionic Hair Dryer,Beauty,1,1869,1869,CUST-39554,App
UK-2026-103074,2026-04-04,South,Bengaluru,Cotton Bedsheet Set,Home & Kitchen,1,1359,1359,CUST-69997,Website
UK-2026-102841,2026-04-06,Central,Indore,Cycling Helmet,Sports,1,1544,1544,CUST-58328,Marketplace
UK-2026-103385,2026-05-23,West,Surat,Mixer Grinder 750W,Home & Kitchen,1,3404,3404,CUST-88114,App
UK-2026-100070,2026-01-30,South,Kochi,Non-Stick Cookware Set,Home & Kitchen,2,2922,5844,CUST-26238,Website
UK-2026-100533,2026-01-05,South,Hyderabad,Noise-Cancelling Headphones,Electronics,1,9168,9168,CUST-22574,App
UK-2026-101192,2026-02-05,North,Chandigarh,Silk Saree,Fashion,-1,3457,3457,CUST-27463,Website
UK-2026-103342,2026-05-13,North,Delhi,Denim Jacket,Fashion,1,2256,2256,CUST-10140,App
UK-2026-101422,2026-02-24,North,Chandigarh,  Yoga Mat Pro,Sports,1,1145,1145,CUST-52493,Marketplace
UK-2026-100746,2026-02-25,South,Bengaluru,Formal Shirt,Fashion,1,1093,1093,CUST-38313,App
UK-2026-103921,2026-05-20,West,Ahmedabad,Air Fryer 5L,Home & Kitchen,4,5594,22376,CUST-61362,Website
UK-2026-103500,2026-05-23,South,Bengaluru,Gym Gloves,Sports,1,482,482,CUST-72625,App
UK-2026-102181,2026-03-23,South,Bengaluru,Silk Saree,Fashion,1,3352,3352,CUST-66048,Website
UK-2026-100510,2026-01-19,North,Gurugram,Silk Saree,Fashion,1,3398,3398,CUST-33136,App
UK-2026-101068,2026-02-14,South,Kochi,Leather Wallet,Fashion,1,922,922,CUST-11330,App
UK-2026-104922,2026-06-06,North,Gurugram,Electric Kettle 1.5L,Home & Kitchen,4,1147,4588,CUST-94028,App
UK-2026-100157,2026-01-29,South,Chennai,Leather Wallet,Fashion,1,937,937,CUST-81187,Website
UK-2026-100024,2026-01-13,South,Bengaluru,Yoga Mat Pro,Sports,4,1147,4588,CUST-54547,Website
UK-2026-100902,2026-02-18,South,Chennai,43-inch Smart TV,Electronics,1,26508,26508,CUST-38113,Marketplace
UK-2026-104551,2026-06-26,South,Hyderabad,Ultrabook Air 14,Electronics,1,30028,30028,CUST-66555,Marketplace
UK-2026-101730,2026-03-17,South,Bengaluru,Power Bank 20000mAh,Electronics,2,1822,3644,CUST-80041,App
UK-2026-103182,2026-05-17,North,Chandigarh,Power Bank 20000mAh,Electronics,1,1819,1819,CUST-64007,Website
UK-2026-100621,24/01/2026,West,Mumbai,Ethnic Dupatta,Fashion,1,510,510,CUST-89000,App
UK-2026-102463,2026-04-25,South,Hyderabad,Leather Wallet,Fashion,1,864,864.00,CUST-92154,Website
UK-2026-104244,2026-06-09,West,Mumbai,Vitamin C Serum,Beauty,1,675,675,CUST-73272,App
UK-2026-103795,2026-05-15,Central,Nagpur,Power Bank 20000mAh,Electronics,1,1836,1836,CUST-18724,Marketplace
UK-2026-104962,2026-06-01,West,Mumbai,Power Bank 20000mAh,Electronics,1,1875,1875,CUST-15532,App
UK-2026-102619,2026-04-10,South,Chennai,Eau de Parfum 100ml,Beauty,1,2052,2052,CUST-39964,App
UK-2026-101815,2026-03-24,East,Bhubaneswar,Cricket Bat English Willow,Sports,2,9077,18154,CUST-68282,App
UK-2026-103253,2026-05-29,South,Hyderabad,Cycling Helmet,Sports,1,1623,1623,CUST-84674,App
UK-2026-101898,2026-03-22,East,Patna,43-inch Smart TV,Electronics,1,26867,26867,CUST-41268,Website
UK-2026-104921,2026-06-24,West,Surat,Sunscreen SPF50,Beauty,1,561,561,CUST-79205,App
UK-2026-103758,2026-05-29,South,Bengaluru,Mirrorless Camera Lite,Electronics,1,29247,29247,CUST-85745,Website
UK-2026-103946,2026-05-16,North,Chandigarh,Slim Fit Jeans,Fashion,,1616,1616,CUST-50886,Marketplace
UK-2026-103915,2026-05-26,North,Gurugram,43-inch Smart TV,Electronics,1,26568,26568,CUST-82512,App
UK-2026-104089,2026-06-20,South,Bengaluru,Wireless Earbuds Pro,Electronics,1,2896,2896,CUST-52363,Marketplace
UK-2026-103523,2026-05-12,Central,Nagpur,Modern Wall Clock,Home & Kitchen,1,792,792,CUST-54461,Website
UK-2026-103214,2026-05-02,East,Patna,Silk Saree,Fashion,2,3449,6898,CUST-10210,App
UK-2026-100723,2026-02-04,East,Bhubaneswar,Denim Jacket,Fashion,1,2200,2200,CUST-64517,Website
UK-2026-102624,2026-04-09,Central,Indore,Beard Grooming Kit,Beauty,1,992,992,CUST-39964,Website
UK-2026-103043,2026-04-23,South,Kochi,Mixer Grinder 750W,Home & Kitchen,1,3463,3463,CUST-54953,App
UK-2026-100945,2026-02-01,South,Madras,Slim Fit Jeans,Fashion,2,1668,3336,CUST-43744,Website
UK-2026-104819,2026-06-11,North,Delhi,Smart Watch X2,Electronics,1,4501,4501,CUST-38113,Marketplace
UK-2026-101129,2026-02-26,South,Bengaluru,Air Fryer 5L,Home & Kitchen,1,5768,5768,CUST-65799,App
UK-2026-104133,2026-06-08,South,Bengaluru,Smart Watch X2,Electronics,3,4443,13329,CUST-95458,Website
UK-2026-103561,2026-05-10,,Chandigarh,Dinner Set 24pc,Home & Kitchen,2,2588,5176,CUST-95906,App
UK-2026-103421,2026-05-14,South,Kochi,Formal Shirt,Fashion,4,1056,4224,CUST-40021,App
UK-2026-104092,2026-06-06,West,Surat,Mixer Grinder 750W,Home & Kitchen,2,3419,6838,CUST-91883,Website
UK-2026-100898,2026-02-16,South,Hyderabad,Yoga Mat Pro,Sports,,1161,1161,CUST-94379,App
UK-2026-104923,2026-06-25,South,Bengaluru,Formal Shirt,Fashion,0,1137,1137,CUST-31213,App
UK-2026-100416,2026-01-20,North,Gurugram,Cricket Bat English Willow,Sports,1,8638,8638,CUST-95009,Website
UK-2026-100465,2026-01-01,South,Chennai,Bluetooth Speaker Mini,Electronics,1,1505,1505,CUST-74746,App
UK-2026-100788,2026-02-19,North,Gurugram,Mirrorless Camera Lite,Electronics,4,29963,119852,CUST-15004,App
UK-2026-104659,2026-06-01,South,Kochi,Silk Saree,Fashion,2,3480,6960,CUST-35558,App
UK-2026-103054,2026-04-15,West,Pune,Cotton Bedsheet Set,Home & Kitchen,1,1423,1423,CUST-17668,App
UK-2026-104367,2026-06-19,South,Chennai,Silk Saree,Fashion,2,3529,7058,CUST-57253,App
UK-2026-100316,2026-01-16,North,Delhi,Sunscreen SPF50,Beauty,1,561,561,CUST-68709,Website
UK-2026-102724,2026-04-14,East,Guwahati,43-inch Smart TV,Electronics,3,26784,80352,CUST-77588,App
UK-2026-104203,24-06-26,North,Delhi,Running Sneakers,Fashion,1,2782,2782,CUST-86912,Marketplace
UK-2026-103802,2026-05-13,South,Bengaluru,Non-Stick Cookware Set,Home & Kitchen,1,2896,2896,CUST-43354,Marketplace
UK-2026-103080,2026-04-10,West,Ahmedabad,Football Size 5,Sports,1,894,894,CUST-36333,Website
UK-2026-101221,2026-02-20,West,Ahmedabad,Running Sneakers,Fashion,2,2712,5424,CUST-39493,App
UK-2026-101095,2026-02-27,Central,Indore,Cotton Kurta Set,Fashion,1,1239,1239,CUST-23153,App
UK-2026-103850,2026-05-07,South,Hyderabad,Ethnic Dupatta,Fashion,1,491,491,CUST-78815,App
UK-2026-100740,2026-02-17,South,Hyderabad,Wireless Earbuds Pro,Electronics,1,3005,3005,CUST-22800,App
UK-2026-103735,2026-05-09,South,Chennai,Ethnic Dupatta,Fashion,2,491,982,CUST-97491,Marketplace
UK-2026-100975,2026-02-22,South,Kochi,Slim Fit Jeans,Fashion,1,1551,1551,CUST-42903,App
UK-2026-104439,2026-06-10,North,Delhi,Mirrorless Camera Lite,Electronics,1,28270,28270,CUST-17668,Marketplace
UK-2026-102708,2026-04-26,West,Mumbai,Vitamin C Serum,Beauty,3,714,2142,CUST-21776,App
UK-2026-103537,2026-05-19,East,Bhubaneswar,Foldable Treadmill T2,Sports,1,25225,25225,CUST-11335,App
UK-2026-102530,2026-04-07,East,Guwahati,Bluetooth Speaker Mini,Electronics,1,1566,1566,CUST-63345,Website
UK-2026-101287,2026-02-21,South,Chennai,Formal Shirt,Fashion,1,1131,1131,CUST-36668,App
UK-2026-100405,2026-01-27,Central,Nagpur,Beard Grooming Kit,Beauty,1,969,₹969,CUST-30361,App
UK-2026-102916,2026-04-09,North,Gurugram,Bluetooth Speaker Mini,Electronics,1,1432,1432,CUST-80991,Marketplace
UK-2026-104993,2026-06-13,West,Surat,Gym Gloves,Sports,1,504,504,CUST-60526,Website
UK-2026-100736,2026-02-19,Central,Indore,Air Fryer 5L,Home & Kitchen,3,5400,16200,CUST-46777,App
UK-2026-103444,2026-05-22,West,Mumbai,Non-Stick Cookware Set,Home & Kitchen,1,2876,2876,CUST-31164,Marketplace
UK-2026-100640,2026-01-07,West,Surat,Cotton Kurta Set,Fashion,2,1284,2568,CUST-21776,Website
UK-2026-103633,2026-05-13,South,Kochi,Noise-Cancelling Headphones,Electronics,2,9156,18312,CUST-83174,App
UK-2026-100452,2026-01-07,Central,Nagpur,Cotton Bedsheet Set,Home & Kitchen,1,1464,1464,CUST-82324,Website
UK-2026-104350,2026-06-20,South,Kochi,Sunscreen SPF50,Beauty,1,531,531,CUST-45092,Website
UK-2026-102470,2026-04-22,Central,Indore,Eau de Parfum 100ml,Beauty,1,2095,2095,CUST-25619,Website
UK-2026-100432,2026-01-28,East,Kolkata,Air Fryer 5L,Home & Kitchen,2,5242,"10,484.00",CUST-29097,Website
UK-2026-100752,2026-02-16,South,Chennai,Silk Saree,Fashion,1,3669,3669,CUST-89314,Website
UK-2026-102004,2026-03-10,South,Hyderabad,43-inch Smart TV,Electronics,1,26969,26969,CUST-28685,Marketplace
UK-2026-102987,2026-04-13,West,Surat,Football Size 5,Sports,2,862,1724,CUST-29112,App
UK-2026-103340,2026-05-17,North,Delhi,Slim Fit Jeans,Fashion,1,1551,1551,CUST-35758,App
UK-2026-102695,2026-04-25,West,Pune,Slim Fit Jeans,Fashion,2,1521,3042,CUST-59468,Marketplace
UK-2026-102358,2026-04-12,Central,Indore,Cricket Bat English Willow,Sports,1,9332,9332,CUST-26285,Website
UK-2026-103310,2026-05-22,West,Mumbai,Face Wash Combo,Beauty,1,428,428,CUST-65799,App
UK-2026-100802,2026-02-16,West,Mumbai,Mixer Grinder 750W,Home & Kitchen,1,3232,3232,CUST-87734,App
UK-2026-102466,2026-04-18,North,Noida,Cricket Bat English Willow,Sports,2,9025,"18,050.00",CUST-16688,Website
UK-2026-101289,2026-02-04,South,Bengaluru,Wireless Earbuds Pro,Electronics,1,2896,2896,CUST-85963,App
UK-2026-102441,2026-04-02,South,Hyderabad,Running Sneakers,Fashion,4,2671,10684,CUST-12501,App
UK-2026-102371,2026-04-21,North,Noida,Ultrabook Air 14,Electronics,1,29280,29280,CUST-32705,Website
UK-2026-102715,2026-04-05,South,Cochin,Cycling Helmet,Sports,1,1595,1595,CUST-61842,App
UK-2026-103400,2026-05-14,West,Mumbai,Adjustable Dumbbells 15kg,Sports,1,5159,5159,CUST-61362,Marketplace
UK-2026-100208,2026-01-15,South,Hyderabad,Beard Grooming Kit,Beauty,1,1007,1007,CUST-55305,Website
UK-2026-101355,2026-02-22,West,Ahmedabad,Dinner Set 24pc   ,Home & Kitchen,1,2533,2533,CUST-88114,Website
UK-2026-104673,2026-06-11,South,Bengaluru,Electric Kettle 1.5L,Home & Kitchen,1,1079,1079,CUST-49801,App
UK-2026-102883,2026-04-26,West,Surat,Foldable Treadmill T2,Sports,1,24421,24421,CUST-35352,Website
UK-2026-101892,2026-03-09,East,Kolkata,Eau de Parfum 100ml,Beauty,1,2072,2072,CUST-68709,Website
UK-2026-100268,2026-01-27,South,Bengaluru,Bluetooth Speaker Mini,Electronics,1,1566,1566,CUST-55275,App
UK-2026-101169,2026-02-27,,Bengaluru,Badminton Racket Set,Sports,1,2388,2388,CUST-73442,Marketplace
UK-2026-101588,2026-03-11,East,Guwahati,Slim Fit Jeans,Fashion,,1673,3346,CUST-12421,Website
UK-2026-102473,2026-04-09,South,Kochi,Robot Vacuum R7,Home & Kitchen,1,19628,19628,CUST-70674,Website
UK-2026-103076,2026-04-27,North,Gurugram,Air Fryer 5L,Home & Kitchen,2,5531,11062,CUST-98797,App
UK-2026-100916,2026-02-20,Central,Bhopal,Robot Vacuum R7,Home & Kitchen,1,18107,18107,CUST-31213,App
UK-2026-100067,2026-01-19,South,Hyderabad,Adjustable Dumbbells 15kg,Sports,2,4833,9666,CUST-61854,Website
UK-2026-104808,2026-06-10,Central,Nagpur,Mirrorless Camera Lite,Electronics,2,29968,59936,CUST-92380,Marketplace
UK-2026-102423,2026-04-23,West,Surat,Matte Lipstick Set,Beauty,3,875,2625,CUST-58403,App
UK-2026-103878,26/05/2026,West,Surat,Foldable Treadmill T2,Sports,2,26241,52482,CUST-52769,App
UK-2026-102526,2026-04-15,East,Kolkata,Noise-Cancelling Headphones,Electronics,1,9335,9335,CUST-75825,Website
UK-2026-102811,2026-04-12,West,Mumbai,Formal Shirt,Fashion,1,1120,1120,CUST-55275,App
UK-2026-103928,2026-05-25,South,Hyderabad,Formal Shirt,Fashion,1,1124,1124,CUST-73943,App
UK-2026-102340,2026-04-23,North,Delhi,Makeup Brush Set,Beauty,1,1342,1342,CUST-32850,App
UK-2026-103920,02-05-26,North,Gurugram,Dinner Set 24pc,Home & Kitchen,1,2539,2539,CUST-73965,Marketplace
UK-2026-100926,2026-02-26,South,Hyderabad,Silk Saree,Fashion,1,3342,3342,CUST-91083,Website
UK-2026-103285,2026-05-13,East,Guwahati,Smart Watch X2,Electronics,2,4701,9402,CUST-24180,Marketplace
UK-2026-103799,2026-05-15,West,Pune,Gym Gloves,Sports,2,508,1016,CUST-19338,App
UK-2026-103242,2026-05-28,Central,Nagpur,Mirrorless Camera Lite,Electronics,2,29978,59956,CUST-99358,Marketplace
UK-2026-103912,12-05-26,West,Pune,Slim Fit Jeans,Fashion,1,1602,1602,CUST-18415,App
UK-2026-102192,2026-03-17,South,Hyderabad,Formal Shirt,Fashion,1,1108,1108,CUST-48974,App
UK-2026-104135,2026-06-13,South,Hyderabad,Bluetooth Speaker Mini,Electronics,1,1503,1503,CUST-53158,Marketplace
UK-2026-104709,2026-06-17,South,Hyderabad,Matte Lipstick Set,Beauty,2,942,1884,CUST-43484,Website
UK-2026-100954,2026-02-28,South,Chennai,Wireless Earbuds Pro,Electronics,2,2893,"5,786.00",CUST-99609,App
UK-2026-101250,2026-02-21,South,Kochi,Adjustable Dumbbells 15kg,Sports,1,5204,5204,CUST-12102,Marketplace
UK-2026-104598,2026-06-14,Central,Bhopal,Noise-Cancelling Headphones,Electronics,1,9418,9418 INR,CUST-59126,Marketplace
UK-2026-104286,2026-06-26,North,Chandigarh,Cricket Bat English Willow,Sports,1,9214,9214,CUST-18412,Website
UK-2026-104028,2026-06-28,West,Pune,Dinner Set 24pc,Home & Kitchen,2,2448,4896,CUST-73099,App
UK-2026-102152,2026-03-20,West,Surat,Makeup Brush Set,Beauty,2,1323,2646,CUST-86974,App
UK-2026-100481,2026-01-21,South,Bengaluru,Mirrorless Camera Lite,Electronics,3,30372,91116,CUST-49281,App
UK-2026-103520,2026-05-05,West,Ahmedabad,Non-Stick Cookware Set,Home & Kitchen,1,3003,3003,CUST-71984,App
UK-2026-101030,2026-02-25,South,Kochi,Bluetooth Speaker Mini,Electronics,1,1520,1520,CUST-14715,Marketplace
UK-2026-100588,2026-01-09,South,Kochi,Leather Wallet,Fashion,1,912,912,CUST-25060,Website
UK-2026-104198,2026-06-02,East,Kolkata,Denim Jacket,Fashion,1,2228,2228,CUST-14895,App
UK-2026-102830,2026-04-30,East,Bhubaneswar,Running Sneakers,Fashion,1,2681,2681,CUST-13506,Website
UK-2026-100727,2026-02-06,South,Kochi,Yoga Mat Pro,Sports,1,1219,1219,CUST-35932,Website
UK-2026-104472,2026-06-22,South,Bengaluru,Matte Lipstick Set,Beauty,1,877,877,CUST-42185,Marketplace
UK-2026-102031,2026-03-14,South,Chennai,Adjustable Dumbbells 15kg,Sports,1,5186,5186,CUST-34176,App
UK-2026-101954,2026-03-21,South,Hyderabad,Cotton Kurta Set,Fashion,2,1357,2714,CUST-50215,App
UK-2026-103341,2026-05-30,West,Pune,Eau de Parfum 100ml,Beauty,1,2065,2065,CUST-25585,App
UK-2026-103810,2026-05-31,North,Delhi,Bluetooth Speaker Mini,Electronics,2,1500,3000,CUST-18734,Website
UK-2026-104427,2026-06-28,North,Noida,Running Sneakers,Fashion,2,2662,5324,CUST-33076,App
UK-2026-100350,2026-01-14,Central,Nagpur,Football Size 5,Sports,1,875,875,CUST-25735,Website
UK-2026-103610,2026-05-26,North,Gurugram,Bluetooth Speaker Mini,Electronics,1,1517,1517,CUST-26457,App
UK-2026-104423,2026-06-26,Central,Indore,Denim Jacket,Fashion,1,2146,2146,CUST-39959,Marketplace
UK-2026-104396,2026-06-16,North,Chandigarh,Cotton Bedsheet Set,Home & Kitchen,3,1390,4170,CUST-35839,App
UK-2026-102573,2026-04-21,North,Chandigarh,Makeup Brush Set,Beauty,1,1249,1249,CUST-76396,Website
UK-2026-100146,2026-01-30,West,Mumbai,Dinner Set 24pc,Home & Kitchen,1,2462,2462,CUST-73338,App
UK-2026-101202,2026-02-20,East,Bhubaneswar,Robot Vacuum R7,Home & Kitchen,2,19863,39726,CUST-40702,App
UK-2026-104739,2026-06-15,North,Chandigarh,Bluetooth Speaker Mini,Electronics,1,1517,1517,CUST-10140,Marketplace
UK-2026-101191,2026-02-02,North,New Delhi,Yoga Mat Pro,Sports,2,1170,2340,CUST-30388,Website
UK-2026-101854,2026-03-21,South,Hyderabad,Robot Vacuum R7,Home & Kitchen,3,18874,56622,CUST-89000,Website
UK-2026-101373,2026-02-25,Central,Nagpur,Matte Lipstick Set,Beauty,1,862,862,CUST-49265,App
UK-2026-104969,2026-06-23,South,Hyderabad,Adjustable Dumbbells 15kg,Sports,2,5052,10104,CUST-90253,Website
UK-2026-103055,2026-04-20,North,Noida,Noise-Cancelling Headphones,Electronics,1,9409,9409,CUST-81108,App
UK-2026-100027,22-01-26,South,Hyderabad,Cotton Bedsheet Set,Home & Kitchen,2,1456,2912,CUST-48920,App
UK-2026-100952,2026-02-27,South,Kochi,Electric Kettle 1.5L,Home & Kitchen,1,1054,1054,CUST-36326,Marketplace
UK-2026-102840,2026-04-04,West,Mumbai,Wireless Earbuds Pro,Electronics,1,3048,3048,CUST-64007,App
UK-2026-104279,2026-06-07,South,Chennai,Mirrorless Camera Lite,Electronics,1,29793,29793,CUST-61559,Website
UK-2026-104986,2026-06-27,West,Pune,43-inch Smart TV,Electronics,2,26273,52546,CUST-28712,App
UK-2026-104224,2026-06-20,East,Bhubaneswar,Power Bank 20000mAh,Electronics,1,1766,1766,CUST-16688,Marketplace
UK-2026-104107,2026-06-07,South,Bengaluru,Smart Watch X2,Electronics,1,4629,4629,CUST-71642,Marketplace
UK-2026-102513,2026-04-23,South,Bengaluru,Mixer Grinder 750W,Home & Kitchen,1,3351,3351,CUST-28132,Website
UK-2026-104663,2026-06-17,North,Gurugram,Cotton Kurta Set,Fashion,4,1294,5176,CUST-61958,App
UK-2026-103466,2026-05-01,North,Delhi,Eau de Parfum 100ml,Beauty,3,2026,6078,CUST-10643,Website
UK-2026-102496,2026-04-26,West,Ahmedabad,Adjustable Dumbbells 15kg,Sports,1,5128,5128,CUST-25530,Website
UK-2026-104179,"Jun 20, 2026",South,Hyderabad,Denim Jacket,Fashion,1,2192,2192,CUST-98480,Website
UK-2026-100619,2026-01-15,North,Delhi,Power Bank 20000mAh,Electronics,2,1856,3712,CUST-34176,Marketplace
UK-2026-101168,2026-02-09,East,Patna,Beard Grooming Kit,Beauty,1,1001,1001,CUST-84081,Website
UK-2026-102040,2026-03-25,West,Pune,Modern Wall Clock,Home & Kitchen,1,767,767,CUST-41773,App
UK-2026-104371,2026-06-08,East,Bhubaneswar,Formal Shirt,Fashion,3,1090,3270,CUST-80465,App
UK-2026-100448,2026-01-05,West,Pune,Bluetooth Speaker Mini,Electronics,1,1483,1483,CUST-29795,Website
UK-2026-100747,2026-02-11,North,Chandigarh,Cricket Bat English Willow,Sports,3,9382,28146,CUST-45420,App
UK-2026-102381,2026-04-13,North,Gurugram,Gym Gloves,Sports,0,509,1018,CUST-73975,App
UK-2026-104187,2026-06-05,South,Chennai,Gym Gloves,Sports,1,487,487,CUST-95458,Website
UK-2026-101781,2026-03-19,West,Ahmedabad,Dinner Set 24pc,Home & Kitchen,2,2594,5188,CUST-99810,App
UK-2026-103911,2026-05-11,Central,Indore,Dinner Set 24pc,Home & Kitchen,2,2446,4892,CUST-38691,Website
UK-2026-104488,2026-06-11,West,Ahmedabad,Vitamin C Serum,Beauty,1,720,720,CUST-25768,App
UK-2026-102205,03-03-26,West,Surat,Football Size 5,Sports,1,933,933,CUST-38275,Marketplace
UK-2026-102558,2026-04-07,Central,Nagpur,Ethnic Dupatta,Fashion,1,490,490,CUST-64720,Website
UK-2026-102853,2026-04-26,South,Hyderabad,Ultrabook Air 14,Electronics,1,29387,29387,CUST-54763,App
UK-2026-104119,2026-06-20,Central,Nagpur,43-inch Smart TV,Electronics,2,25842,51684,CUST-93806,Website
UK-2026-102651,2026-04-01,Central,Bhopal,Smart Watch X2,Electronics,1,4367,4367,CUST-92302,App
UK-2026-101339,2026-02-04,South,Bengaluru,Ionic Hair Dryer,Beauty,1,1840,1840,CUST-24754,Website
UK-2026-102519,2026-04-11,West,Surat,Denim Jacket,Fashion,2,2297,4594,CUST-58135,App
UK-2026-101554,13/03/2026,West,Mumbai,Face Wash Combo,Beauty,2,468,936,CUST-67947,Website
UK-2026-102630,2026-04-12,South,Bengaluru,Beard Grooming Kit,Beauty,1,962,962.00,CUST-73442,App
UK-2026-103919,2026-05-21,South,Kochi,Air Fryer 5L,Home & Kitchen,1,5664,5664,CUST-16167,App
UK-2026-101404,2026-02-05,West,Surat,Modern Wall Clock,Home & Kitchen,1,784,784,CUST-24180,App
UK-2026-103424,2026-05-06,North,Chandigarh,Ionic Hair Dryer,Beauty,1,1877,1877,CUST-83965,App
UK-2026-101707,2026-03-27,South,BLR,Makeup Brush Set,Beauty,1,1307,1307,CUST-64460,Website
UK-2026-101820,17/03/2026,Central,Bhopal,Power Bank 20000mAh,Electronics,1,1828,1828,CUST-83258,App
UK-2026-101111,2026-02-15,North,Gurugram,Formal Shirt,Fashion,2,1086,2172,CUST-94908,App
UK-2026-102953,2026-04-02,East,Kolkata,Running Sneakers,Fashion,1,2707,2707,CUST-72133,Website
UK-2026-103188,2026-05-16,South,Chennai,Wireless Earbuds Pro,Electronics,1,2939,2939,CUST-20881,Website
UK-2026-101012,2026-02-10,South,Hyderabad,Smart Watch X2,Electronics,1,4660,4660,CUST-74683,Marketplace
UK-2026-102491,2026-04-08,Central,Nagpur,Air Fryer 5L,Home & Kitchen,1,5538,5538,CUST-94028,App
UK-2026-103234,2026-05-27,South,Hyderabad,Wireless Earbuds Pro,Electronics,1,3057,3057,CUST-77698,App
UK-2026-103171,2026-05-27,West,Ahmedabad,Cotton Kurta Set,Fashion,1,1286,1286,CUST-25735,Website
UK-2026-103042,2026-04-25,South,Hyderabad,Leather Wallet,Fashion,1,920,920,CUST-23360,App
UK-2026-102019,2026-03-05,East,Kolkata,Running Sneakers,Fashion,1,2884,2884,CUST-39157,Website
UK-2026-104197,2026-06-21,North,Noida,Silk Saree,Fashion,1,3373,3373,CUST-34669,Website
UK-2026-102495,2026-04-04,West,Surat,Smart Watch X2,Electronics,1,4357,4357,CUST-15536,App
UK-2026-104432,2026-06-08,North,Delhi,43-inch Smart TV,Electronics,1,27091,27091,CUST-72065,Marketplace
UK-2026-104234,2026-06-26,North,Chandigarh,Power Bank 20000mAh,Electronics,1,1840,1840,CUST-20448,Website
UK-2026-101617,2026-03-22,North,Noida,Eau de Parfum 100ml,Beauty,1,1905,1905,CUST-44126,App
UK-2026-101210,2026-02-04,West,Surat,Cotton Kurta Set,Fashion,2,1263,2526,CUST-61842,Website
UK-2026-104196,2026-06-09,West,Pune,Mirrorless Camera Lite,Electronics,1,29822,29822,CUST-35411,Marketplace
UK-2026-102978,2026-04-26,South,Chennai,Formal Shirt,Fashion,1,1111,1111,CUST-10832,App
UK-2026-101306,19/02/2026,South,Kochi,Robot Vacuum R7,Home & Kitchen,2,19702,39404,CUST-95966,Website
UK-2026-102644,2026-04-20,South,Hyderabad,Mixer Grinder 750W,Home & Kitchen,3,3228,9684,CUST-91139,Website
UK-2026-101837,2026-03-31,West,Ahmedabad,Gym Gloves,Sports,2,476,952,CUST-91727,Website
UK-2026-100609,2026-01-03,East,Kolkata,Mixer Grinder 750W,Home & Kitchen,1,3313,3313,CUST-31164,Website
UK-2026-103604,2026-05-14,West,Pune,43-inch Smart TV,Electronics,1,26570,26570,CUST-66555,App
UK-2026-104557,2026-06-30,North,Noida,Ionic Hair Dryer,Beauty,4,1843,7372,CUST-57436,App
UK-2026-101367,2026-02-19,North,Gurugram,Silk Saree,Fashion,4,3520,14080,CUST-95758,Marketplace
UK-2026-100390,2026-01-09,South,Hyderabad,Dinner Set 24pc,Home & Kitchen,-1,2559,5118,CUST-48524,Website
UK-2026-101740,2026-03-14,South,Bengaluru,43-inch Smart TV,Electronics,2,26416,52832,CUST-38996,Website
UK-2026-102988,2026-04-17,East,Bhubaneswar,Wireless Earbuds Pro,Electronics,1,3149,3149,CUST-46039,Website
UK-2026-103482,2026-05-16,North,Noida,Silk Saree,Fashion,2,3619,7238,CUST-39021,App
UK-2026-101581,2026-03-03,Central,Bhopal,Formal Shirt,Fashion,1,1067,1067,CUST-80041,Website
UK-2026-100093,2026-01-26,East,Guwahati,Air Fryer 5L,Home & Kitchen,1,5255,,CUST-26737,App
UK-2026-102484,2026-04-12,North,Gurugram,Silk Saree,Fashion,1,3549,3549,CUST-87484,Marketplace
UK-2026-102749,2026-04-08,East,Patna,Beard Grooming Kit,Beauty,2,1000,2000,CUST-70987,Website
UK-2026-104022,2026-06-12,East,Kolkata,Football Size 5,Sports,1,895,895,CUST-51152,Marketplace
UK-2026-104093,2026-06-04,Central,Nagpur,43-inch Smart TV,Electronics,1,25536,25536,CUST-27086,Marketplace
UK-2026-102865,2026-04-02,South,Chennai,43-inch Smart TV,Electronics,2,27241,54482,CUST-85101,Marketplace
UK-2026-101793,2026-03-06,South,Hyderabad,Running Sneakers,Fashion,1,2728,2728,CUST-95906,Website
UK-2026-102378,2026-04-20,South,Chennai,Cotton Kurta Set,Fashion,1,1265,1265,CUST-36078,Website
UK-2026-103828,2026-05-01,South,Kochi,43-inch Smart TV,Electronics,1,25540,25540,CUST-57487,Marketplace
UK-2026-102962,2026-04-18,Central,Nagpur,Mirrorless Camera Lite,Electronics,1,30256,30256,CUST-74316,Website
UK-2026-100741,2026-02-02,East,Kolkata,Running Sneakers,Fashion,1,2847,2847,CUST-30361,App
UK-2026-104384,2026-06-09,West,Mumbai,Running Sneakers,Fashion,1,2859,2859,CUST-57721,Website
UK-2026-103110,2026-05-19,North,Noida,Cycling Helmet,Sports,1,1561,1561,CUST-28715,Website
UK-2026-104832,2026-06-25,North,Delhi,Mixer Grinder 750W,Home & Kitchen,1,3193,3193,CUST-22800,App
UK-2026-103527,2026-05-18,North,Delhi,Wireless Earbuds Pro,Electronics,2,2874,5748,CUST-93263,Website
UK-2026-103955,2026-05-19,South,BLR,Silk Saree,Fashion,1,3659,3659,CUST-71468,Marketplace
UK-2026-103157,2026-05-26,South,Hyderabad,43-inch Smart TV,Electronics,2,25184,50368,CUST-17012,Website
UK-2026-102030,2026-03-13,South,Bengaluru,Bluetooth Speaker Mini,Electronics,1,1476,1476,CUST-71316,Marketplace
UK-2026-104300,2026-06-08,North,New Delhi,Ethnic Dupatta,Fashion,1,491,491,CUST-72698,App
UK-2026-103217,2026-05-07,North,Delhi,Smart Watch X2,Electronics,2,4664,9328,CUST-38558,App
UK-2026-102252,2026-04-29,North,Delhi,Power Bank 20000mAh,Electronics,1,1737,1737,CUST-96372,Marketplace
UK-2026-103349,2026-05-26,West,Ahmedabad,Electric Kettle 1.5L,Home & Kitchen,1,1117,1117,CUST-92986,Website
UK-2026-100284,2026-01-31,North,Noida,Power Bank 20000mAh,Electronics,1,1794,1794,CUST-13029,App
UK-2026-104875,2026-06-23,North,Chandigarh,Modern Wall Clock,Home & Kitchen,2,774,1548,CUST-43354,Marketplace
UK-2026-103885,2026-05-12,Central,Nagpur,Wireless Earbuds Pro,Electronics,2,2985,5970,CUST-41396,Marketplace
UK-2026-100247,2026-01-20,South,Kochi,Cotton Bedsheet Set,Home & Kitchen,2,1368,2736,CUST-44671,Website
UK-2026-101752,2026-03-04,North,Chandigarh,Sunscreen SPF50,Beauty,3,575,1725,CUST-22512,App
UK-2026-103694,2026-05-02,East,Guwahati,Cotton Bedsheet Set,Home & Kitchen,1,1435,1435,CUST-38558,App
UK-2026-100850,2026-02-06,East,Guwahati,Denim Jacket,Fashion,1,2211,,CUST-21319,App
UK-2026-104095,2026-06-20,South,Madras,Mirrorless Camera Lite,Electronics,1,28927,28927,CUST-51760,App
UK-2026-101708,2026-03-29,South,Bengaluru,Denim Jacket,Fashion,1,2296,2296,CUST-43305,Marketplace
UK-2026-104482,2026-06-14,,Indore,Electric Kettle 1.5L,Home & Kitchen,1,1045,1045,CUST-10140,App
UK-2026-101247,2026-02-26,West,Pune,Robot Vacuum R7,Home & Kitchen,2,19156,38312,CUST-81057,App
UK-2026-101546,2026-03-21,North,Noida,Ethnic Dupatta,Fashion,1,481,481,CUST-10391,Website
UK-2026-101520,2026-03-26,West,Ahmedabad,Running Sneakers,Fashion,4,2775,11100,CUST-91296,Website
UK-2026-100942,2026-02-01,East,Kolkata,Slim Fit Jeans,Fashion,1,1661,1661,CUST-27473,App
UK-2026-101769,2026-03-02,East,Patna,Bluetooth Speaker Mini,Electronics,2,1436,2872,CUST-74683,Marketplace
UK-2026-103297,2026-05-14,North,Noida,Noise-Cancelling Headphones,Electronics,1,9117,9117,CUST-40288,App
UK-2026-101273,2026-02-20,North,Noida,Mixer Grinder 750W,Home & Kitchen,1,3167,3167,CUST-39389,App
UK-2026-100454,2026-01-19,South,Hyderabad,Yoga Mat Pro,Sports,1,1257,1257,CUST-96905,Website
UK-2026-100046,2026-01-10,North,Delhi,Denim Jacket,Fashion,1,2240,2240,CUST-17503,App
UK-2026-103568,2026-05-25,East,Patna,Ultrabook Air 14,Electronics,2,31359,62718,CUST-71047,Marketplace
UK-2026-102996,2026-04-21,South,Bengaluru,Adjustable Dumbbells 15kg,Sports,1,5175,5175,CUST-83631,App
UK-2026-103916,2026-05-15,West,Mumbai,43-inch Smart TV,Electronics,2,25568,51136,CUST-81392,Marketplace
UK-2026-102543,2026-04-19,South,Chennai,Power Bank 20000mAh,Electronics,3,1725,5175,CUST-79205,App
UK-2026-104769,2026-06-09,South,Hyderabad,Cotton Bedsheet Set,Home & Kitchen,1,1388,1388,CUST-24180,Marketplace
UK-2026-104562,2026-06-16,South,Chennai,Badminton Racket Set,Sports,2,2536,5072,CUST-57105,App
UK-2026-104609,2026-06-14,East,Kolkata,Wireless Earbuds Pro,Electronics,1,2927,2927,CUST-64862,App
UK-2026-100200,2026-01-22,North,Chandigarh,Cotton Bedsheet Set,Home & Kitchen,1,1424,1424,CUST-48666,Marketplace
UK-2026-103255,2026-05-14,North,Delhi,Air Fryer 5L,Home & Kitchen,1,5647,5647,CUST-95906,Website
UK-2026-104927,2026-06-01,East,Patna,Ultrabook Air 14,Electronics,2,29545,59090,CUST-38066,App
UK-2026-102160,2026-03-31,North,Gurugram,Ultrabook Air 14,Electronics,1,31485,31485,CUST-63712,App
UK-2026-103612,2026-05-30,,Indore,Yoga Mat Pro,Sports,1,1220,1220,CUST-35281,App
UK-2026-101604,2026-03-03,South,Hyderabad,Mixer Grinder 750W,Home & Kitchen,3,3263,9789,CUST-70221,Website
UK-2026-101321,2026-02-23,Central,Raipur,Beard Grooming Kit,Beauty,1,971,971,CUST-16435,App
UK-2026-103961,2026-05-04,South,bengaluru,Smart Watch X2,Electronics,1,4467,4467,CUST-73676,Marketplace
UK-2026-102269,2026-04-24,North,Chandigarh,Cricket Bat English Willow,Sports,1,8935,8935,CUST-14195,App
UK-2026-102547,2026-04-13,South,Chennai,Smart Watch X2,Electronics,2,4356,8712,CUST-44631,App
UK-2026-100302,2026-01-19,West,Pune,Cotton Bedsheet Set,Home & Kitchen,1,1405,1405,CUST-20551,App
UK-2026-100417,2026-01-29,Central,Indore,Eau de Parfum 100ml,Beauty,1,2085,2085,CUST-78437,App
UK-2026-104478,2026-06-06,Central,Nagpur,Power Bank 20000mAh,Electronics,1,1881,1881,CUST-82464,App
UK-2026-103799,2026-05-15,West,Pune,Gym Gloves,Sports,2,508,1016,CUST-19338,App
UK-2026-100396,2026-01-15,North,Delhi,Cycling Helmet,Sports,1,1530,1530,CUST-12911,Website
UK-2026-100847,2026-02-20,East,Kolkata,Football Size 5,Sports,1,904,904,CUST-79874,Marketplace
UK-2026-101379,2026-02-13,North,Chandigarh,Face Wash Combo,Beauty,2,447,894,CUST-18189,App
UK-2026-104430,2026-06-24,West,Pune,Formal Shirt,Fashion,1,1143,1143,CUST-66609,App
UK-2026-101587,2026-03-09,South,Hyderabad,Formal Shirt,Fashion,1,1053,1053,CUST-56789,Marketplace
UK-2026-101929,2026-03-07,Central,Nagpur,Non-Stick Cookware Set,Home & Kitchen,,3001,3001,CUST-65938,Website
UK-2026-101370,2026-02-26,East,patna,Football Size 5,Sports,4,924,3696,CUST-57405,Website
UK-2026-104435,2026-06-24,Central,Indore,Beard Grooming Kit,Beauty,1,1042,1042,CUST-33281,Website
UK-2026-102243,12-04-26,South,Chennai,Modern Wall Clock,Home & Kitchen,2,825,1650,CUST-72995,App
UK-2026-104868,2026-06-05,North,Chandigarh,Cricket Bat English Willow,Sports,2,8941,17882,CUST-77202,Website
UK-2026-104965,2026-06-26,West,Surat,Dinner Set 24pc,Home & Kitchen,3,2569,7707,CUST-86162,App
UK-2026-102440,2026-04-19,West,Surat,Matte Lipstick Set,Beauty,2,928,1856,CUST-15259,App
UK-2026-104684,2026-06-06,West,Surat,Denim Jacket,Fashion,2,2207,4414,CUST-46300,Website
UK-2026-101529,2026-03-12,South,Chennai,Electric Kettle 1.5L,Home & Kitchen,1,1073,1073,CUST-38528,App
UK-2026-102479,2026-04-27,South,Bengaluru,Slim Fit Jeans,Fashion,1,1609,1609,CUST-79444,Website
UK-2026-102691,2026-04-21,East,Bhubaneswar,Modern Wall Clock,Home & Kitchen,1,790,790,CUST-64148,Marketplace
UK-2026-100767,2026-02-27,West,Surat,Cotton Kurta Set,Fashion,2,1319,2638,CUST-95553,Marketplace
UK-2026-104268,2026-06-04,West,Ahmedabad,Mirrorless Camera Lite,Electronics,1,28984,28984,CUST-88167,Marketplace
UK-2026-102868,2026-04-02,Central,Indore,Matte Lipstick Set,Beauty,1,929,929,CUST-22960,App
UK-2026-102892,2026-04-09,East,Bhubaneswar,43-inch Smart TV,Electronics,1,26828,26828,CUST-75901,App
UK-2026-104652,2026-06-21,North,Delhi,Matte Lipstick Set,Beauty,1,895,895,CUST-12448,Marketplace
UK-2026-104464,2026-06-15,South,Bengaluru,Eau de Parfum 100ml,Beauty,1,1924,1924,CUST-70386,Website
UK-2026-104324,2026-06-28,South,Chennai,Ultrabook Air 14,Electronics,1,31368,31368,CUST-73966,App
UK-2026-104825,2026-06-22,South,Bengaluru,Formal Shirt,Fashion,2,1056,2112,CUST-48317,Website
UK-2026-104353,2026-06-14,East,Bhubaneswar,Denim Jacket,Fashion,1,2270,2270,CUST-65833,Website
UK-2026-104556,2026-06-22,South,Kochi,Dinner Set 24pc,Home & Kitchen,1,2594,2594,CUST-10686,App
UK-2026-100277,2026-01-24,East,Guwahati,Air Fryer 5L,Home & Kitchen,2,5534,11068,CUST-62454,Website
UK-2026-100442,2026-01-01,West,Ahmedabad,Football Size 5,Sports,1,891,891,CUST-56906,Website
UK-2026-101978,2026-03-26,West,Surat,Noise-Cancelling Headphones,Electronics,1,9026,9026,CUST-85559,App
UK-2026-103018,2026-04-11,West,Pune,Ethnic Dupatta,Fashion,1,484,484,CUST-72640,Marketplace
UK-2026-102950,2026-04-29,South,Hyderabad,Bluetooth Speaker Mini,Electronics,2,1440,2880,CUST-71047,Marketplace
UK-2026-103521,2026-05-29,North,Noida,Denim Jacket,Fashion,3,2242,6726,CUST-67237,App
UK-2026-103011,2026-04-18,West,Surat,Ultrabook Air 14,Electronics,1,30478,30478,CUST-25768,App
UK-2026-104914,2026-06-26,North,Noida,Dinner Set 24pc,Home & Kitchen,2,2390,4780,CUST-66820,App
UK-2026-102570,2026-04-13,North,Chandigarh,Smart Watch X2,Electronics,1,4588,4588,CUST-65935,Marketplace
UK-2026-104873,2026-06-04,West,Ahmedabad,Slim Fit Jeans,Fashion,1,1547,1547,CUST-82932,Website
UK-2026-102623,2026-04-11,Central,Bhopal,Noise-Cancelling Headphones,Electronics,1,9158,9158,CUST-54170,App
UK-2026-104390,2026-06-26,West,Surat,Smart Watch X2,Electronics,2,4396,8792,CUST-65938,Marketplace
UK-2026-100374,2026-01-30,South,Chennai,Running Sneakers,Fashion,1,2853,2853,CUST-63869,App
UK-2026-104626,2026-06-01,West,Surat,Ionic Hair Dryer,Beauty,1,1821,1821,CUST-93686,App
UK-2026-104539,2026-06-08,North,Delhi,Electric Kettle 1.5L,Home & Kitchen,1,1089,1089,CUST-65828,Marketplace
UK-2026-102566,2026-04-23,North,Chandigarh,Robot Vacuum R7,Home & Kitchen,3,18558,55674,CUST-72432,App
UK-2026-104992,2026-06-29,South,Hyderabad,43-inch Smart TV,Electronics,1,26889,26889,CUST-58864,App
UK-2026-101375,2026-02-17,North,Chandigarh,Smart Watch X2,Electronics,1,4523,4523,CUST-68233,Marketplace
UK-2026-102039,2026-03-09,South,Hyderabad,Foldable Treadmill T2,Sports,1,25576,25576,CUST-68282,App
UK-2026-102783,2026-04-28,East,Bhubaneswar,Yoga Mat Pro,Sports,2,1182,2364,CUST-66078,Website
UK-2026-102154,2026-03-01,Central,Nagpur,Noise-Cancelling Headphones,Electronics,1,9162,9162,CUST-53897,App
UK-2026-104981,2026-06-25,North,Gurugram,Robot Vacuum R7,Home & Kitchen,1,19340,19340,CUST-89638,Website
UK-2026-100062,2026-01-17,East,Guwahati,Cotton Kurta Set,Fashion,1,1285,1285,CUST-25983,App
UK-2026-104968,2026-06-06,Central,raipur,Mirrorless Camera Lite,Electronics,1,27696,27696,CUST-43226,App
UK-2026-102186,2026-03-24,North,Delhi,Dinner Set 24pc,Home & Kitchen,2,2418,4836,CUST-50230,Website
UK-2026-103311,2026-05-10,North,Delhi,Formal Shirt,Fashion,1,1137,1137,CUST-14195,App
UK-2026-102640,2026-04-23,Central,Nagpur,Slim Fit Jeans,Fashion,,1605,3210,CUST-85951,App
UK-2026-103401,2026-05-06,North,Gurugram,Sunscreen SPF50,Beauty,1,551,551,CUST-56385,App
UK-2026-104358,2026-06-26,North,Noida,Air Fryer 5L,Home & Kitchen,2,5691,11382,CUST-84152,Website
UK-2026-100633,2026-01-24,Central,Bhopal,43-inch Smart TV,Electronics,1,26251,26251,CUST-94068,Website
UK-2026-102527,2026-04-05,South,Bengaluru,Robot Vacuum R7,Home & Kitchen,1,18132,18132,CUST-54170,App
UK-2026-101924,2026-03-06,West,Ahmedabad,Smart Watch X2,Electronics,2,4411,8822,CUST-87734,Website
UK-2026-104213,2026-06-12,South,Kochi,Smart Watch X2,Electronics,3,4597,13791,CUST-49735,App
UK-2026-103847,2026-05-11,South,Kochi,Cotton Bedsheet Set,Home & Kitchen,2,1442,2884,CUST-23164,Website
UK-2026-103594,2026-05-25,South,Hyderabad,Denim Jacket,Fashion,2,2230,4460,CUST-15990,App
UK-2026-101724,2026-03-23,West,Surat,Noise-Cancelling Headphones,Electronics,1,8853,8853,CUST-75973,Marketplace
UK-2026-104353,2026-06-14,East,Bhubaneswar,Denim Jacket,Fashion,1,2270,2270,CUST-65833,Website
UK-2026-103745,2026-05-27,South,Bengaluru,43-inch Smart TV,Electronics,2,26338,52676,CUST-35251,App
UK-2026-101316,2026-02-05,Central,Bhopal,Running Sneakers,Fashion,1,2741,2741,CUST-57852,App
UK-2026-103769,2026-05-18,South,Hyderabad,Modern Wall Clock,Home & Kitchen,2,810,1620,CUST-57613,App
UK-2026-103632,2026-05-09,West,Pune,Ethnic Dupatta,Fashion,1,497,497,CUST-49983,App
UK-2026-104862,2026-06-09,South,Bengaluru,Noise-Cancelling Headphones,Electronics,2,8892,17784,CUST-56611,Marketplace
UK-2026-104944,2026-06-18,North,Chandigarh,Leather Wallet,Fashion,1,868,868,CUST-55704,App
UK-2026-103462,2026-05-17,West,Pune,Leather Wallet,Fashion,1,928,928,CUST-90024,App
UK-2026-103375,2026-05-08,South,Bengaluru,Foldable Treadmill T2,Sports,1,25021,25021,CUST-22333,Website
UK-2026-103768,2026-05-29,North,Noida,Makeup Brush Set,Beauty,1,1255,1255,CUST-61917,App
UK-2026-102683,2026-04-29,South,Bengaluru,Bluetooth Speaker Mini,Electronics,1,1541,1541,CUST-22567,App
UK-2026-104791,2026-06-30,South,Kochi,Football Size 5,Sports,1,869,869,CUST-34497,App
UK-2026-102352,2026-04-14,East,Guwahati,Air Fryer 5L,Home & Kitchen,1,5618,5618,CUST-77291,App
UK-2026-101759,2026-03-04,North,Chandigarh,Cotton Bedsheet Set,Home & Kitchen,1,1454,1454,CUST-50611,Marketplace
UK-2026-100314,2026-01-25,North,Chandigarh,Leather Wallet,Fashion,3,863,2589,CUST-93238,App
UK-2026-101405,2026-02-22,South,Hyderabad,Mixer Grinder 750W,Home & Kitchen,1,3160,3160,CUST-20599,Website
UK-2026-104645,2026-06-14,West,Ahmedabad,Sunscreen SPF50,Beauty,2,549,1098,CUST-80041,Website
UK-2026-104147,2026-06-24,South,Bengaluru,Formal Shirt,Fashion,1,1053,1053,CUST-25735,App
UK-2026-103366,2026-05-05,West,Surat,Formal Shirt,Fashion,1,1052,1052,CUST-62454,App
UK-2026-100792,2026-02-19,North,Noida,Vitamin C Serum,Beauty,3,729,2187,CUST-24754,App
UK-2026-101383,2026-02-19,East,Guwahati,Cotton Bedsheet Set,Home & Kitchen,1,1409,1409,CUST-46088,App
UK-2026-101262,2026-02-17,West,Surat,Gym Gloves,Sports,1,483,483,CUST-89252,Website
UK-2026-101251,2026-02-21,East,Bhubaneswar,Mirrorless Camera Lite,Electronics,1,30133,30133,CUST-40349,Marketplace
UK-2026-103194,2026-05-12,West,Pune,Adjustable Dumbbells 15kg,Sports,2,4943,9886,CUST-11276,App
UK-2026-100571,2026-01-28,West,Mumbai,Sunscreen SPF50,Beauty,1,555,555,CUST-51567,App
UK-2026-104697,2026-06-28,Central,Bhopal,Ethnic Dupatta,Fashion,1,501,,CUST-35365,App
UK-2026-104250,2026-06-16,South,Kochi,Modern Wall Clock,Home & Kitchen,1,813,813,CUST-56382,App
UK-2026-104017,2026-05-09,Central,Indore,Cotton Bedsheet Set,Home & Kitchen,2,1396,2792,CUST-19037,App
UK-2026-104046,2026-06-17,South,Chennai,Denim Jacket,Fashion,1,2251,2251,CUST-16167,Website
UK-2026-100801,2026-02-11,South,Chennai,Cotton Bedsheet Set,Home & Kitchen,3,1397,4191,CUST-78504,App
UK-2026-103197,2026-05-29,North,Noida,Ultrabook Air 14,Electronics,2,31399,62798,CUST-62587,Website
UK-2026-102500,2026-04-25,East,Patna,Silk Saree,Fashion,1,3667,3667,CUST-49017,Website
UK-2026-101736,2026-03-30,North,Chandigarh,Slim Fit Jeans,Fashion,1,1530,1530,CUST-80639,Website
UK-2026-103588,2026-05-10,East,Bhubaneswar,Power Bank 20000mAh,Electronics,2,1727,3454,CUST-79981,Website
UK-2026-102503,2026-04-26,South,Chennai,Leather Wallet,Fashion,1,872,872,CUST-96894,Website
UK-2026-100923,2026-02-01,South,Chennai,Ultrabook Air 14,Electronics,2,31249,62498,CUST-52363,Marketplace
UK-2026-103335,2026-05-28,North,Noida,Non-Stick Cookware Set,Home & Kitchen,1,2913,2913,CUST-74683,App
UK-2026-100160,2026-01-28,South,Kochi,Ethnic Dupatta,Fashion,1,477,477,CUST-66609,Website
UK-2026-100590,2026-01-31,South,Kochi,Cotton Bedsheet Set,Home & Kitchen,1,1388,1388,CUST-49066,App
UK-2026-104255,2026-06-08,North,Delhi,Yoga Mat Pro,Sports,1,1253,1253,CUST-45357,Website
UK-2026-104988,2026-06-07,South,Bengaluru,Electric Kettle 1.5L,Home & Kitchen,2,1105,2210,CUST-47687,App
UK-2026-102131,2026-03-12,North,Noida,Slim Fit Jeans,Fashion,1,1607,1607,CUST-58665,Website
UK-2026-101570,2026-03-22,North,Delhi,Non-Stick Cookware Set,Home & Kitchen,1,2790,2790,CUST-80465,Website
UK-2026-100488,2026-01-24,North,Chandigarh,Robot Vacuum R7,Home & Kitchen,1,18712,18712,CUST-23987,App
UK-2026-100969,2026-02-10,Central,Indore,Dinner Set 24pc,Home & Kitchen,1,2530,2530,CUST-65784,App
UK-2026-104985,2026-06-26,North,Noida,Mirrorless Camera Lite,Electronics,1,27917,27917,CUST-11212,App
UK-2026-103831,2026-05-24,West,Mumbai,43-inch Smart TV,Electronics,1,27123,27123,CUST-97692,Website
UK-2026-102802,2026-04-23,West,Ahmedabad,Cricket Bat English Willow,Sports,2,8983,17966,CUST-35758,Marketplace
UK-2026-103321,2026-05-06,West,Mumbai,Leather Wallet,Fashion,1,871,871,CUST-14642,App
UK-2026-101923,2026-03-08,South,Hyderabad,Running Sneakers,Fashion,1,2812,2812,CUST-50677,Marketplace
UK-2026-100019,2026-01-11,South,Chennai,Mixer Grinder 750W,Home & Kitchen,0,3349,3349,CUST-76396,Marketplace
UK-2026-101785,2026-03-16,North,Noida,Adjustable Dumbbells 15kg,Sports,1,5138,5138,CUST-64930,Website
UK-2026-103858,2026-05-26,North,Delhi,Modern Wall Clock,Home & Kitchen,1,765,765,CUST-35411,App
UK-2026-102209,2026-03-12,East,Guwahati,Non-Stick Cookware Set,Home & Kitchen,2,2905,5810,CUST-41268,Marketplace
UK-2026-104763,2026-06-20,North,Gurugram,Smart Watch X2,Electronics,1,4450,4450,CUST-50326,App
UK-2026-101549,2026-03-11,Central,Bhopal,Leather Wallet,Fashion,1,934,,CUST-86106,App
UK-2026-101219,2026-02-19,South,Bengaluru,Formal Shirt   ,Fashion,1,1098,1098,CUST-52015,App
UK-2026-103202,2026-05-07,North,Delhi,Denim Jacket,Fashion,1,2267,2267,CUST-97692,App
UK-2026-104802,2026-06-14,West,Surat,Dinner Set 24pc,Home & Kitchen,1,2594,2594,CUST-35758,App
UK-2026-101139,2026-02-28,East,Bhubaneswar,Mirrorless Camera Lite,Electronics,1,29471,29471,CUST-65589,Marketplace
UK-2026-104756,2026-06-13,Central,Bhopal,Power Bank 20000mAh,Electronics,1,1769,1769,CUST-20919,Website
UK-2026-103184,2026-05-25,Central,Bhopal,Leather Wallet,Fashion,1,921,921,CUST-95794,Marketplace
UK-2026-103994,2026-05-24,South,Madras,Wireless Earbuds Pro,Electronics,1,3052,3052,CUST-36421,App
UK-2026-101444,2026-02-12,West,Pune,Cotton Bedsheet Set,Home & Kitchen,2,1445,2890,CUST-41883,Website
UK-2026-102054,2026-03-08,South,Kochi,Beard Grooming Kit,Beauty,1,975,975,CUST-10523,Marketplace
UK-2026-101359,2026-02-12,South,Chennai,Ethnic Dupatta,Fashion,2,494,988,CUST-54962,Website
UK-2026-100996,18/02/2026,East,Patna,Beard Grooming Kit,Beauty,1,951,951,CUST-46142,App
UK-2026-101700,2026-03-02,East,Patna,Air Fryer 5L,Home & Kitchen,2,5736,11472,CUST-28132,Marketplace
UK-2026-101149,2026-02-18,West,Ahmedabad,Ultrabook Air 14,Electronics,1,28997,28997,CUST-17503,App
UK-2026-102894,2026-04-07,Central,Bhopal,Ultrabook Air 14,Electronics,2,30875,61750,CUST-51480,Website
UK-2026-104977,2026-06-29,Central,Nagpur,Noise-Cancelling Headphones,Electronics,1,8895,8895,CUST-25462,App
UK-2026-102914,2026-04-08,West,Ahmedabad,Noise-Cancelling Headphones,Electronics,1,9242,"₹9,242",CUST-16143,Marketplace
UK-2026-104842,2026-06-20,East,Kolkata,Non-Stick Cookware Set,Home & Kitchen,1,2871,2871,CUST-18590,App
UK-2026-101878,2026-03-19,Central,Nagpur,Matte Lipstick Set,Beauty,1,860,860,CUST-79230,App
UK-2026-101703,2026-03-09,South,BLR,Vitamin C Serum,Beauty,1,689,689,CUST-22960,App
UK-2026-101497,2026-03-20,Central,Raipur,Formal Shirt,Fashion,2,1112,2224,CUST-72906,App
UK-2026-104675,2026-06-27,West,Ahmedabad,Electric Kettle 1.5L,Home & Kitchen,1,1051,1051,CUST-58770,Website
UK-2026-101919,2026-03-25,South,Bengaluru,Smart Watch X2,Electronics,1,4299,4299,CUST-86974,App
UK-2026-101298,2026-02-09,Central,Indore,Running Sneakers,Fashion,1,2834,2834,CUST-80819,App
UK-2026-101435,2026-02-21,South,Kochi,Makeup Brush Set,Beauty,2,1250,2500,CUST-97828,Website
UK-2026-101859,2026-03-14,West,Surat,Noise-Cancelling Headphones,Electronics,2,9081,18162,CUST-20097,App
UK-2026-102397,2026-04-18,South,Hyderabad,Running Sneakers,Fashion,1,2902,2902,CUST-99376,App
UK-2026-102451,2026-04-03,North,Chandigarh,Bluetooth Speaker Mini,Electronics,3,1433,4299,CUST-74545,Marketplace
UK-2026-104628,2026-06-27,,Guwahati,Electric Kettle 1.5L,Home & Kitchen,1,1061,1061,CUST-32585,Website
UK-2026-102314,2026-04-07,East,Guwahati,Ethnic Dupatta,Fashion,1,504,504,CUST-75973,App
UK-2026-101754,2026-03-07,North,Noida,Robot Vacuum R7,Home & Kitchen,1,19409,19409,CUST-64248,Website
UK-2026-100666,2026-01-01,West,Surat,Power Bank 20000mAh,Electronics,1,1766,1766,CUST-16375,Marketplace
UK-2026-101017,2026-02-20,West,Surat,Cycling Helmet,Sports,3,1673,5019,CUST-49799,App
UK-2026-104542,2026-06-02,Central,Nagpur,Football Size 5,Sports,1,915,915,CUST-14195,Website
UK-2026-102576,2026-04-25,North,Chandigarh,Ultrabook Air 14,Electronics,1,30424,30424,CUST-67551,App
UK-2026-103451,2026-05-12,South,Cochin,Running Sneakers,Fashion,4,2915,11660,CUST-30924,Website
UK-2026-103563,2026-05-27,North,Noida,Dinner Set 24pc,Home & Kitchen,1,2437,2437,CUST-84493,App
UK-2026-100119,2026-01-21,Central,Raipur,Smart Watch X2,Electronics,2,4572,9144,CUST-35839,App
UK-2026-101303,2026-02-10,East,Kolkata,Modern Wall Clock,Home & Kitchen,1,777,777,CUST-93806,Website
UK-2026-104554,2026-06-08,West,Ahmedabad,Football Size 5,Sports,0,868,868,CUST-64725,Website
UK-2026-103936,2026-05-08,South,Bengaluru,Ultrabook Air 14,Electronics,1,29114,29114,CUST-54755,App
UK-2026-102896,2026-04-03,North,Chandigarh,Cotton Bedsheet Set,Home & Kitchen,1,1465,1465,CUST-99024,Website
UK-2026-102685,2026-04-01,South,Chennai,Formal Shirt,Fashion,1,1056,1056,CUST-87873,Website
UK-2026-101638,2026-03-29,West,Pune,Silk Saree,Fashion,1,3357,3357,CUST-65589,Website
UK-2026-100144,2026-01-20,Central,Bhopal,Modern Wall Clock,Home & Kitchen,1,826,826,CUST-88452,App
UK-2026-100680,2026-01-22,South,Hyderabad,Air Fryer 5L,Home & Kitchen,1,5457,5457,CUST-71993,Website
UK-2026-100285,2026-01-17,South,Chennai,Power Bank 20000mAh,Electronics,1,1777,1777,CUST-58505,Marketplace
UK-2026-104417,2026-06-21,East,Guwahati,Matte Lipstick Set,Beauty,3,928,2784,CUST-81481,Website
UK-2026-104817,2026-06-13,South,Chennai,Running Sneakers,Fashion,1,2934,2934,CUST-24144,Website
UK-2026-101072,2026-02-16,Central,Indore,Silk Saree,Fashion,1,3458,3458,CUST-82054,Marketplace
UK-2026-100419,2026-01-16,West,Surat,Cotton Kurta Set,Fashion,2,1341,2682,CUST-36148,Website
UK-2026-103644,2026-05-23,North,Chandigarh,Noise-Cancelling Headphones,Electronics,1,8716,8716,CUST-12486,App
UK-2026-102521,2026-04-24,North,Gurugram,Slim Fit Jeans,Fashion,1,1551,1551,CUST-11930,App
UK-2026-103038,2026-04-04,West,Surat,Bluetooth Speaker Mini,Electronics,2,1447,2894,CUST-12037,Website
UK-2026-100102,2026-01-11,North,Noida,Face Wash Combo,Beauty,1,471,471,CUST-82168,App
UK-2026-101382,2026-02-27,East,Patna,Air Fryer 5L,Home & Kitchen,1,5644,5644,CUST-98908,App
UK-2026-101396,2026-02-05,West,Ahmedabad,Non-Stick Cookware Set,Home & Kitchen,1,2779,2779,CUST-56789,Website
UK-2026-102982,2026-04-10,East,Patna,Dinner Set 24pc,Home & Kitchen,1,2539,2539,CUST-88194,App
UK-2026-103365,2026-05-12,Central,Raipur,Denim Jacket,Fashion,1,2151,2151,CUST-64460,Website
UK-2026-100094,2026-01-27,East,Guwahati,Non-Stick Cookware Set,Home & Kitchen,4,2772,11088,CUST-18699,App
UK-2026-101719,2026-03-31,Central,Indore,Leather Wallet,Fashion,1,886,886,CUST-32832,Website
UK-2026-101918,2026-03-29,North,Chandigarh,Cotton Bedsheet Set,Home & Kitchen,1,1417,1417,CUST-40872,Website
UK-2026-101411,2026-02-17,West,Surat,Matte Lipstick Set,Beauty,1,891,891,CUST-66640,App
UK-2026-100770,2026-02-13,Central,Nagpur,Wireless Earbuds Pro,Electronics,1,3030,3030,CUST-63366,App
UK-2026-102137,2026-03-26,East,Patna,Formal Shirt,Fashion,2,1082,,CUST-82895,App
UK-2026-104879,2026-06-01,South,Chennai,Yoga Mat Pro,Sports,1,1223,1223,CUST-64460,App
UK-2026-103788,2026-05-09,West,Pune,Wireless Earbuds Pro,Electronics,1,2966,2966,CUST-70674,App
UK-2026-100875,2026-02-06,West,Pune,Vitamin C Serum,Beauty,2,673,1346,CUST-55726,App
UK-2026-103812,2026-05-12,East,Guwahati,Electric Kettle 1.5L,Home & Kitchen,1,1081,1081,CUST-58662,App
UK-2026-104105,2026-06-30,North,New Delhi,Cotton Bedsheet Set,Home & Kitchen,2,1372,2744,CUST-41396,Website
UK-2026-102158,2026-03-05,South,Kochi,Cotton Bedsheet Set,Home & Kitchen,1,1412,1412,CUST-14229,Website
UK-2026-103640,2026-05-08,West,Ahmedabad,43-inch Smart TV,Electronics,1,26000,26000,CUST-45384,Website
UK-2026-104518,2026-06-06,East,Bhubaneswar,Mirrorless Camera Lite,Electronics,1,28620,28620,CUST-97828,Website
UK-2026-102165,2026-03-23,West,Mumbai,Foldable Treadmill T2,Sports,1,24980,24980,CUST-49066,Marketplace
UK-2026-102247,2026-04-25,West,Ahmedabad,Wireless Earbuds Pro,Electronics,3,3072,9216,CUST-95693,Website
UK-2026-103522,2026-05-13,South,Kochi,Smart Watch X2,Electronics,1,4708,4708,CUST-52982,Website
UK-2026-100118,2026-01-17,North,Noida,Denim Jacket,Fashion,1,2215,2215,CUST-20182,Website
UK-2026-102827,2026-04-10,North,Delhi,43-inch Smart TV,Electronics,2,27141,54282,CUST-25530,App
UK-2026-104326,2026-06-02,Central,Raipur,Silk Saree,Fashion,1,3593,3593,CUST-19431,App
UK-2026-104265,2026-06-14,West,Ahmedabad,Sunscreen SPF50,Beauty,1,560,560,CUST-33933,Marketplace
UK-2026-103418,2026-05-05,South,Hyderabad,Beard Grooming Kit,Beauty,1,950,950,CUST-16167,Website
UK-2026-101568,2026-03-25,South,Kochi,Badminton Racket Set,Sports,1,2594,2594,CUST-11212,App
UK-2026-102217,2026-03-16,North,Delhi,Matte Lipstick Set,Beauty,1,858,858,CUST-82539,App
UK-2026-103538,2026-05-15,East,Bhubaneswar,Cotton Kurta Set,Fashion,-2,1266,2532,CUST-56298,Website
UK-2026-104064,2026-06-01,West,Pune,Gym Gloves,Sports,4,502,2008,CUST-18189,Marketplace
UK-2026-101982,2026-03-19,East,Bhubaneswar,Ethnic Dupatta,Fashion,3,478,1434,CUST-81804,App
UK-2026-102977,2026-04-26,Central,Indore,Smart Watch X2,Electronics,1,4525,4525,CUST-20097,App
UK-2026-104328,2026-06-24,South,Bengaluru,Ethnic Dupatta,Fashion,1,495,495,CUST-47727,Marketplace
UK-2026-103837,2026-05-28,West,Ahmedabad,Cycling Helmet,Sports,4,1634,6536,CUST-23360,Website
UK-2026-101892,2026-03-09,East,Kolkata,Eau de Parfum 100ml,Beauty,1,2072,2072,CUST-68709,Website
UK-2026-104797,2026-06-24,South,Hyderabad,Noise-Cancelling Headphones,Electronics,1,9404,9404,CUST-20787,App
UK-2026-100414,2026-01-28,North,Chandigarh,Matte Lipstick Set,Beauty,1,856,856,CUST-37066,Website
UK-2026-103676,2026-05-01,East,Guwahati,Cycling Helmet,Sports,1,1671,1671,CUST-19875,App
UK-2026-101099,2026-02-27,North,Gurgaon,Mixer Grinder 750W,Home & Kitchen,2,3239,6478,CUST-34149,Website
UK-2026-104159,"Jun 7, 2026",North,Gurugram,Non-Stick Cookware Set,Home & Kitchen,1,2872,2872,CUST-71305,Website
UK-2026-103620,2026-05-29,West,Surat,Mixer Grinder 750W,Home & Kitchen,1,3194,,CUST-74683,Marketplace
UK-2026-102902,2026-04-20,South,Chennai,Robot Vacuum R7,Home & Kitchen,1,19647,19647,CUST-49605,Website
UK-2026-104249,2026-06-05,East,Patna,Power Bank 20000mAh,Electronics,1,1851,1851,CUST-23977,Marketplace
UK-2026-104446,2026-06-11,West,Mumbai,Ionic Hair Dryer,Beauty,3,1825,5475,CUST-99802,Website
UK-2026-100870,2026-02-06,North,Gurugram,Formal Shirt,Fashion,2,1141,2282,CUST-98797,Website
UK-2026-101522,2026-03-16,North,Delhi,Ethnic Dupatta,Fashion,1,493,493,CUST-13326,App
UK-2026-103288,2026-05-11,South,Hyderabad,Electric Kettle 1.5L,Home & Kitchen,1,1103,1103,CUST-17089,Website
UK-2026-101762,2026-03-06,West,Surat,Mixer Grinder 750W,Home & Kitchen,1,3372,3372,CUST-33324,Website
UK-2026-104646,2026-06-19,Central,Indore,Formal Shirt,Fashion,,1128,1128,CUST-50852,App
UK-2026-100907,2026-02-23,North,Noida,Dinner Set 24pc,Home & Kitchen,1,2420,2420,CUST-24180,Marketplace
UK-2026-104731,2026-06-12,North,Delhi,Ionic Hair Dryer,Beauty,1,1891,1891,CUST-43459,App
UK-2026-102658,2026-04-17,North,Delhi,Football Size 5,Sports,1,927,927,CUST-83419,App
UK-2026-103360,2026-05-24,West,Mumbai,Ionic Hair Dryer,Beauty,1,1862,1862,CUST-33424,App
UK-2026-103505,2026-05-07,East,Bhubaneswar,Wireless Earbuds Pro,Electronics,1,2885,2885,CUST-36582,Website
UK-2026-102063,2026-03-29,North,Noida,Power Bank 20000mAh,Electronics,1,1846,1846,CUST-77004,Website
UK-2026-101457,2026-03-07,West,Mumbai,Sunscreen SPF50,Beauty,1,551,551,CUST-94195,App
UK-2026-100786,2026-02-03,West,Pune,Eau de Parfum 100ml,Beauty,1,2047,2047,CUST-49262,App
UK-2026-102598,2026-04-20,West,Ahmedabad,Running Sneakers,Fashion,1,2886,2886,CUST-61842,App
UK-2026-102797,2026-04-03,South,Bengaluru,Silk Saree,Fashion,1,3606,3606,CUST-81308,Marketplace
UK-2026-101779,2026-03-15,North,Chandigarh,Noise-Cancelling Headphones,Electronics,2,8570,17140,CUST-67608,Marketplace
UK-2026-104891,2026-06-20,West,Ahmedabad,Ultrabook Air 14,Electronics,1,30411,30411 INR,CUST-28678,App
UK-2026-104283,2026-06-09,North,Delhi,Adjustable Dumbbells 15kg,Sports,2,4894,9788,CUST-16797,App
UK-2026-100993,2026-02-14,West,Ahmedabad,Formal Shirt,Fashion,1,1086,1086,CUST-16143,App
UK-2026-102098,2026-03-06,North,Noida,Badminton Racket Set,Sports,1,2548,2548,CUST-44671,App
UK-2026-100553,2026-01-25,East,Bhubaneswar,Running Sneakers,Fashion,1,2807,2807,CUST-45684,Website
UK-2026-102822,2026-04-20,East,Kolkata,Dinner Set 24pc,Home & Kitchen,2,2562,5124,CUST-40833,App
UK-2026-101795,2026-03-22,South,Kochi,Modern Wall Clock,Home & Kitchen,1,785,785,CUST-70988,App
UK-2026-101293,2026-02-15,Central,Bhopal,Smart Watch X2,Electronics,1,4393,4393,CUST-28841,App
UK-2026-103574,2026-05-13,North,Delhi,Badminton Racket Set,Sports,1,2572,2572,CUST-78003,App
UK-2026-100468,14-01-26,South,Hyderabad,Cotton Kurta Set,Fashion,1,1244,1244,CUST-85629,Website
UK-2026-104496,2026-06-10,West,Surat,Formal Shirt,Fashion,1,1120,1120,CUST-67608,Marketplace
UK-2026-101445,2026-02-27,Central,Indore,Leather Wallet,Fashion,,926,926,CUST-24473,App
UK-2026-100105,2026-01-21,South,Kochi,Cotton Bedsheet Set,Home & Kitchen,2,1452,2904,CUST-65543,Website
UK-2026-104634,2026-06-05,West,Ahmedabad,Cycling Helmet,Sports,1,1588,1588,CUST-96756,App
UK-2026-101443,2026-02-25,Central,Bhopal,Air Fryer 5L,Home & Kitchen,1,5718,5718,CUST-69997,Website
UK-2026-102828,2026-04-24,South,Hyderabad,Silk Saree,Fashion,1,3363,3363,CUST-71965,Website
UK-2026-104538,2026-06-23,North,Chandigarh,Smart Watch X2,Electronics,1,4366,4366,CUST-12860,App
UK-2026-101552,2026-03-04,South,Hyderabad,Sunscreen SPF50,Beauty,1,524,524,CUST-28374,App
UK-2026-102567,2026-04-25,Central,Indore,Football Size 5,Sports,4,893,3572,CUST-97062,Website
UK-2026-101589,2026-03-12,East,Kolkata,Silk Saree,Fashion,1,3436,3436,CUST-67608,App
UK-2026-101715,2026-03-19,West,Ahmedabad,Noise-Cancelling Headphones,Electronics,2,8839,17678,CUST-54259,Website
UK-2026-100873,2026-02-13,Central,Bhopal,Cricket Bat English Willow,Sports,2,9301,18602,CUST-72698,App
UK-2026-102952,2026-04-18,South,Cochin,Running Sneakers,Fashion,1,2760,2760,CUST-79412,Marketplace
UK-2026-104801,2026-06-10,South,Hyderabad,Mirrorless Camera Lite,Electronics,1,29337,29337,CUST-72275,Marketplace
UK-2026-102241,2026-04-03,West,Mumbai,Matte Lipstick Set,Beauty,3,913,2739,CUST-66536,App
UK-2026-103126,2026-05-30,West,Mumbai,Wireless Earbuds Pro,Electronics,1,2977,2977,CUST-97828,Marketplace
UK-2026-101055,2026-02-03,North,Delhi,Eau de Parfum 100ml,Beauty,1,2060,2060,CUST-62454,App
UK-2026-103456,2026-05-29,West,Surat,Yoga Mat Pro,Sports,4,1242,4968,CUST-74193,Marketplace
UK-2026-100863,2026-02-09,West,Mumbai,Ethnic Dupatta,Fashion,1,497,497,CUST-48558,App
UK-2026-104325,2026-06-12,Central,Raipur,Adjustable Dumbbells 15kg,Sports,2,5065,10130,CUST-18624,Website
UK-2026-100260,2026-01-08,South,Chennai,Adjustable Dumbbells 15kg,Sports,1,5034,5034,CUST-34766,Website
UK-2026-103579,2026-05-17,East,Guwahati,  Wireless Earbuds Pro,Electronics,1,2862,2862,CUST-94296,Marketplace
UK-2026-103398,2026-05-05,South,Bengaluru,Leather Wallet,Fashion,1,894,894,CUST-66538,Website
UK-2026-102947,2026-04-06,North,Chandigarh,Noise-Cancelling Headphones,Electronics,2,8938,17876,CUST-77185,Marketplace
UK-2026-104735,2026-06-26,East,Guwahati,Robot Vacuum R7,Home & Kitchen,1,19156,19156,CUST-18006,Marketplace
UK-2026-104205,2026-06-04,South,Kochi,Power Bank 20000mAh,Electronics,1,1878,1878,CUST-55976,App
UK-2026-103227,2026-05-31,North,Delhi,Air Fryer 5L,Home & Kitchen,1,5356,5356,CUST-87194,Marketplace
UK-2026-101691,2026-03-10,South,Madras,Electric Kettle 1.5L,Home & Kitchen,2,1047,2094,CUST-64594,Website
UK-2026-103717,2026-05-24,South,Bengaluru,Dinner Set 24pc,Home & Kitchen,1,2418,2418 INR,CUST-65127,App
UK-2026-101024,2026-02-02,South,Bengaluru,43-inch Smart TV,Electronics,1,25341,25341,CUST-48974,Marketplace
UK-2026-101094,2026-02-24,North,Gurugram,Denim Jacket,Fashion,3,2092,6276,CUST-31783,Marketplace
UK-2026-103824,2026-05-28,North,GGN,Noise-Cancelling Headphones,Electronics,1,8925,8925,CUST-42881,Website
UK-2026-104658,2026-06-24,Central,Nagpur,Dinner Set 24pc,Home & Kitchen,2,2482,"₹4,964",CUST-56964,App
UK-2026-102520,2026-04-18,Central,Indore,Running Sneakers,Fashion,1,2877,2877,CUST-84025,App
UK-2026-100948,2026-02-24,North,Gurugram,Air Fryer 5L,Home & Kitchen,1,5260,5260,CUST-26686,App
UK-2026-101248,2026-02-17,East,Bhubaneswar,Power Bank 20000mAh,Electronics,3,1712,5136,CUST-61290,Marketplace
UK-2026-100615,2026-01-13,Central,Nagpur,Beard Grooming Kit,Beauty,1,1037,1037,CUST-66038,Website
UK-2026-104888,2026-06-19,East,Kolkata,Smart Watch X2,Electronics,1,4511,4511,CUST-72547,App
UK-2026-101582,2026-03-31,West,Pune,Foldable Treadmill T2,Sports,2,23890,47780,CUST-39493,Website
UK-2026-104506,2026-06-22,Central,Raipur,Foldable Treadmill T2,Sports,1,23961,23961,CUST-11728,Marketplace
UK-2026-102485,2026-04-18,North,Chandigarh,Foldable Treadmill T2,Sports,1,24864,24864,CUST-93533,App
UK-2026-102312,2026-04-24,North,Noida,Ultrabook Air 14,Electronics,2,30749,61498,CUST-49265,Marketplace
UK-2026-100956,2026-02-15,West,Mumbai,Power Bank 20000mAh,Electronics,2,1749,3498,CUST-75543,Website
UK-2026-102690,2026-04-24,South,Hyderabad,Cotton Kurta Set,Fashion,1,1254,1254,CUST-69893,Website
UK-2026-102725,2026-04-17,,Chennai,Wireless Earbuds Pro,Electronics,2,3097,6194,CUST-81057,App
UK-2026-102316,2026-04-12,South,Madras,Denim Jacket,Fashion,1,2213,2213,CUST-75302,Website
UK-2026-104248,2026-06-17,North,Gurugram,Beard Grooming Kit,Beauty,3,1031,3093,CUST-49066,Website
UK-2026-102057,2026-03-21,West,Pune,Cricket Bat English Willow,Sports,1,9345,9345,CUST-19430,App
UK-2026-100563,2026-01-17,South,Kochi,43-inch Smart TV,Electronics,1,26933,26933,CUST-25471,Website
UK-2026-104708,2026-06-25,South,Kochi,Foldable Treadmill T2,Sports,1,24304,24304,CUST-81392,App
UK-2026-104848,2026-06-02,North,Delhi,Mirrorless Camera Lite,Electronics,1,30274,30274,CUST-96274,Website
UK-2026-100707,2026-01-23,North,Delhi,Smart Watch X2,Electronics,1,4471,4471,CUST-82324,Website
UK-2026-102870,2026-04-27,South,Hyderabad,Noise-Cancelling Headphones,Electronics,1,9222,9222,CUST-38139,Marketplace
UK-2026-102393,2026-04-19,North,Delhi,43-inch Smart TV,Electronics,-2,25852,25852,CUST-22767,App
UK-2026-101567,2026-03-17,South,Kochi,Ultrabook Air 14,Electronics,1,30241,30241,CUST-65543,App
UK-2026-100845,2026-02-12,East,Patna,Vitamin C Serum,Beauty,3,705,2115,CUST-40664,App
UK-2026-102310,2026-04-27,South,Chennai,Mirrorless Camera Lite,Electronics,1,30446,30446,CUST-49318,App
UK-2026-104901,2026-06-15,East,Kolkata,Air Fryer 5L,Home & Kitchen,1,5255,5255,CUST-25462,Website
UK-2026-101304,2026-02-25,West,Mumbai,Makeup Brush Set,Beauty,1,1344,1344,CUST-71124,App
UK-2026-102717,2026-04-11,South,Kochi,Slim Fit Jeans,Fashion,1,1659,1659,CUST-90415,Marketplace
UK-2026-104919,2026-06-01,East,Guwahati,Air Fryer 5L,Home & Kitchen,1,5604,5604,CUST-14750,Website
UK-2026-101699,2026-03-20,Central,Bhopal,Adjustable Dumbbells 15kg,Sports,1,4931,4931,CUST-73975,App
UK-2026-100772,2026-02-15,North,Noida,Noise-Cancelling Headphones,Electronics,1,9052,9052,CUST-64948,App
UK-2026-101906,2026-03-08,North,Delhi,Smart Watch X2,Electronics,2,4347,8694,CUST-43361,Website
UK-2026-100038,2026-01-07,North,Gurugram,Smart Watch X2,Electronics,1,4710,4710,CUST-28091,Website
UK-2026-102531,2026-04-09,North,Chandigarh,Face Wash Combo,Beauty,1,437,437,CUST-75874,Marketplace
UK-2026-104037,2026-06-26,South,Hyderabad,Ionic Hair Dryer,Beauty,1,1939,1939,CUST-12410,Marketplace
UK-2026-104709,2026-06-17,South,Hyderabad,Matte Lipstick Set,Beauty,2,942,1884,CUST-43484,Website
UK-2026-101764,2026-03-26,North,Noida,Power Bank 20000mAh,Electronics,-2,1768,1768,CUST-42504,App
UK-2026-104593,2026-06-16,North,Delhi,Mixer Grinder 750W,Home & Kitchen,2,3298,6596,CUST-57253,Website
UK-2026-103474,2026-05-24,South,Chennai,Running Sneakers,Fashion,1,2933,2933,CUST-33496,App
UK-2026-103872,2026-05-05,West,Pune,Face Wash Combo,Beauty,4,470,1880,CUST-84335,Marketplace
UK-2026-103465,2026-05-25,Central,Raipur,Non-Stick Cookware Set,Home & Kitchen,1,2904,2904,CUST-87173,Marketplace
UK-2026-100499,2026-01-24,East,Kolkata,Adjustable Dumbbells 15kg,Sports,1,4933,4933,CUST-99655,Website
UK-2026-101829,2026-03-09,South,Madras,Cotton Kurta Set,Fashion,2,1316,2632,CUST-95287,App
UK-2026-103017,2026-04-19,East,Patna,Non-Stick Cookware Set,Home & Kitchen,2,3038,6076,CUST-56923,Marketplace
UK-2026-102727,2026-04-23,West,Ahmedabad,Mixer Grinder 750W,Home & Kitchen,1,3262,3262,CUST-16022,Website
UK-2026-103645,2026-05-05,South,Kochi,Mixer Grinder 750W,Home & Kitchen,1,3153,3153,CUST-36849,Website
UK-2026-104869,2026-06-17,,Guwahati,Leather Wallet,Fashion,1,877,877,CUST-39021,App
UK-2026-102418,2026-04-22,North,Chandigarh,Modern Wall Clock,Home & Kitchen,2,776,1552,CUST-16313,Website
UK-2026-101217,2026-02-02,West,Ahmedabad,Mixer Grinder 750W,Home & Kitchen,,3374,3374,CUST-45342,App
UK-2026-102816,2026-04-21,North,Noida,Robot Vacuum R7,Home & Kitchen,1,18895,18895,CUST-71468,App
UK-2026-101441,2026-02-22,,Raipur,Robot Vacuum R7,Home & Kitchen,1,19839,19839,CUST-69464,App
UK-2026-103241,2026-05-21,South,Hyderabad,Silk Saree,Fashion,3,3365,10095,CUST-81072,App
UK-2026-104031,2026-06-24,North,Gurugram,Wireless Earbuds Pro,Electronics,2,2998,5996,CUST-18625,Website
UK-2026-104728,2026-06-30,West,Ahmedabad,Modern Wall Clock,Home & Kitchen,1,789,789,CUST-90391,Website
UK-2026-100789,2026-02-15,South,Kochi,Wireless Earbuds Pro,Electronics,1,2948,2948,CUST-73649,Marketplace
UK-2026-104106,2026-06-12,Central,Raipur,Dinner Set 24pc,Home & Kitchen,1,2394,2394,CUST-54685,Marketplace
UK-2026-101535,2026-03-06,East,Kolkata,Matte Lipstick Set,Beauty,2,874,1748,CUST-91240,App
UK-2026-104408,2026-06-27,West,Mumbai,Leather Wallet,Fashion,2,904,1808,CUST-94892,Website
UK-2026-103460,2026-05-15,West,Mumbai,Running Sneakers,Fashion,1,2683,2683,CUST-30082,Website
UK-2026-100226,2026-01-30,South,Hyderabad,Smart Watch X2,Electronics,1,4297,"₹4,297",CUST-66683,App
UK-2026-102442,2026-04-03,East,Calcutta,Gym Gloves,Sports,1,480,480,CUST-22446,Website
UK-2026-101226,09/02/2026,East,Patna,Face Wash Combo,Beauty,1,469,469,CUST-64192,Website
UK-2026-102081,2026-03-02,North,Delhi,Silk Saree,Fashion,1,3388,3388,CUST-89638,Marketplace
UK-2026-103773,2026-05-15,North,Noida,Cotton Kurta Set,Fashion,1,1360,1360,CUST-73248,App
UK-2026-100826,2026-02-15,West,Mumbai,Running Sneakers,Fashion,1,2777,2777,CUST-68549,App
UK-2026-104058,2026-06-19,West,Pune,Modern Wall Clock,Home & Kitchen,1,790,790,CUST-46142,App
UK-2026-102261,2026-04-24,North,Gurugram,Gym Gloves,Sports,1,486,486,CUST-75134,Website
UK-2026-102732,2026-04-11,West,Surat,Wireless Earbuds Pro,Electronics,1,2904,2904,CUST-58301,Website
UK-2026-104590,2026-06-03,North,Noida,Power Bank 20000mAh,Electronics,1,1848,1848,CUST-99363,App
UK-2026-102796,2026-04-29,South,Hyderabad,Matte Lipstick Set,Beauty,1,858,858,CUST-23987,App
UK-2026-101428,2026-02-23,North,Delhi,Electric Kettle 1.5L,Home & Kitchen,2,1134,2268,CUST-30288,Website
UK-2026-101486,2026-03-23,South,Kochi,Makeup Brush Set,Beauty,1,1348,1348,CUST-83872,App
UK-2026-103412,2026-05-21,South,Hyderabad,Cotton Kurta Set,Fashion,2,1354,2708,CUST-28059,App
UK-2026-104416,2026-06-08,East,Kolkata,Makeup Brush Set,Beauty,1,1339,1339,CUST-22101,Marketplace
UK-2026-102446,2026-04-23,East,Guwahati,Silk Saree,Fashion,1,3346,3346,CUST-61128,Marketplace
UK-2026-104194,2026-06-06,South,Chennai,Air Fryer 5L,Home & Kitchen,1,5227,5227,CUST-41883,Marketplace
UK-2026-102421,2026-04-21,Central,Raipur,Non-Stick Cookware Set,Home & Kitchen,1,2799,2799,CUST-18613,Marketplace
UK-2026-101246,2026-02-20,North,Chandigarh,Cotton Bedsheet Set,Home & Kitchen,1,1403,1403,CUST-80407,App
UK-2026-100573,2026-01-05,North,Gurugram,Denim Jacket,Fashion,1,2103,2103,CUST-61842,Website
UK-2026-101352,2026-02-12,Central,Raipur,Cotton Kurta Set,Fashion,1,1312,1312 INR,CUST-89119,Website
UK-2026-101425,2026-02-28,East,Patna,Running Sneakers,Fashion,1,2826,2826,CUST-32640,Website
UK-2026-100074,2026-01-20,South,Kochi,Ethnic Dupatta,Fashion,4,500,2000,CUST-35330,App
UK-2026-101195,2026-02-23,North,Chandigarh,  Mirrorless Camera Lite,Electronics,1,28292,28292,CUST-75874,App
UK-2026-100820,2026-02-02,South,Hyderabad,Eau de Parfum 100ml,Beauty,1,2037,2037,CUST-51689,Website
UK-2026-104928,2026-06-21,,Kolkata,Cycling Helmet,Sports,1,1592,1592,CUST-20155,Marketplace
UK-2026-101585,2026-03-12,East,Kolkata,Electric Kettle 1.5L,Home & Kitchen,1,1087,1087,CUST-77185,Website
UK-2026-104386,2026-06-05,East,Patna,Running Sneakers,Fashion,1,2785,2785,CUST-75134,App
UK-2026-103914,2026-05-03,West,Ahmedabad,Smart Watch X2,Electronics,1,4518,4518,CUST-58640,Marketplace
UK-2026-104723,2026-06-06,South,Bengaluru,Cotton Bedsheet Set,Home & Kitchen,1,1368,1368,CUST-78815,Marketplace
UK-2026-101787,2026-03-25,South,Bengaluru,Formal Shirt,Fashion,2,1125,2250,CUST-22960,App
UK-2026-102654,2026-04-27,North,Noida,Running Sneakers,Fashion,2,2819,5638,CUST-65412,App
UK-2026-102185,2026-03-20,South,Bengaluru,Dinner Set 24pc,Home & Kitchen,2,2432,4864,CUST-85783,App
UK-2026-103590,2026-05-19,North,Delhi,Adjustable Dumbbells 15kg,Sports,1,4877,4877,CUST-98610,Marketplace
UK-2026-103264,2026-05-06,North,Delhi,Matte Lipstick Set,Beauty,1,943,₹943,CUST-44191,Marketplace
UK-2026-101051,2026-02-03,South,Hyderabad,Mixer Grinder 750W,Home & Kitchen,1,3271,3271,CUST-91210,App
UK-2026-102427,2026-04-26,South,Kochi,Slim Fit Jeans,Fashion,1,1602,1602,CUST-57852,App
UK-2026-100995,2026-02-06,South,Chennai,Denim Jacket,Fashion,1,2090,2090,CUST-68620,Website
UK-2026-104585,2026-06-29,East,Calcutta,Non-Stick Cookware Set,Home & Kitchen,1,2848,2848,CUST-14252,App
UK-2026-100698,2026-01-23,East,Guwahati,Dinner Set 24pc,Home & Kitchen,1,2414,2414,CUST-28175,App
UK-2026-100446,2026-01-03,West,Mumbai,Non-Stick Cookware Set,Home & Kitchen,1,3018,3018,CUST-79205,App
UK-2026-102275,2026-04-01,West,Surat,Leather Wallet,Fashion,2,893,1786,CUST-52363,Website
UK-2026-103362,2026-05-31,East,Guwahati,Foldable Treadmill T2,Sports,1,24254,24254,CUST-37319,App
UK-2026-102321,2026-04-27,Central,Indore,Denim Jacket,Fashion,1,2169,2169,CUST-32977,App
UK-2026-101300,2026-02-16,North,Chandigarh,Cycling Helmet,Sports,1,1521,1521,CUST-97046,Website
UK-2026-101721,2026-03-19,South,Hyderabad,Air Fryer 5L,Home & Kitchen,1,5607,5607,CUST-10019,Website
UK-2026-100920,2026-02-28,West,Surat,Bluetooth Speaker Mini,Electronics,2,1520,3040,CUST-82422,Marketplace
UK-2026-104934,2026-06-05,South,Kochi,Smart Watch X2,Electronics,1,4673,4673,CUST-65833,Marketplace
UK-2026-103727,2026-05-07,North,Noida,Yoga Mat Pro,Sports,4,1173,4692,CUST-17496,Website
UK-2026-103786,2026-05-06,South,Chennai,43-inch Smart TV,Electronics,4,25731,102924,CUST-36333,Website
UK-2026-103239,2026-05-03,East,Patna,Mirrorless Camera Lite,Electronics,3,29262,87786,CUST-35868,Marketplace
UK-2026-104578,2026-06-27,South,Hyderabad,Mixer Grinder 750W,Home & Kitchen,1,3455,3455,CUST-45176,Website
UK-2026-101178,2026-02-27,South,Madras,Beard Grooming Kit,Beauty,2,1012,2024,CUST-79252,Website
UK-2026-102645,2026-04-16,North,Gurugram,43-inch Smart TV,Electronics,1,25630,25630,CUST-50824,Marketplace
UK-2026-103425,2026-05-18,East,Guwahati,Robot Vacuum R7,Home & Kitchen,2,19105,"38,210.00",CUST-61593,App
UK-2026-102010,2026-03-31,,Patna,Ultrabook Air 14,Electronics,1,31484,31484,CUST-61593,Marketplace
UK-2026-102981,2026-04-25,South,Hyderabad,Mixer Grinder 750W,Home & Kitchen,1,3319,3319,CUST-38045,Website
UK-2026-100817,2026-02-13,North,Chandigarh,Leather Wallet,Fashion,2,893,1786,CUST-98362,App
UK-2026-104774,2026-06-18,Central,Nagpur,Ethnic Dupatta,Fashion,1,520,520,CUST-18724,Website
UK-2026-100290,2026-01-31,East,Guwahati,Dinner Set 24pc,Home & Kitchen,3,2549,7647,CUST-37066,Website
UK-2026-101003,2026-02-03,East,Bhubaneswar,Sunscreen SPF50,Beauty,1,560,560,CUST-90024,App
UK-2026-104101,2026-06-19,North,Chandigarh,Noise-Cancelling Headphones,Electronics,,8871,8871,CUST-20119,Marketplace
UK-2026-100871,2026-02-03,Central,Bhopal,Smart Watch X2,Electronics,1,4503,4503,CUST-85573,Website
UK-2026-100981,2026-02-18,East,Bhubaneswar,Cotton Bedsheet Set,Home & Kitchen,1,1358,1358,CUST-82744,Website
UK-2026-104131,2026-06-25,North,Chandigarh,Running Sneakers,Fashion,1,2794,2794,CUST-44078,App
UK-2026-100627,2026-01-07,North,Noida,Badminton Racket Set,Sports,1,2609,2609,CUST-65589,App
UK-2026-104691,2026-06-26,South,Bengaluru,Denim Jacket,Fashion,1,2201,2201,CUST-94195,App
UK-2026-100528,2026-01-20,South,Hyderabad,Ultrabook Air 14,Electronics,2,31318,,CUST-72894,Website
UK-2026-100185,2026-01-10,North,Gurugram,Denim Jacket,Fashion,1,2132,2132,CUST-63009,App
UK-2026-103573,2026-05-17,South,Kochi,Mirrorless Camera Lite,Electronics,2,28187,56374,CUST-42100,Website
UK-2026-101933,2026-03-10,South,Chennai,Non-Stick Cookware Set,Home & Kitchen,1,2981,2981,CUST-91727,Website
UK-2026-100982,2026-02-23,South,Kochi,Leather Wallet,Fashion,1,888,888,CUST-73878,App
UK-2026-104949,2026-06-05,East,Kolkata,Bluetooth Speaker Mini,Electronics,1,1521,1521,CUST-67947,Marketplace
UK-2026-101751,2026-03-21,North,Noida,Eau de Parfum 100ml,Beauty,1,1967,1967,CUST-85725,Marketplace
UK-2026-104973,2026-06-01,West,Surat,Slim Fit Jeans,Fashion,1,1564,1564,CUST-89928,Website
UK-2026-100457,2026-01-24,West,Ahmedabad,Robot Vacuum R7,Home & Kitchen,1,19887,19887,CUST-99810,App
UK-2026-104762,2026-06-30,East,Patna,Modern Wall Clock,Home & Kitchen,1,783,783,CUST-40288,Marketplace
UK-2026-102447,2026-04-25,South,Chennai,Smart Watch X2,Electronics,1,4403,4403,CUST-60447,Marketplace
UK-2026-101475,2026-03-20,North,Gurugram,Wireless Earbuds Pro,Electronics,1,3067,3067,CUST-91334,Website
UK-2026-104162,2026-06-17,Central,Bhopal,Cotton Kurta Set,Fashion,1,1320,1320,CUST-20137,App
UK-2026-104643,2026-06-08,West,Mumbai,Mixer Grinder 750W,Home & Kitchen,2,3216,6432,CUST-34128,Marketplace
UK-2026-102302,2026-04-20,West,Surat,Leather Wallet,Fashion,1,873,873,CUST-40650,Website
UK-2026-100831,2026-02-07,South,Hyderabad,Slim Fit Jeans,Fashion,2,1553,3106,CUST-45102,Website
UK-2026-104497,2026-06-22,North,Chandigarh,Makeup Brush Set,Beauty,1,1275,1275,CUST-39960,App
UK-2026-104110,2026-06-29,South,Chennai,Power Bank 20000mAh,Electronics,1,1871,1871,CUST-44671,App
UK-2026-103162,2026-05-27,South,Hyderabad,43-inch Smart TV,Electronics,4,25806,103224,CUST-23696,App
UK-2026-102838,2026-04-02,East,Kolkata,Leather Wallet,Fashion,3,921,2763,CUST-38180,Marketplace
UK-2026-104508,2026-06-05,South,Kochi,Smart Watch X2,Electronics,2,4526,9052,CUST-27248,Marketplace
UK-2026-103695,22/05/2026,South,Chennai,Sunscreen SPF50,Beauty,1,561,561,CUST-52244,Website
UK-2026-103115,2026-05-05,East,Guwahati,Ethnic Dupatta,Fashion,1,500,500,CUST-17855,App
UK-2026-103259,2026-05-02,West,Ahmedabad,Cotton Bedsheet Set,Home & Kitchen,1,1365,1365,CUST-25060,App
UK-2026-100188,2026-01-27,North,Chandigarh,Football Size 5,Sports,2,862,1724,CUST-53535,App
UK-2026-100990,2026-02-20,East,Patna,Mirrorless Camera Lite,Electronics,1,28679,28679,CUST-85559,App
UK-2026-103179,2026-05-14,East,Bhubaneswar,Slim Fit Jeans,Fashion,4,1634,6536,CUST-51760,App
UK-2026-100564,2026-01-27,North,Noida,Adjustable Dumbbells 15kg,Sports,1,4872,4872,CUST-61854,App
UK-2026-104810,2026-06-09,Central,Bhopal,Slim Fit Jeans,Fashion,2,1624,3248,CUST-30387,App
UK-2026-103079,2026-04-07,South,Chennai,Air Fryer 5L,Home & Kitchen,2,5435,10870,CUST-94296,Website
UK-2026-102930,2026-04-20,North,Delhi,Adjustable Dumbbells 15kg,Sports,1,5138,5138,CUST-62994,Website
UK-2026-101334,2026-02-18,North,Gurugram,Dinner Set 24pc,Home & Kitchen,1,2535,2535,CUST-75973,App
UK-2026-102509,2026-04-18,West,Ahmedabad,Running Sneakers,Fashion,2,2811,5622,CUST-35558,Website
UK-2026-104755,2026-06-23,South,Hyderabad,Air Fryer 5L,Home & Kitchen,1,5564,5564,CUST-78068,App
UK-2026-102696,2026-04-02,Central,Nagpur,Adjustable Dumbbells 15kg,Sports,2,5012,10024,CUST-21104,Website
UK-2026-104845,2026-06-08,South,Kochi,43-inch Smart TV,Electronics,1,24957,24957,CUST-42100,Website
UK-2026-101540,"Mar 15, 2026",North,Chandigarh,Beard Grooming Kit,Beauty,1,1011,1011,CUST-42951,App
UK-2026-101455,"Mar 13, 2026",South,Chennai,Silk Saree,Fashion,2,3668,7336,CUST-88409,App
UK-2026-103705,2026-05-09,South,Hyderabad,Badminton Racket Set,Sports,1,2533,2533,CUST-35868,Marketplace
UK-2026-103432,2026-05-26,South,Chennai,Mirrorless Camera Lite,Electronics,1,29377,29377,CUST-36333,App
UK-2026-100429,2026-01-04,North,Gurugram,Vitamin C Serum,Beauty,1,709,709,CUST-53164,App
UK-2026-104061,2026-06-15,North,Chandigarh,Gym Gloves,Sports,1,511,511,CUST-61593,Website
UK-2026-100124,2026-01-27,Central,Nagpur,Bluetooth Speaker Mini,Electronics,,1541,1541,CUST-63963,Website
UK-2026-101172,2026-02-23,West,Mumbai,Foldable Treadmill T2,Sports,1,24326,24326,CUST-34293,App
UK-2026-103502,2026-05-05,South,Hyderabad,Football Size 5,Sports,1,906,906,CUST-89000,Website
UK-2026-102807,2026-04-29,North,Noida,Ultrabook Air 14,Electronics,1,31345,31345,CUST-49073,App
UK-2026-100818,2026-02-22,Central,Bhopal,Electric Kettle 1.5L,Home & Kitchen,3,1135,3405,CUST-65828,App
UK-2026-102180,2026-03-26,North,Noida,Leather Wallet,Fashion,1,866,866,CUST-32832,Website
UK-2026-103843,2026-05-20,West,Surat,Formal Shirt,Fashion,2,1144,2288,CUST-65127,Website
UK-2026-103407,2026-05-13,West,Mumbai,Badminton Racket Set,Sports,2,2471,4942,CUST-22101,Marketplace
UK-2026-100652,2026-01-03,Central,Nagpur,Ultrabook Air 14,Electronics,1,30700,30700,CUST-28296,App
UK-2026-102457,2026-04-30,North,Gurugram,Formal Shirt,Fashion,1,1061,1061,CUST-40487,App
UK-2026-100096,2026-01-15,West,Surat,Cotton Bedsheet Set,Home & Kitchen,1,1353,1353,CUST-39960,App
UK-2026-100600,2026-01-19,East,Guwahati,Air Fryer 5L,Home & Kitchen,1,5750,5750,CUST-20902,Website
UK-2026-100237,2026-01-24,West,Ahmedabad,Makeup Brush Set,Beauty,2,1339,2678,CUST-36997,App
UK-2026-101742,2026-03-27,South,Bengaluru,Formal Shirt,Fashion,2,1112,2224,CUST-87450,Website
UK-2026-102718,2026-04-19,South,Chennai,Vitamin C Serum,Beauty,1,692,692,CUST-49017,App
UK-2026-102458,2026-04-24,South,Bengaluru,Ultrabook Air 14,Electronics,1,31365,31365,CUST-77133,App
UK-2026-102637,2026-04-27,West,Ahmedabad,Slim Fit Jeans,Fashion,1,1673,1673,CUST-31432,Marketplace
UK-2026-104761,2026-06-10,North,Chandigarh,Formal Shirt,Fashion,1,1154,1154,CUST-72560,App
UK-2026-100519,2026-01-22,South,Hyderabad,Silk Saree,Fashion,1,3666,3666,CUST-73272,Marketplace
UK-2026-104504,2026-06-20,North,Delhi,Matte Lipstick Set,Beauty,1,910,910,CUST-11158,App
UK-2026-100659,2026-01-12,South,Chennai,Formal Shirt,Fashion,2,1085,2170,CUST-25735,Website
UK-2026-100325,2026-01-14,North,New Delhi,Mixer Grinder 750W,Home & Kitchen,1,3320,3320,CUST-45092,App
UK-2026-101647,2026-03-04,Central,Bhopal,Running Sneakers,Fashion,1,2680,2680,CUST-61491,App
UK-2026-101957,28/03/2026,South,Bengaluru,43-inch Smart TV,Electronics,1,26100,26100,CUST-28091,Marketplace
UK-2026-103589,2026-05-19,South,Hyderabad,43-inch Smart TV,Electronics,1,26212,26212,CUST-82138,Marketplace
UK-2026-103170,2026-05-19,North,Chandigarh,Silk Saree   ,Fashion,1,3599,3599,CUST-33424,Marketplace
UK-2026-102363,2026-04-10,North,Delhi,Yoga Mat Pro,Sports,4,1209,4836,CUST-57487,App
UK-2026-104303,2026-06-25,West,Pune,Makeup Brush Set,Beauty,4,1286,5144,CUST-51924,Website
UK-2026-101989,2026-03-20,East,Patna,Non-Stick Cookware Set,Home & Kitchen,1,2818,2818,CUST-82440,App
UK-2026-102053,2026-03-11,East,Guwahati,Vitamin C Serum,Beauty,-1,704,1408,CUST-81319,App
UK-2026-101783,2026-03-14,East,Patna,Adjustable Dumbbells 15kg,Sports,1,4759,4759,CUST-54953,Marketplace
UK-2026-102092,2026-03-10,West,Surat,Badminton Racket Set,Sports,2,2502,5004,CUST-71113,App
UK-2026-101257,2026-02-21,West,Surat,Leather Wallet,Fashion,1,928,928,CUST-56907,Website
UK-2026-101702,2026-03-23,East,Bhubaneswar,Vitamin C Serum,Beauty,1,706,706,CUST-40487,Website
UK-2026-103009,2026-04-20,Central,Nagpur,Cotton Kurta Set,Fashion,1,1246,1246,CUST-87261,App
UK-2026-100139,2026-01-21,South,Bengaluru,Face Wash Combo,Beauty,1,445,445,CUST-38377,App
UK-2026-103971,2026-05-11,South,Bengaluru,Mixer Grinder 750W,Home & Kitchen,1,3247,3247 INR,CUST-58640,App
UK-2026-101259,2026-02-18,West,Mumbai,Smart Watch X2,Electronics,1,4619,4619,CUST-92302,App
UK-2026-103789,2026-05-20,West,Surat,Vitamin C Serum,Beauty,1,726,726,CUST-91324,Website
UK-2026-100673,2026-01-24,South,Kochi,Robot Vacuum R7,Home & Kitchen,-2,19800,39600,CUST-90171,App
UK-2026-101436,2026-02-05,East,Bhubaneswar,Silk Saree,Fashion,1,3602,3602,CUST-59869,Marketplace
UK-2026-100796,2026-02-10,East,Patna,Air Fryer 5L,Home & Kitchen,1,5634,5634,CUST-53535,App
UK-2026-102878,2026-04-25,North,Noida,FORMAL SHIRT,Fashion,1,1091,1091,CUST-11330,Marketplace
UK-2026-102774,2026-04-01,West,Ahmedabad,Cotton Kurta Set,Fashion,1,1339,1339,CUST-53969,App
UK-2026-101315,2026-02-17,North,Chandigarh,Matte Lipstick Set,Beauty,1,854,854,CUST-50824,App
UK-2026-104475,2026-06-28,Central,Bhopal,Mirrorless Camera Lite,Electronics,2,30195,"60,390.00",CUST-68769,Website
UK-2026-104672,2026-06-22,Central,Indore,Eau de Parfum 100ml,Beauty,1,2001,2001,CUST-59225,Marketplace
UK-2026-101542,2026-03-24,North,Chandigarh,Running Sneakers,Fashion,1,2742,2742 INR,CUST-39123,Website
UK-2026-102319,2026-04-14,East,Guwahati,Non-Stick Cookware Set,Home & Kitchen,1,2909,2909,CUST-58532,Marketplace
UK-2026-104431,2026-06-01,South,Chennai,Vitamin C Serum,Beauty,1,705,705,CUST-46106,Website
UK-2026-103072,2026-04-12,South,Kochi,Ultrabook Air 14,Electronics,1,30677,30677 INR,CUST-64484,App
UK-2026-101103,2026-02-06,South,Hyderabad,Robot Vacuum R7,Home & Kitchen,1,18323,18323,CUST-66092,App
UK-2026-100568,2026-01-30,Central,Indore,Bluetooth Speaker Mini,Electronics,1,1457,1457,CUST-78683,App
UK-2026-100286,2026-01-01,South,Bengaluru,Cycling Helmet,Sports,2,1572,3144,CUST-36326,Website
UK-2026-101729,2026-03-04,East,Patna,Cotton Kurta Set,Fashion,1,1280,1280,CUST-63782,Website
UK-2026-100430,2026-01-14,West,Pune,Electric Kettle 1.5L,Home & Kitchen,1,1089,1089,CUST-24898,Website
UK-2026-104541,2026-06-23,East,Guwahati,Ultrabook Air 14,Electronics,1,29004,29004,CUST-64838,App
UK-2026-104681,2026-06-24,North,New Delhi,Robot Vacuum R7,Home & Kitchen,1,19914,19914,CUST-56382,Marketplace
UK-2026-103190,2026-05-19,South,Bengaluru,Bluetooth Speaker Mini,Electronics,2,1446,2892,CUST-19903,Website
UK-2026-101739,2026-03-18,South,Hyderabad,Non-Stick Cookware Set,Home & Kitchen,1,2902,2902,CUST-99597,App
UK-2026-103706,2026-05-01,South,Chennai,Bluetooth Speaker Mini,Electronics,3,1564,4692,CUST-93934,Website
UK-2026-104436,2026-06-28,South,Hyderabad,43-inch Smart TV,Electronics,1,24921,24921,CUST-18233,Marketplace
UK-2026-100312,2026-01-14,East,Kolkata,Ionic Hair Dryer,Beauty,1,1974,1974,CUST-20423,App
UK-2026-104290,2026-06-29,South,Chennai,Power Bank 20000mAh,Electronics,1,1766,1766,CUST-60308,Website
UK-2026-100044,2026-01-06,East,Patna,Adjustable Dumbbells 15kg,Sports,2,4984,9968,CUST-57634,Marketplace
UK-2026-103648,2026-05-25,Central,Raipur,Denim Jacket,Fashion,2,2180,4360,CUST-76396,Marketplace
UK-2026-104439,2026-06-10,North,Delhi,Mirrorless Camera Lite,Electronics,1,28270,28270,CUST-17668,Marketplace
UK-2026-102873,2026-04-10,Central,Bhopal,Mirrorless Camera Lite,Electronics,1,30201,30201,CUST-75148,Marketplace
UK-2026-101161,2026-02-13,North,Gurugram,Formal Shirt,Fashion,1,1138,1138,CUST-83367,App
UK-2026-103320,2026-05-07,East,Guwahati,Robot Vacuum R7,Home & Kitchen,3,18536,55608,CUST-24076,App
UK-2026-100320,2026-01-31,North,Gurugram,Power Bank 20000mAh,Electronics,1,1875,1875,CUST-10043,Website
UK-2026-102125,2026-03-27,West,Surat,Vitamin C Serum,Beauty,1,702,702,CUST-36165,Website
UK-2026-103213,2026-05-04,West,Surat,Cricket Bat English Willow,Sports,2,9245,18490,CUST-65523,App
UK-2026-102080,2026-03-18,Central,Indore,Noise-Cancelling Headphones,Electronics,3,9123,27369,CUST-60526,Marketplace
UK-2026-105000,2026-06-18,Central,Indore,Robot Vacuum R7,Home & Kitchen,1,19706,19706,CUST-98394,App
UK-2026-101348,2026-02-13,West,Ahmedabad,Cricket Bat English Willow,Sports,4,9394,37576,CUST-75543,Marketplace
UK-2026-100149,2026-01-25,West,Pune,Vitamin C Serum,Beauty,1,706,706,CUST-18125,Website
UK-2026-104479,2026-06-27,South,Chennai,Cotton Kurta Set,Fashion,2,1349,2698,CUST-82004,Website
UK-2026-102077,2026-03-24,East,Kolkata,Slim Fit Jeans,Fashion,2,1662,3324,CUST-25768,App
UK-2026-102273,2026-04-09,South,Hyderabad,Air Fryer 5L,Home & Kitchen,1,5549,5549,CUST-45694,Marketplace
UK-2026-103638,2026-05-04,South,Bengaluru,Silk Saree,Fashion,1,3520,3520,CUST-89129,Website
UK-2026-100456,2026-01-20,East,Patna,Yoga Mat Pro,Sports,1,1250,1250,CUST-17336,App
UK-2026-100838,2026-02-02,North,Noida,Modern Wall Clock,Home & Kitchen,1,802,802,CUST-11728,App
UK-2026-102960,2026-04-09,East,Patna,Bluetooth Speaker Mini,Electronics,1,1519,1519,CUST-59094,Website
UK-2026-101032,2026-02-14,East,Guwahati,Cotton Bedsheet Set,Home & Kitchen,1,1346,1346,CUST-98610,App
UK-2026-100121,2026-01-02,North,Delhi,Smart Watch X2,Electronics,2,4653,9306,CUST-61149,App
UK-2026-100213,2026-01-12,North,Delhi,Eau de Parfum 100ml,Beauty,1,1903,1903,CUST-53530,Website
UK-2026-103606,2026-05-26,South,Hyderabad,Power Bank 20000mAh,Electronics,1,1743,1743,CUST-55646,Marketplace
UK-2026-100015,2026-01-14,East,Guwahati,Slim Fit Jeans,Fashion,1,1548,1548,CUST-22446,App
UK-2026-104647,2026-06-22,Central,Indore,Power Bank 20000mAh,Electronics,1,1754,1754,CUST-66074,Marketplace
UK-2026-103369,2026-05-11,West,Ahmedabad,Football Size 5,Sports,1,924,924,CUST-96796,App
UK-2026-103003,2026-04-30,West,Surat,Cycling Helmet,Sports,1,1583,1583,CUST-53479,App
UK-2026-100372,2026-01-13,East,Bhubaneswar,Electric Kettle 1.5L,Home & Kitchen,2,1117,2234,CUST-73649,Website
UK-2026-100895,2026-02-18,North,Chandigarh,Mirrorless Camera Lite,Electronics,1,28545,28545,CUST-26522,Website
UK-2026-104694,2026-06-10,South,Kochi,Wireless Earbuds Pro,Electronics,2,2982,5964,CUST-95095,App
UK-2026-103107,2026-05-02,South,Bengaluru,Makeup Brush Set,Beauty,3,1306,3918,CUST-65543,Marketplace
UK-2026-104584,2026-06-02,West,Ahmedabad,Running Sneakers,Fashion,1,2690,2690,CUST-74686,App
UK-2026-100285,2026-01-17,South,Chennai,Power Bank 20000mAh,Electronics,1,1777,1777,CUST-58505,Marketplace
UK-2026-101249,2026-02-24,Central,Nagpur,Face Wash Combo,Beauty,1,456,456,CUST-53170,Website
UK-2026-100864,2026-02-02,West,Ahmedabad,Air Fryer 5L,Home & Kitchen,2,5307,10614,CUST-77895,App
UK-2026-104894,2026-06-21,South,Hyderabad,43-inch Smart TV,Electronics,1,25146,25146,CUST-31813,App
UK-2026-101682,2026-03-04,North,Chandigarh,Mixer Grinder 750W,Home & Kitchen,1,3212,3212,CUST-23465,App
UK-2026-100762,2026-02-02,West,Mumbai,Adjustable Dumbbells 15kg,Sports,1,4768,4768,CUST-13502,App
UK-2026-103792,2026-05-02,West,Mumbai,Foldable Treadmill T2,Sports,1,24533,24533,CUST-13307,App
UK-2026-100607,2026-01-23,East,Guwahati,Silk Saree,Fashion,1,3334,3334,CUST-34685,App
UK-2026-102524,2026-04-24,East,Kolkata,Yoga Mat Pro,Sports,1,1195,1195,CUST-14252,Marketplace
UK-2026-104624,2026-06-10,West,Ahmedabad,Foldable Treadmill T2,Sports,2,24700,49400,CUST-36872,Marketplace
UK-2026-100491,2026-01-01,West,Mumbai,Yoga Mat Pro,Sports,1,1167,1167,CUST-20859,Website
UK-2026-102588,2026-04-09,North,Delhi,Adjustable Dumbbells 15kg,Sports,1,4900,4900,CUST-55516,Marketplace
UK-2026-102141,2026-03-04,Central,Raipur,Leather Wallet,Fashion,1,868,868,CUST-23670,Website
UK-2026-101084,2026-02-28,Central,Raipur,Formal Shirt,Fashion,3,1056,3168,CUST-29677,App
UK-2026-100181,2026-01-02,South,Chennai,Cotton Kurta Set,Fashion,2,1302,2604,CUST-33083,Website
UK-2026-104191,2026-06-23,East,Guwahati,Dinner Set 24pc,Home & Kitchen,1,2421,2421,CUST-93487,Website
UK-2026-102422,28-04-26,East,Guwahati,Noise-Cancelling Headphones,Electronics,1,9439,9439,CUST-95009,Marketplace
UK-2026-104661,2026-06-20,North,Noida,Cycling Helmet,Sports,,1541,3082,CUST-51689,Website
UK-2026-103370,2026-05-08,Central,Bhopal,Dinner Set 24pc,Home & Kitchen,1,2444,2444,CUST-56382,App
UK-2026-103903,2026-05-05,West,Mumbai,Denim Jacket,Fashion,1,2211,2211,CUST-20448,Website
UK-2026-101482,2026-03-07,East,Guwahati,Smart Watch X2,Electronics,2,4558,9116,CUST-86193,Website
UK-2026-104890,2026-06-17,North,Gurugram,Formal Shirt,Fashion,1,1049,1049,CUST-12852,App
UK-2026-102202,2026-03-19,West,Surat,Cotton Bedsheet Set,Home & Kitchen,1,1381,1381,CUST-30924,App
UK-2026-100291,2026-01-12,North,Chandigarh,Silk Saree,Fashion,1,3436,3436,CUST-48631,App
UK-2026-100215,2026-01-13,West,Pune,Noise-Cancelling Headphones,Electronics,2,8653,17306,CUST-30051,Website
UK-2026-102934,2026-04-19,South,Chennai,Football Size 5,Sports,2,933,1866,CUST-62994,Website
UK-2026-101678,2026-03-17,North,Noida,Cotton Bedsheet Set,Home & Kitchen,1,1380,1380,CUST-50326,Website
UK-2026-100896,2026-02-15,South,Hyderabad,Power Bank 20000mAh,Electronics,1,1864,1864,CUST-50215,Website
UK-2026-104782,2026-06-24,South,Kochi,Mixer Grinder 750W,Home & Kitchen,1,3311,3311,CUST-16824,App
UK-2026-102767,2026-04-11,South,Hyderabad,Mixer Grinder 750W,Home & Kitchen,1,3239,3239,CUST-61593,App
UK-2026-104907,2026-06-18,South,Chennai,Ethnic Dupatta,Fashion,1,482,482,CUST-30537,Marketplace
UK-2026-103567,2026-05-08,North,Gurugram,Formal Shirt,Fashion,2,1062,2124,CUST-27917,App
UK-2026-102501,2026-04-26,North,GGN,Adjustable Dumbbells 15kg,Sports,2,5215,10430,CUST-91210,App
UK-2026-103659,2026-05-06,South,Bengaluru,electric kettle 1.5l,Home & Kitchen,1,1096,1096,CUST-92154,App
UK-2026-101021,2026-02-23,South,Kochi,Leather Wallet,Fashion,1,888,888,CUST-97015,Website
UK-2026-100644,2026-01-20,South,Bengaluru,Noise-Cancelling Headphones,Electronics,2,8822,17644,CUST-63763,Marketplace
UK-2026-101526,2026-03-23,West,Pune,Running Sneakers,Fashion,1,2715,2715,CUST-69974,App
UK-2026-101633,2026-03-31,South,Kochi,Bluetooth Speaker Mini,Electronics,2,1496,2992,CUST-93263,App
UK-2026-101296,2026-02-07,West,Mumbai,Cotton Bedsheet Set,Home & Kitchen,1,1467,1467,CUST-83258,Website
UK-2026-100932,04-02-26,South,Hyderabad,Slim Fit Jeans,Fashion,1,1531,1531,CUST-53969,App
UK-2026-104864,"Jun 28, 2026",East,Bhubaneswar,Cotton Kurta Set,Fashion,2,1360,2720,CUST-80009,App
UK-2026-103750,2026-05-19,North,Delhi,Power Bank 20000mAh,Electronics,2,1881,3762,CUST-19361,Website
UK-2026-101078,2026-02-06,West,Ahmedabad,Bluetooth Speaker Mini,Electronics,1,1469,1469,CUST-82168,Website
UK-2026-103833,2026-05-18,West,Ahmedabad,Football Size 5,Sports,1,935,,CUST-86826,Marketplace
UK-2026-104536,2026-06-29,West,Surat,Power Bank 20000mAh,Electronics,1,1820,1820,CUST-30288,Marketplace
UK-2026-102023,2026-03-25,North,Delhi,Formal Shirt,Fashion,1,1053,1053,CUST-85745,Marketplace
UK-2026-100338,2026-01-19,North,Delhi,Wireless Earbuds Pro,Electronics,1,2880,2880,CUST-32613,Website
UK-2026-103887,2026-05-19,South,Chennai,Cotton Kurta Set,Fashion,2,1295,2590,CUST-18448,App
UK-2026-103220,2026-05-17,East,Guwahati,Gym Gloves,Sports,3,482,1446,CUST-20551,Marketplace
UK-2026-101415,2026-02-19,East,Patna,Electric Kettle 1.5L,Home & Kitchen,1,1063,1063,CUST-47131,Website
UK-2026-100611,2026-01-02,North,Noida,Leather Wallet,Fashion,1,903,903,CUST-42899,App
UK-2026-104932,2026-06-09,South,Bengaluru,Cycling Helmet,Sports,2,1574,3148,CUST-14195,Marketplace
UK-2026-103223,2026-05-11,West,Pune,Modern Wall Clock,Home & Kitchen,1,819,819,CUST-16216,App
UK-2026-102335,2026-04-22,West,Mumbai,Matte Lipstick Set,Beauty,1,861,861,CUST-16977,Marketplace
UK-2026-102786,2026-04-08,West,Surat,Bluetooth Speaker Mini,Electronics,2,1446,2892,CUST-32262,App
UK-2026-104273,2026-06-08,Central,Bhopal,Matte Lipstick Set,Beauty,1,892,892,CUST-76002,Marketplace
UK-2026-103548,2026-05-14,South,Chennai,Cotton Bedsheet Set,Home & Kitchen,4,1429,5716,CUST-34763,App
UK-2026-103734,2026-05-19,South,Hyderabad,Formal Shirt,Fashion,2,1143,2286,CUST-35411,Website
UK-2026-104141,2026-06-20,North,Delhi,Noise-Cancelling Headphones,Electronics,1,8738,8738,CUST-15612,Website
UK-2026-100317,2026-01-16,Central,Bhopal,Adjustable Dumbbells 15kg,Sports,1,5047,5047,CUST-79069,App
UK-2026-104519,2026-06-01,East,Kolkata,Vitamin C Serum,Beauty,1,683,683,CUST-26569,App
UK-2026-103530,2026-05-05,North,Delhi,Ethnic Dupatta,Fashion,2,507,1014,CUST-73323,App
UK-2026-100135,2026-01-10,East,Patna,Leather Wallet,Fashion,2,873,1746,CUST-45357,Website
UK-2026-104123,2026-06-03,North,Chandigarh,Electric Kettle 1.5L,Home & Kitchen,1,1096,1096,CUST-81392,App
UK-2026-100921,2026-02-20,South,Kochi,43-inch Smart TV,Electronics,1,25286,25286,CUST-88167,Website
UK-2026-103100,28-05-26,South,Chennai,Denim Jacket,Fashion,1,2185,2185,CUST-79366,App
UK-2026-104041,2026-06-23,West,Pune,Leather Wallet,Fashion,1,861,861,CUST-73338,Website
UK-2026-100973,2026-02-09,Central,Bhopal,Vitamin C Serum,Beauty,3,697,2091,CUST-93632,App
UK-2026-102121,2026-03-24,North,Chandigarh,Denim Jacket,Fashion,-2,2265,4530,CUST-44060,Website
UK-2026-103944,2026-05-11,South,Cochin,Smart Watch X2,Electronics,1,4547,4547,CUST-85124,Marketplace
UK-2026-101187,13-02-26,North,Chandigarh,Slim Fit Jeans,Fashion,1,1608,1608,CUST-39554,Marketplace
UK-2026-104780,2026-06-13,South,Bengaluru,Mixer Grinder 750W,Home & Kitchen,1,3229,3229,CUST-64948,App
UK-2026-101125,2026-02-21,South,Bengaluru,Bluetooth Speaker Mini,Electronics,1,1529,1529,CUST-35879,Marketplace
UK-2026-103045,05/04/2026,North,Gurugram,Makeup Brush Set,Beauty,1,1356,1356,CUST-85881,Website
UK-2026-104561,2026-06-26,South,Hyderabad,Dinner Set 24pc,Home & Kitchen,1,2556,2556,CUST-20601,Website
UK-2026-103123,2026-05-11,East,Bhubaneswar,Sunscreen SPF50,Beauty,1,568,568,CUST-47498,App
UK-2026-100059,2026-01-06,North,Delhi,Robot Vacuum R7,Home & Kitchen,2,18092,36184,CUST-43744,Website
UK-2026-103514,2026-05-29,South,Kochi,Dinner Set 24pc,Home & Kitchen,1,2396,2396,CUST-53416,Marketplace
UK-2026-100318,2026-01-22,West,Pune,Vitamin C Serum,Beauty,2,712,1424,CUST-31469,App
UK-2026-104033,2026-06-28,South,Chennai,Ultrabook Air 14,Electronics,2,29545,59090,CUST-84202,Marketplace
UK-2026-104220,2026-06-28,South,Hyderabad,Makeup Brush Set,Beauty,1,1318,1318,CUST-15582,Website
UK-2026-102866,2026-04-18,North,Chandigarh,Cotton Kurta Set,Fashion,1,1306,1306,CUST-54577,App
UK-2026-104422,2026-06-19,South,Chennai,Cotton Bedsheet Set,Home & Kitchen,1,1429,1429,CUST-36533,Marketplace
UK-2026-100939,2026-02-16,South,Hyderabad,Badminton Racket Set,Sports,2,2439,4878,CUST-24088,Marketplace
UK-2026-100329,2026-01-22,North,Noida,Ethnic Dupatta,Fashion,3,508,1524,CUST-38139,Website
UK-2026-102156,2026-03-30,South,Kochi,Mixer Grinder 750W,Home & Kitchen,2,3192,6384,CUST-46300,Website
UK-2026-100756,2026-02-26,Central,Indore,Denim Jacket,Fashion,1,2122,2122,CUST-60526,App
UK-2026-104351,2026-06-26,West,Pune,Smart Watch X2,Electronics,1,4573,4573,CUST-25082,App
UK-2026-102889,2026-04-25,West,Ahmedabad,Running Sneakers,Fashion,2,2738,5476,CUST-63784,App
UK-2026-104505,2026-06-21,North,Gurugram,Modern Wall Clock,Home & Kitchen,1,826,826,CUST-94644,Website
UK-2026-103457,2026-05-20,West,Surat,Dinner Set 24pc,Home & Kitchen,1,2554,2554,CUST-52289,App
UK-2026-100467,2026-01-08,North,Gurugram,Adjustable Dumbbells 15kg,Sports,2,5197,10394,CUST-22048,Marketplace
UK-2026-102355,2026-04-16,Central,Indore,Beard Grooming Kit,Beauty,1,991,991,CUST-99358,App
UK-2026-101710,2026-03-23,South,Bengaluru,43-inch Smart TV,Electronics,1,25190,25190,CUST-10043,Marketplace
UK-2026-104376,2026-06-14,East,Guwahati,Formal Shirt,Fashion,1,1060,1060,CUST-57190,Website
UK-2026-103122,2026-05-29,South,Hyderabad,Slim Fit Jeans,Fashion,,1670,3340,CUST-14211,App
UK-2026-102666,2026-04-15,East,Kolkata,Noise-Cancelling Headphones,Electronics,3,9331,27993,CUST-78581,App
UK-2026-101598,2026-03-14,West,Pune,Gym Gloves,Sports,1,488,488 INR,CUST-49410,Website
UK-2026-102272,2026-04-10,Central,Bhopal,Cotton Kurta Set   ,Fashion,1,1258,1258,CUST-49281,Website
UK-2026-102973,2026-04-08,East,Guwahati,Badminton Racket Set,Sports,1,2523,2523,CUST-71965,App
UK-2026-100574,2026-01-03,South,Kochi,Cricket Bat English Willow,Sports,1,9190,9190,CUST-60050,Marketplace
UK-2026-100666,2026-01-01,West,Surat,Power Bank 20000mAh,Electronics,1,1766,1766,CUST-16375,Marketplace
UK-2026-102766,2026-04-08,North,Noida,Makeup Brush Set,Beauty,2,1332,2664,CUST-23450,Website
UK-2026-104582,2026-06-28,North,Gurugram,43-inch Smart TV,Electronics,1,25280,25280,CUST-58067,Website
UK-2026-100748,2026-02-06,West,Pune,Slim Fit Jeans,Fashion,1,1663,"1,663.00",CUST-40354,Website
UK-2026-103453,2026-05-14,East,Patna,Air Fryer 5L,Home & Kitchen,1,5422,5422,CUST-51719,App
UK-2026-103838,2026-05-27,North,Delhi,Adjustable Dumbbells 15kg,Sports,1,5109,5109,CUST-22333,App
UK-2026-102347,2026-04-05,South,Hyderabad,Noise-Cancelling Headphones,Electronics,2,8838,17676,CUST-84857,Marketplace
UK-2026-101966,2026-03-13,South,Cochin,Matte Lipstick Set,Beauty,2,939,1878,CUST-85825,App
UK-2026-100686,2026-01-26,North,Chandigarh,Wireless Earbuds Pro,Electronics,1,2987,2987,CUST-84152,Website
UK-2026-104831,2026-06-15,South,Chennai,Modern Wall Clock,Home & Kitchen,-2,824,824,CUST-77896,App
UK-2026-102768,2026-04-15,East,Bhubaneswar,Running Sneakers,Fashion,1,2888,2888,CUST-84874,Website
UK-2026-104553,2026-06-15,East,Kolkata,Slim Fit Jeans,Fashion,2,1526,3052,CUST-34239,Marketplace
UK-2026-103393,2026-05-27,Central,Bhopal,Ultrabook Air 14,Electronics,1,30915,30915,CUST-90485,Website
UK-2026-101252,2026-02-18,North,CHANDIGARH,Football Size 5,Sports,4,939,3756,CUST-63969,App
UK-2026-100264,2026-01-27,West,Pune,Vitamin C Serum,Beauty,1,719,719,CUST-14721,App
UK-2026-103707,2026-05-04,West,Ahmedabad,Badminton Racket Set,Sports,2,2401,4802,CUST-31464,App
UK-2026-100251,2026-01-30,North,Chandigarh,Mixer Grinder 750W,Home & Kitchen,1,3305,3305,CUST-83699,Marketplace
UK-2026-104282,2026-06-11,West,Ahmedabad,Badminton Racket Set,Sports,1,2471,"2,471.00",CUST-49063,Marketplace
UK-2026-103127,2026-05-26,North,Gurugram,Ultrabook Air 14,Electronics,3,29502,88506,CUST-39461,Website
UK-2026-102230,2026-03-07,West,Mumbai,Football Size 5,Sports,2,921,1842,CUST-65799,App
UK-2026-101424,2026-02-07,South,Chennai,Modern Wall Clock,Home & Kitchen,1,816,816,CUST-45547,Website
UK-2026-101156,2026-02-12,Central,Bhopal,Modern Wall Clock,Home & Kitchen,2,790,1580,CUST-81072,App
UK-2026-102545,2026-04-02,North,Chandigarh,Ultrabook Air 14,Electronics,1,29182,29182,CUST-51760,Marketplace
UK-2026-101625,06/03/2026,North,Chandigarh,Badminton Racket Set,Sports,1,2601,2601,CUST-27086,App
UK-2026-104325,2026-06-12,Central,Raipur,Adjustable Dumbbells 15kg,Sports,2,5065,10130,CUST-18624,Website
UK-2026-102546,2026-04-02,South,Kochi,Mirrorless Camera Lite,Electronics,1,28810,28810,CUST-22048,App
UK-2026-104461,2026-06-29,North,Chandigarh,Smart Watch X2,Electronics,1,4585,4585,CUST-79412,Website
UK-2026-102404,"Apr 13, 2026",Central,Indore,Robot Vacuum R7,Home & Kitchen,1,18066,18066,CUST-88130,App
UK-2026-103787,2026-05-11,South,Kochi,Foldable Treadmill T2,Sports,1,26091,26091,CUST-54547,Website
UK-2026-102552,2026-04-15,Central,Raipur,Ultrabook Air 14,Electronics,1,29210,29210,CUST-63784,Marketplace
UK-2026-101460,2026-03-09,South,Chennai,Cotton Bedsheet Set,Home & Kitchen,1,1341,1341,CUST-11728,App
UK-2026-104567,2026-06-21,Central,Indore,Robot Vacuum R7,Home & Kitchen,1,19742,19742,CUST-42185,Website
UK-2026-104905,2026-06-10,North,Gurugram,Sunscreen SPF50,Beauty,1,562,562,CUST-14195,Website
UK-2026-102011,2026-03-14,North,Gurugram,Silk Saree,Fashion,1,3460,3460,CUST-58135,Website
UK-2026-103902,2026-05-03,South,Hyderabad,Denim Jacket,Fashion,2,2181,4362,CUST-28628,App
UK-2026-100255,2026-01-17,Central,Nagpur,Eau de Parfum 100ml,Beauty,1,1953,1953,CUST-63639,Website
UK-2026-101693,2026-03-19,West,Mumbai,Foldable Treadmill T2,Sports,2,25547,51094,CUST-24347,Website
UK-2026-100533,2026-01-05,South,Hyderabad,Noise-Cancelling Headphones,Electronics,1,9168,9168,CUST-22574,App
UK-2026-103292,2026-05-14,South,Chennai,Foldable Treadmill T2,Sports,1,24083,24083,CUST-17412,Marketplace
UK-2026-102688,2026-04-26,,Bhubaneswar,Makeup Brush Set,Beauty,2,1306,2612,CUST-20119,App
UK-2026-103251,2026-05-19,South,Kochi,Foldable Treadmill T2,Sports,2,24876,49752,CUST-84672,App
UK-2026-102168,"Mar 18, 2026",West,Ahmedabad,Ethnic Dupatta,Fashion,1,507,507,CUST-75148,App
UK-2026-101255,2026-02-09,North,Delhi,Cotton Bedsheet Set,Home & Kitchen,2,1440,2880,CUST-78815,Website
UK-2026-101121,2026-02-13,North,Chandigarh,Makeup Brush Set,Beauty,1,1350,1350,CUST-43354,Website
UK-2026-104909,2026-06-03,East,Kolkata,Running Sneakers,Fashion,1,2906,2906,CUST-16629,App
UK-2026-103103,2026-05-08,South,Chennai,Adjustable Dumbbells 15kg,Sports,2,5040,10080,CUST-71316,Website
UK-2026-103506,2026-05-07,West,Pune,Adjustable Dumbbells 15kg,Sports,1,4812,4812,CUST-88764,App
UK-2026-102606,2026-04-20,West,Surat,Dinner Set 24pc,Home & Kitchen,1,2607,2607,CUST-57436,App
UK-2026-102586,2026-04-04,North,Noida,Ultrabook Air 14,Electronics,1,29673,29673,CUST-16216,Marketplace
UK-2026-102292,2026-04-14,South,Bengaluru,Cycling Helmet,Sports,1,1602,1602,CUST-23298,Website
UK-2026-104121,2026-06-19,West,Mumbai,Wireless Earbuds Pro,Electronics,1,2895,2895,CUST-39257,App
UK-2026-101207,2026-02-07,Central,Nagpur,Leather Wallet,Fashion,1,888,888,CUST-36716,App
UK-2026-104201,"Jun 20, 2026",North,Gurugram,Cotton Kurta Set,Fashion,1,1291,1291,CUST-79522,App
UK-2026-100315,2026-01-29,South,Hyderabad,Football Size 5,Sports,1,937,937,CUST-95966,Marketplace
UK-2026-104641,2026-06-29,Central,Raipur,Wireless Earbuds Pro,Electronics,1,3057,3057,CUST-11043,Marketplace
UK-2026-104512,2026-06-17,West,Ahmedabad,Air Fryer 5L,Home & Kitchen,1,5547,5547,CUST-16382,Website
UK-2026-103431,2026-05-26,South,Bengaluru,Robot Vacuum R7,Home & Kitchen,4,19386,77544,CUST-31164,Website
UK-2026-104465,30/06/2026,South,Kochi,Formal Shirt,Fashion,4,1061,4244,CUST-56453,App
UK-2026-103905,2026-05-21,West,Surat,Ethnic Dupatta,Fashion,,490,490,CUST-91334,Website
UK-2026-100111,2026-01-06,North,Chandigarh,Ionic Hair Dryer,Beauty,1,1830,1830,CUST-81481,App
UK-2026-102497,2026-04-16,South,Chennai,Matte Lipstick Set,Beauty,1,919,919,CUST-69375,App
UK-2026-102995,2026-04-12,South,Chennai,Mirrorless Camera Lite,Electronics,1,28938,28938,CUST-43393,Marketplace
UK-2026-102018,2026-03-14,,Surat,Smart Watch X2,Electronics,1,4638,4638,CUST-49318,App
UK-2026-101688,2026-03-16,South,Kochi,Eau de Parfum 100ml,Beauty,2,2011,4022,CUST-95548,App
UK-2026-103447,2026-05-15,South,Bengaluru,Dinner Set 24pc,Home & Kitchen,4,2533,10132,CUST-77755,Website
UK-2026-102625,2026-04-25,West,Mumbai,Non-Stick Cookware Set,Home & Kitchen,3,2827,8481,CUST-98936,App
UK-2026-101621,2026-03-12,North,Noida,Mixer Grinder 750W,Home & Kitchen,3,3175,9525,CUST-62534,App
UK-2026-103201,2026-05-04,Central,Indore,Face Wash Combo,Beauty,1,440,440,CUST-61682,App
UK-2026-101623,2026-03-15,North,Chandigarh,Eau de Parfum 100ml,Beauty,1,1909,1909,CUST-14715,App
UK-2026-104302,2026-06-15,West,Surat,Slim Fit Jeans,Fashion,1,1590,1590,CUST-61906,Website
UK-2026-100892,2026-02-27,East,Bhubaneswar,Ionic Hair Dryer,Beauty,1,1819,1819,CUST-53158,App
UK-2026-103698,2026-05-10,South,Chennai,Sunscreen SPF50,Beauty,2,569,1138,CUST-47685,Website
UK-2026-104346,2026-06-29,East,Bhubaneswar,Smart Watch X2,Electronics,2,4631,9262,CUST-45239,App
UK-2026-102895,2026-04-23,East,Bhubaneswar,Cricket Bat English Willow,Sports,1,9257,"₹9,257",CUST-67446,App
UK-2026-104366,2026-06-18,West,Pune,Denim Jacket,Fashion,1,2266,2266,CUST-45547,App
UK-2026-103547,"May 3, 2026",North,Noida,Power Bank 20000mAh,Electronics,1,1886,1886,CUST-81392,Marketplace
UK-2026-100274,2026-01-19,Central,Bhopal,Makeup Brush Set,Beauty,1,1334,1334,CUST-20767,App
UK-2026-102507,2026-04-03,Central,Nagpur,Adjustable Dumbbells 15kg,Sports,1,5033,5033,CUST-64448,App
UK-2026-101228,2026-02-03,West,Ahmedabad,Sunscreen SPF50,Beauty,1,541,541,CUST-66131,Marketplace
UK-2026-104233,2026-06-06,North,Chandigarh,Non-Stick Cookware Set,Home & Kitchen,1,3044,3044,CUST-27309,App
UK-2026-103125,2026-05-28,North,Gurugram,Mixer Grinder 750W,Home & Kitchen,1,3368,3368,CUST-84202,App
UK-2026-101402,2026-02-19,West,Ahmedabad,Badminton Racket Set,Sports,1,2610,2610,CUST-76009,App
UK-2026-104863,2026-06-06,West,Mumbai,Cotton Bedsheet Set,Home & Kitchen,1,1384,1384,CUST-77108,App
UK-2026-104264,2026-06-11,East,Guwahati,Mirrorless Camera Lite,Electronics,1,28726,28726,CUST-84584,Website
UK-2026-103660,2026-05-07,South,Hyderabad,Matte Lipstick Set,Beauty,1,939,939,CUST-58375,Marketplace
UK-2026-104745,2026-06-17,West,Bombay,Modern Wall Clock,Home & Kitchen,1,787,787,CUST-99609,Website
UK-2026-102287,2026-04-02,North,Chandigarh,Sunscreen SPF50,Beauty,1,549,549,CUST-84748,Website
UK-2026-102634,2026-04-20,North,Gurugram,Badminton Racket Set,Sports,1,2569,2569,CUST-26661,Website
UK-2026-101622,2026-03-30,North,Delhi,Slim Fit Jeans,Fashion,1,1636,1636,CUST-33424,App
UK-2026-103095,2026-05-28,West,Mumbai,Silk Saree,Fashion,1,3404,3404,CUST-79252,App
UK-2026-100308,2026-01-29,East,Patna,Makeup Brush Set,Beauty,,1238,1238,CUST-76766,Website
UK-2026-100123,2026-01-25,South,Bengaluru,Wireless Earbuds Pro,Electronics,1,2937,2937,CUST-89638,Website
UK-2026-101553,2026-03-20,South,Bengaluru,Ultrabook Air 14,Electronics,1,28691,28691,CUST-14418,Website
UK-2026-104821,2026-06-03,East,Patna,Ultrabook Air 14,Electronics,,30763,30763,CUST-75875,App
UK-2026-101889,2026-03-14,South,Chennai,Ionic Hair Dryer,Beauty,1,1814,1814,CUST-16629,Website
UK-2026-103686,2026-05-24,North,Gurugram,Slim Fit Jeans,Fashion,2,1653,3306,CUST-93934,App
UK-2026-104520,2026-06-19,South,Hyderabad,Non-Stick Cookware Set,Home & Kitchen,1,2875,2875,CUST-69739,App
UK-2026-101101,2026-02-12,South,Kochi,Air Fryer 5L,Home & Kitchen,2,5261,10522,CUST-86605,App
UK-2026-100443,2026-01-20,South,Hyderabad,Face Wash Combo,Beauty,1,464,464,CUST-27466,App
UK-2026-100333,2026-01-16,South,Chennai,Power Bank 20000mAh,Electronics,1,1727,1727,CUST-99597,App
UK-2026-103904,2026-05-17,North,Chandigarh,Electric Kettle 1.5L,Home & Kitchen,1,1119,1119,CUST-80991,App
UK-2026-104601,2026-06-03,East,Kolkata,43-inch Smart TV,Electronics,4,27224,108896,CUST-46687,App
UK-2026-103591,2026-05-03,West,Pune,Ethnic Dupatta,Fashion,1,489,489,CUST-61917,App
UK-2026-104666,2026-06-29,South,Chennai,Ethnic Dupatta,Fashion,2,477,954,CUST-60227,App
UK-2026-101925,2026-03-25,West,Pune,Beard Grooming Kit,Beauty,1,1008,1008,CUST-26569,App
UK-2026-104186,2026-06-26,North,Delhi,Foldable Treadmill T2,Sports,1,24962,24962,CUST-31284,Website
UK-2026-101294,2026-02-07,West,Ahmedabad,Formal Shirt,Fashion,1,1049,1049,CUST-45542,App
UK-2026-103084,2026-04-03,East,Guwahati,Cotton Kurta Set,Fashion,1,1256,1256,CUST-16797,Website
UK-2026-101437,2026-02-28,West,Ahmedabad,Mirrorless Camera Lite,Electronics,1,27818,27818,CUST-30408,Website
UK-2026-101667,2026-03-04,East,Bhubaneswar,Dinner Set 24pc,Home & Kitchen,1,2559,2559,CUST-50215,App
UK-2026-102945,2026-04-22,East,Bhubaneswar,Silk Saree,Fashion,1,3641,,CUST-23670,App
UK-2026-104768,2026-06-21,East,Bhubaneswar,Ethnic Dupatta,Fashion,1,500,500,CUST-38656,App
UK-2026-101227,2026-02-24,South,Bengaluru,Non-Stick Cookware Set,Home & Kitchen,2,2974,5948,CUST-47188,App
UK-2026-104400,2026-06-20,South,Kochi,Smart Watch X2,Electronics,2,4481,8962,CUST-81146,Marketplace
UK-2026-104132,2026-06-02,North,Gurugram,Face Wash Combo,Beauty,2,450,900,CUST-22101,Marketplace
UK-2026-102357,2026-04-08,South,Hyderabad,Makeup Brush Set,Beauty,1,1346,1346,CUST-99376,App
UK-2026-101761,2026-03-05,West,Pune,Vitamin C Serum,Beauty,1,718,718,CUST-12328,App
UK-2026-100919,2026-02-19,South,Hyderabad,Wireless Earbuds Pro,Electronics,,3116,3116,CUST-45420,App
UK-2026-104449,2026-06-27,East,Bhubaneswar,Non-Stick Cookware Set,Home & Kitchen,1,2777,2777,CUST-65543,Marketplace
UK-2026-101341,2026-02-01,South,Chennai,Silk Saree,Fashion,1,3455,3455,CUST-23164,Marketplace
UK-2026-103469,2026-05-03,North,Noida,Vitamin C Serum,Beauty,1,733,733,CUST-91883,Marketplace
UK-2026-100034,2026-01-12,North,Delhi,Power Bank 20000mAh,Electronics,1,1866,1866,CUST-91349,App
UK-2026-100264,2026-01-27,West,Pune,Vitamin C Serum,Beauty,1,719,719,CUST-14721,App
UK-2026-103361,2026-05-13,Central,Raipur,power bank 20000mah,Electronics,1,1745,1745,CUST-23768,App
UK-2026-101855,2026-03-27,South,Chennai,Adjustable Dumbbells 15kg,Sports,2,4834,9668,CUST-38139,App
UK-2026-104178,"Jun 14, 2026",North,Delhi,Slim Fit Jeans,Fashion,3,1679,5037,CUST-43390,App
UK-2026-100846,2026-02-07,West,Ahmedabad,Mixer Grinder 750W,Home & Kitchen,2,3278,6556,CUST-27463,Website
UK-2026-103619,2026-05-08,South,Bangalore,Mixer Grinder 750W,Home & Kitchen,2,3344,6688,CUST-72346,App
UK-2026-100559,2026-01-14,North,Noida,Cotton Bedsheet Set,Home & Kitchen,2,1359,2718,CUST-24910,Website
UK-2026-101709,2026-03-05,West,Ahmedabad,Cotton Kurta Set,Fashion,1,1348,1348,CUST-54953,App
UK-2026-102282,2026-04-13,South,Hyderabad,Smart Watch X2,Electronics,1,4523,4523,CUST-73272,Marketplace
UK-2026-101812,2026-03-16,South,Bengaluru,Non-Stick Cookware Set,Home & Kitchen,1,2901,2901,CUST-45102,Website
UK-2026-102027,2026-03-20,North,New Delhi,Smart Watch X2,Electronics,1,4374,4374,CUST-65967,App
UK-2026-101649,2026-03-26,South,Kochi,Non-Stick Cookware Set,Home & Kitchen,1,3023,3023,CUST-23456,App
UK-2026-103544,2026-05-17,East,Bhubaneswar,Sunscreen SPF50,Beauty,4,573,2292,CUST-44061,App
UK-2026-100492,2026-01-06,East,Kolkata,Modern Wall Clock,Home & Kitchen,1,769,769,CUST-22101,App
UK-2026-100407,2026-01-03,Central,Nagpur,Mirrorless Camera Lite,Electronics,1,30332,30332 INR,CUST-27617,Marketplace
UK-2026-102280,2026-04-08,North,Gurugram,Formal Shirt,Fashion,1,1119,1119,CUST-81036,App
UK-2026-103479,2026-05-04,East,Guwahati,Face Wash Combo,Beauty,2,470,940,CUST-66555,Website
UK-2026-102064,2026-03-04,West,Ahmedabad,Gym Gloves,Sports,2,500,1000,CUST-30924,App
UK-2026-103277,2026-05-26,West,Mumbai,43-inch Smart TV,Electronics,1,26779,26779,CUST-17416,App
UK-2026-101974,2026-03-20,West,Ahmedabad,Noise-Cancelling Headphones,Electronics,1,8870,8870,CUST-18724,App
UK-2026-103350,2026-05-18,South,Hyderabad,Running Sneakers,Fashion,2,2715,5430,CUST-35281,Website
UK-2026-104548,2026-06-18,South,Kochi,Mixer Grinder 750W,Home & Kitchen,2,3273,6546,CUST-32613,Website
UK-2026-101245,2026-02-07,West,Surat,Mixer Grinder 750W,Home & Kitchen,1,3276,3276,CUST-86605,App
UK-2026-102414,2026-04-03,South,Hyderabad,Beard Grooming Kit,Beauty,1,967,967,CUST-57405,App
UK-2026-101160,2026-02-10,South,Chennai,Air Fryer 5L,Home & Kitchen,1,5397,5397,CUST-49894,App
UK-2026-104256,2026-06-06,Central,Indore,Slim Fit Jeans,Fashion,1,1543,1543,CUST-57105,App
UK-2026-102150,2026-03-31,,Indore,Mirrorless Camera Lite,Electronics,2,27710,55420,CUST-48908,Marketplace
UK-2026-101189,"Feb 10, 2026",Central,Raipur,Face Wash Combo,Beauty,1,436,436,CUST-39493,Website
UK-2026-104885,07/06/2026,East,Bhubaneswar,Power Bank 20000mAh,Electronics,1,1789,1789,CUST-44061,App
UK-2026-101256,2026-02-07,West,Mumbai,MIRRORLESS CAMERA LITE,Electronics,1,29896,29896,CUST-87194,Marketplace
UK-2026-102871,2026-04-03,Central,Bhopal,Non-Stick Cookware Set,Home & Kitchen,1,2784,2784,CUST-78745,App
UK-2026-103048,2026-04-26,West,Ahmedabad,Denim Jacket,Fashion,1,2209,2209,CUST-30976,Website
UK-2026-102066,2026-03-22,Central,Raipur,Mirrorless Camera Lite,Electronics,1,27640,27640,CUST-19865,App
UK-2026-102735,2026-04-10,West,Pune,Bluetooth Speaker Mini,Electronics,1,1565,1565,CUST-30315,Marketplace
UK-2026-104257,2026-06-16,South,Hyderabad,Noise-Cancelling Headphones,Electronics,1,8957,8957,CUST-45547,Marketplace
UK-2026-103943,2026-05-04,South,Kochi,Slim Fit Jeans,Fashion,2,1634,3268,CUST-81804,Website
UK-2026-102734,2026-04-25,South,Hyderabad,Denim Jacket,Fashion,1,2273,2273,CUST-45694,Website
UK-2026-101530,2026-03-16,North,Delhi,Denim Jacket,Fashion,1,2295,2295,CUST-43592,App
UK-2026-104029,2026-06-19,West,Pune,Ethnic Dupatta,Fashion,3,517,1551,CUST-72014,Website
UK-2026-103069,2026-04-14,Central,Indore,Sunscreen SPF50,Beauty,2,530,1060,CUST-24039,App
UK-2026-102528,2026-04-13,South,Kochi,Air Fryer 5L,Home & Kitchen,1,5381,5381,CUST-31213,App
UK-2026-101335,2026-02-03,South,Hyderabad,Sunscreen SPF50,Beauty,3,540,1620,CUST-64988,App
UK-2026-101949,2026-03-01,North,Delhi,Ultrabook Air 14,Electronics,1,29633,29633,CUST-57436,Website
UK-2026-100585,2026-01-13,North,Gurugram,Ethnic Dupatta,Fashion,1,517,517,CUST-78752,App
UK-2026-102003,2026-03-07,North,Noida,Ionic Hair Dryer,Beauty,1,1988,1988,CUST-19037,App
UK-2026-102975,2026-04-20,South,Hyderabad,Bluetooth Speaker Mini,Electronics,2,1487,2974,CUST-61116,Marketplace
UK-2026-102794,2026-04-17,North,Chandigarh,Bluetooth Speaker Mini,Electronics,2,1487,2974,CUST-83045,App
UK-2026-103238,2026-05-05,South,Hyderabad,Wireless Earbuds Pro,Electronics,1,2999,,CUST-10043,Website
UK-2026-102226,2026-03-28,East,Patna,Wireless Earbuds Pro,Electronics,2,3073,"6,146.00",CUST-88240,Marketplace
UK-2026-100031,2026-01-15,,Noida,Noise-Cancelling Headphones,Electronics,1,8778,8778,CUST-74746,Website
UK-2026-104678,2026-06-19,North,Chandigarh,Smart Watch X2,Electronics,2,4632,9264,CUST-69825,App
UK-2026-100869,2026-02-21,South,Chennai,Denim Jacket,Fashion,1,2210,2210,CUST-65049,Website
UK-2026-103556,2026-05-13,North,Gurugram,Makeup Brush Set,Beauty,1,1296,1296,CUST-65935,App
UK-2026-104946,2026-06-06,South,Kochi,Vitamin C Serum,Beauty,1,666,666,CUST-17855,App
UK-2026-102939,2026-04-01,North,Chandigarh,Noise-Cancelling Headphones,Electronics,3,8745,26235,CUST-71468,Marketplace
UK-2026-102212,2026-03-03,South,Chennai,Modern Wall Clock,Home & Kitchen,2,763,1526,CUST-33278,App
UK-2026-103112,2026-05-01,West,Mumbai,Leather Wallet,Fashion,1,880,880,CUST-15772,App
UK-2026-100783,2026-02-05,Central,Bhopal,Non-Stick Cookware Set,Home & Kitchen,2,3022,6044,CUST-46300,App
UK-2026-100961,2026-02-28,South,Bengaluru,Noise-Cancelling Headphones,Electronics,1,8569,8569,CUST-92986,App
UK-2026-104956,2026-06-13,West,Pune,Air Fryer 5L,Home & Kitchen,2,5571,11142,CUST-66640,App
UK-2026-100143,2026-01-19,South,Chennai,Cotton Kurta Set,Fashion,1,1360,1360,CUST-61290,App
UK-2026-104936,2026-06-18,South,Chennai,Yoga Mat Pro,Sports,2,1240,2480,CUST-61116,Marketplace
UK-2026-103930,2026-05-17,Central,Indore,Wireless Earbuds Pro,Electronics,,3119,12476,CUST-47687,Marketplace
UK-2026-101867,2026-03-08,North,Gurugram,Foldable Treadmill T2,Sports,1,23862,23862,CUST-99810,Website
UK-2026-102622,2026-04-04,Central,Raipur,Cotton Bedsheet Set,Home & Kitchen,2,1447,2894,CUST-48836,Website
UK-2026-100626,2026-01-16,West,Surat,Cotton Kurta Set,Fashion,1,1362,1362,CUST-35209,App
UK-2026-101337,"Feb 4, 2026",North,Gurugram,Foldable Treadmill T2,Sports,1,26203,26203,CUST-23640,Website
UK-2026-100273,2026-01-26,South,Kochi,Ultrabook Air 14,Electronics,1,29517,29517,CUST-47695,Website
UK-2026-103754,2026-05-01,West,Pune,Vitamin C Serum,Beauty,1,711,711,CUST-90485,Website
UK-2026-104010,2026-05-28,South,Kochi,Ultrabook Air 14,Electronics,2,29758,59516,CUST-12410,App
UK-2026-103463,2026-05-27,North,Chandigarh,Face Wash Combo,Beauty,1,458,458,CUST-77133,App
UK-2026-102146,2026-03-17,South,Hyderabad,Badminton Racket Set,Sports,1,2570,2570,CUST-38656,Website
UK-2026-100991,2026-02-13,North,Chandigarh,43-inch Smart TV,Electronics,1,25655,25655,CUST-65833,Website
UK-2026-103278,2026-05-09,South,Kochi,Noise-Cancelling Headphones,Electronics,1,9241,9241,CUST-32705,Marketplace
UK-2026-104605,2026-06-09,West,Ahmedabad,Formal Shirt,Fashion,3,1052,3156,CUST-26686,Marketplace
UK-2026-102714,2026-04-02,West,Mumbai,Bluetooth Speaker Mini,Electronics,1,1496,1496,CUST-71316,App
UK-2026-104610,2026-06-11,North,CHANDIGARH,Matte Lipstick Set,Beauty,1,896,896,CUST-45542,App
UK-2026-103134,2026-05-13,East,Guwahati,Eau de Parfum 100ml,Beauty,1,1942,1942,CUST-22301,Marketplace
UK-2026-100055,2026-01-18,North,Gurugram,43-inch Smart TV,Electronics,1,27087,27087,CUST-25530,App
UK-2026-104011,2026-05-21,Central,Nagpur,Cotton Bedsheet Set,Home & Kitchen,1,1453,1453,CUST-31783,App
UK-2026-100836,2026-02-12,North,Chandigarh,Power Bank 20000mAh   ,Electronics,2,1854,3708,CUST-41268,App
UK-2026-104939,2026-06-18,West,Pune,Gym Gloves,Sports,1,518,518,CUST-47685,Marketplace
UK-2026-104341,2026-06-28,West,Mumbai,Ultrabook Air 14,Electronics,1,31049,31049,CUST-72698,App
UK-2026-104189,2026-06-29,North,Gurugram,Non-Stick Cookware Set,Home & Kitchen,1,2821,2821,CUST-78480,Website
UK-2026-102511,2026-04-03,South,Chennai,Adjustable Dumbbells 15kg,Sports,1,5006,5006,CUST-18412,App
UK-2026-102464,2026-04-09,North,Chandigarh,Noise-Cancelling Headphones,Electronics,1,8808,8808,CUST-72640,App
UK-2026-100986,2026-02-23,East,Bhubaneswar,Dinner Set 24pc,Home & Kitchen,1,2501,2501,CUST-49605,App
UK-2026-100345,2026-01-08,East,Bhubaneswar,Cotton Kurta Set,Fashion,1,1362,1362,CUST-36046,App
UK-2026-102364,2026-04-07,North,Chandigarh,Noise-Cancelling Headphones,Electronics,3,9395,28185,CUST-22564,Marketplace
UK-2026-104127,2026-06-06,East,Patna,Silk Saree,Fashion,1,3661,3661,CUST-45542,App
UK-2026-102825,2026-04-19,North,Delhi,Running Sneakers,Fashion,1,2910,2910,CUST-92832,App
UK-2026-104368,2026-06-06,West,Surat,Cotton Kurta Set,Fashion,1,1333,1333,CUST-83009,Marketplace
UK-2026-102134,2026-03-22,Central,Indore,Denim Jacket,Fashion,3,2255,6765,CUST-58301,Website
UK-2026-104460,2026-06-28,South,Chennai,Noise-Cancelling Headphones,Electronics,1,8617,8617,CUST-72946,Marketplace
UK-2026-103070,"Apr 1, 2026",South,Kochi,Slim Fit Jeans,Fashion,1,1609,1609,CUST-59466,Website
UK-2026-101800,2026-03-04,West,Surat,Mixer Grinder 750W,Home & Kitchen,1,3397,3397,CUST-34176,Website
UK-2026-101429,2026-02-28,South,Bengaluru,Power Bank 20000mAh,Electronics,1,1813,1813,CUST-68723,Marketplace
UK-2026-103830,2026-05-29,South,Chennai,Wireless Earbuds Pro,Electronics,1,2973,2973,CUST-19338,Marketplace
UK-2026-103738,2026-05-07,East,Patna,43-inch Smart TV,Electronics,3,26622,79866,CUST-69893,Marketplace
UK-2026-103608,2026-05-06,South,Chennai,Leather Wallet,Fashion,2,865,1730,CUST-51713,App
UK-2026-100248,2026-01-10,South,Bengaluru,Mixer Grinder 750W,Home & Kitchen,1,3302,3302,CUST-85101,Website
UK-2026-101991,06-03-26,North,Chandigarh,Face Wash Combo,Beauty,1,452,452,CUST-23153,App
UK-2026-100718,2026-01-04,East,Patna,Cycling Helmet,Sports,2,1543,3086,CUST-97287,Marketplace
UK-2026-102079,2026-03-13,North,Delhi,Bluetooth Speaker Mini,Electronics,2,1522,3044,CUST-95794,Website
UK-2026-104877,"Jun 4, 2026",South,Chennai,Bluetooth Speaker Mini,Electronics,1,1499,1499,CUST-46687,Website
UK-2026-101940,2026-03-19,Central,Raipur,Badminton Racket Set,Sports,1,2503,2503,CUST-92677,App
UK-2026-104849,2026-06-02,South,Madras,Beard Grooming Kit,Beauty,2,998,1996,CUST-20881,App
UK-2026-100079,2026-01-06,South,Bengaluru,Air Fryer 5L,Home & Kitchen,2,5706,11412,CUST-26026,App
UK-2026-104670,27-06-26,Central,Raipur,Badminton Racket Set,Sports,1,2458,2458,CUST-64720,Marketplace
UK-2026-101836,2026-03-28,South,Hyderabad,Adjustable Dumbbells 15kg,Sports,1,4775,4775,CUST-35276,App
UK-2026-100636,2026-01-30,East,Patna,Dinner Set 24pc,Home & Kitchen,1,2445,2445,CUST-34123,Marketplace
UK-2026-102911,06/04/2026,North,Chandigarh,Power Bank 20000mAh,Electronics,1,1831,1831,CUST-99456,Website
UK-2026-104822,2026-06-03,West,Surat,Power Bank 20000mAh,Electronics,2,1829,3658,CUST-41122,Website
UK-2026-104640,2026-06-20,South,Kochi,Cotton Bedsheet Set,Home & Kitchen,1,1346,1346,CUST-38066,Website
UK-2026-103156,2026-05-29,West,Surat,Smart Watch X2,Electronics,1,4688,4688,CUST-73605,Marketplace
UK-2026-103007,2026-04-06,North,Noida,Adjustable Dumbbells 15kg,Sports,1,5025,5025,CUST-13724,Website
UK-2026-101474,2026-03-14,West,Pune,Noise-Cancelling Headphones,Electronics,3,8958,26874,CUST-97126,Website
UK-2026-101216,2026-02-15,West,Ahmedabad,Football Size 5,Sports,1,927,927,CUST-68192,App
UK-2026-101950,2026-03-16,South,Kochi,Silk Saree,Fashion,1,3407,3407,CUST-18699,Website
UK-2026-104514,2026-06-04,South,Chennai,Slim Fit Jeans,Fashion,2,1532,3064,CUST-66555,Website
UK-2026-101845,2026-03-31,West,Surat,Bluetooth Speaker Mini,Electronics,1,1517,1517,CUST-18041,App
UK-2026-100066,2026-01-31,North,Noida,43-inch Smart TV,Electronics,,27213,54426,CUST-54547,App
UK-2026-103044,2026-04-12,Central,Indore,Cotton Kurta Set,Fashion,1,1295,1295,CUST-84748,Website
UK-2026-100856,2026-02-10,South,Hyderabad,Dinner Set 24pc,Home & Kitchen,1,2574,2574,CUST-34497,Marketplace
UK-2026-102379,2026-04-21,North,Gurugram,Cotton Kurta Set,Fashion,1,1263,1263,CUST-16143,Website
UK-2026-104529,2026-06-24,North,Gurugram,Denim Jacket,Fashion,1,2297,2297,CUST-91082,Website
UK-2026-100436,2026-01-31,South,Hyderabad,Cotton Kurta Set,Fashion,1,1273,1273,CUST-99810,App
UK-2026-103545,2026-05-04,West,Pune,Yoga Mat Pro,Sports,1,1255,1255,CUST-86193,Website
UK-2026-103746,2026-05-26,South,Bengaluru,Sunscreen SPF50,Beauty,1,556,556,CUST-53817,Website
UK-2026-102462,2026-04-01,East,Guwahati,Denim Jacket,Fashion,2,2259,4518,CUST-91324,App
UK-2026-102512,2026-04-25,Central,Raipur,Face Wash Combo,Beauty,2,438,876,CUST-13796,Website
UK-2026-103065,2026-04-12,East,Bhubaneswar,Mirrorless Camera Lite,Electronics,2,27916,55832,CUST-84081,App
UK-2026-102584,2026-04-18,East,Kolkata,Slim Fit Jeans,Fashion,1,1652,1652,CUST-35368,App
UK-2026-104997,2026-06-08,West,Pune,Power Bank 20000mAh,Electronics,2,1821,3642,CUST-73930,App
UK-2026-104373,26-06-26,South,Bengaluru,Yoga Mat Pro,Sports,1,1219,1219,CUST-46778,Website
UK-2026-100793,2026-02-02,West,Pune,43-inch Smart TV,Electronics,2,25456,50912,CUST-59564,Marketplace
UK-2026-101075,2026-02-06,North,Gurugram,Ethnic Dupatta,Fashion,1,511,511,CUST-38985,Website
UK-2026-104100,2026-06-29,Central,Bhopal,Ionic Hair Dryer,Beauty,1,1839,1839,CUST-32634,Marketplace
UK-2026-103817,2026-05-12,South,Hyderabad,Smart Watch X2,Electronics,,4395,8790,CUST-80041,Marketplace
UK-2026-103148,2026-05-03,West,Ahmedabad,Formal Shirt,Fashion,1,1128,1128,CUST-79025,App
UK-2026-104767,2026-06-24,East,Patna,Bluetooth Speaker Mini,Electronics,2,1558,3116,CUST-26026,Website
UK-2026-100923,2026-02-01,South,Chennai,Ultrabook Air 14,Electronics,2,31249,62498,CUST-52363,Marketplace
UK-2026-102922,2026-04-09,East,Bhubaneswar,43-inch Smart TV,Electronics,1,27269,27269,CUST-26952,Marketplace
UK-2026-104716,2026-06-24,North,Delhi,Eau de Parfum 100ml,Beauty,1,1966,1966,CUST-14195,Website
UK-2026-104595,2026-06-14,Central,Indore,Gym Gloves,Sports,1,495,495,CUST-89314,Website
UK-2026-102549,2026-04-10,,Chennai,Cotton Bedsheet Set,Home & Kitchen,1,1330,1330,CUST-70987,Marketplace
UK-2026-100880,2026-02-26,Central,Raipur,Smart Watch X2,Electronics,1,4385,4385,CUST-27000,App
UK-2026-101200,2026-02-15,Central,Raipur,Denim Jacket,Fashion,1,2182,2182,CUST-69997,Website
UK-2026-101438,2026-02-18,North,Delhi,Eau de Parfum 100ml,Beauty,2,1987,3974,CUST-27397,Website
UK-2026-102224,2026-03-24,Central,Indore,bluetooth speaker mini,Electronics,1,1541,1541,CUST-97238,Website
UK-2026-101887,2026-03-14,South,Kochi,Wireless Earbuds Pro,Electronics,2,2873,5746,CUST-94130,App
UK-2026-104044,2026-06-04,West,Surat,43-inch Smart TV,Electronics,1,27011,27011,CUST-83962,App
UK-2026-101706,2026-03-03,North,Noida,43-inch Smart TV,Electronics,1,26787,26787,CUST-46122,Website
UK-2026-101049,2026-02-17,North,Noida,Cycling Helmet,Sports,3,1548,4644,CUST-20881,Marketplace
UK-2026-104174,2026-06-14,West,Surat,Ultrabook Air 14,Electronics,2,30437,60874,CUST-49005,Marketplace
UK-2026-101968,2026-03-27,West,Bombay,Slim Fit Jeans,Fashion,1,1651,1651,CUST-18569,App
UK-2026-104275,2026-06-24,South,Kochi,Makeup Brush Set,Beauty,1,1280,1280,CUST-98936,Website
UK-2026-102096,2026-03-28,,Ahmedabad,Silk Saree,Fashion,2,3613,7226,CUST-72065,Website
UK-2026-101851,2026-03-17,South,Hyderabad,Leather Wallet,Fashion,1,875,875,CUST-71388,App
UK-2026-100745,2026-02-21,Central,Raipur,Modern Wall Clock,Home & Kitchen,1,839,839,CUST-22021,App
UK-2026-101301,2026-02-05,Central,Bhopal,Beard Grooming Kit,Beauty,1,1043,1043,CUST-87948,Website
UK-2026-104039,2026-06-27,South,Hyderabad,Wireless Earbuds Pro,Electronics,1,2963,2963,CUST-20423,Website
UK-2026-102820,2026-04-24,South,Cochin,Face Wash Combo,Beauty,1,447,447,CUST-80894,Marketplace
UK-2026-104259,2026-06-23,East,Kolkata,Ionic Hair Dryer,Beauty,1,1817,1817,CUST-88452,Marketplace
UK-2026-100219,2026-01-09,East,Bhubaneswar,Mixer Grinder 750W,Home & Kitchen,1,3438,3438,CUST-27397,Marketplace
UK-2026-103939,2026-05-19,North,Noida,Robot Vacuum R7,Home & Kitchen,1,19569,19569,CUST-18342,Website
UK-2026-100980,2026-02-03,North,Gurugram,Cotton Bedsheet Set,Home & Kitchen,1,1360,1360,CUST-42035,App
UK-2026-101717,2026-03-07,South,Bengaluru,Eau de Parfum 100ml,Beauty,2,1924,3848,CUST-35251,App
UK-2026-100006,2026-01-16,South,Hyderabad,Ultrabook Air 14   ,Electronics,1,28504,28504,CUST-58375,App
UK-2026-100912,2026-02-24,South,Hyderabad,Power Bank 20000mAh,Electronics,1,1800,1800,CUST-29817,App
UK-2026-101331,2026-02-07,West,Ahmedabad,Bluetooth Speaker Mini,Electronics,1,1551,1551,CUST-24347,Website
UK-2026-102907,22/04/2026,South,Hyderabad,Denim Jacket,Fashion,1,2199,2199,CUST-88663,Marketplace
UK-2026-101564,2026-03-08,South,Kochi,Noise-Cancelling Headphones,Electronics,4,8671,34684,CUST-42937,Website
UK-2026-103050,2026-04-23,West,Bombay,Running Sneakers,Fashion,1,2931,2931,CUST-81569,App
UK-2026-102833,2026-04-07,East,Patna,Formal Shirt,Fashion,1,1069,1069,CUST-96108,App
UK-2026-104800,2026-06-13,West,Ahmedabad,Wireless Earbuds Pro,Electronics,1,2941,2941,CUST-31086,App
UK-2026-103487,2026-05-16,Central,Indore,Denim Jacket,Fashion,1,2152,2152,CUST-61842,Website
UK-2026-100618,2026-01-23,North,Noida,Smart Watch X2,Electronics,2,4417,8834,CUST-25060,Marketplace
UK-2026-100987,2026-02-26,West,Surat,Modern Wall Clock,Home & Kitchen,2,769,1538,CUST-13307,App
UK-2026-103925,2026-05-12,West,Ahmedabad,Air Fryer 5L,Home & Kitchen,3,5269,15807,CUST-57359,Marketplace
UK-2026-102590,2026-04-04,South,Chennai,Mixer Grinder 750W,Home & Kitchen,1,3172,3172,CUST-29206,App
UK-2026-100089,2026-01-15,West,Surat,Leather Wallet,Fashion,1,937,937,CUST-48524,App
UK-2026-102594,2026-04-28,North,Chandigarh,Air Fryer 5L,Home & Kitchen,1,5497,5497,CUST-71461,Website
UK-2026-100591,15/01/2026,North,Chandigarh,Beard Grooming Kit,Beauty,1,1031,1031,CUST-86801,App
UK-2026-104563,2026-06-16,West,Pune,Mirrorless Camera Lite,Electronics,1,29076,29076,CUST-48964,Marketplace
UK-2026-104160,2026-06-27,West,Pune,Denim Jacket,Fashion,1,2097,2097,CUST-95789,App
UK-2026-102516,2026-04-14,West,Surat,Vitamin C Serum,Beauty,1,669,669,CUST-51468,Website
UK-2026-101323,2026-02-17,Central,Indore,Ethnic Dupatta,Fashion,1,500,500,CUST-29977,App
UK-2026-100483,2026-01-12,,Chandigarh,43-inch Smart TV,Electronics,1,27090,27090,CUST-50331,App
UK-2026-100431,2026-01-24,East,Kolkata,Ultrabook Air 14,Electronics,1,30865,30865,CUST-47218,Marketplace
UK-2026-102202,2026-03-19,West,Surat,Cotton Bedsheet Set,Home & Kitchen,1,1381,1381,CUST-30924,App
UK-2026-104734,2026-06-25,Central,Raipur,Cycling Helmet,Sports,1,1652,1652,CUST-89928,App
UK-2026-102124,2026-03-27,North,Delhi,Running Sneakers,Fashion,2,2800,5600,CUST-15582,Marketplace
UK-2026-102999,2026-04-29,North,Chandigarh,Robot Vacuum R7,Home & Kitchen,1,18216,18216,CUST-48631,App
UK-2026-102238,2026-03-24,Central,Indore,Smart Watch X2,Electronics,,4586,4586,CUST-97703,App
UK-2026-104856,2026-06-15,South,Kochi,Silk Saree,Fashion,2,3377,6754,CUST-22679,App
UK-2026-104945,2026-06-07,East,Bhubaneswar,Smart Watch X2,Electronics,1,4371,4371,CUST-22567,Marketplace
UK-2026-101320,2026-02-03,East,Bhubaneswar,Modern Wall Clock,Home & Kitchen,1,807,807,CUST-73719,Marketplace
UK-2026-103941,2026-05-31,South,Kochi,Dinner Set 24pc,Home & Kitchen,1,2522,2522,CUST-61842,Marketplace
UK-2026-101873,2026-03-01,Central,Indore,Vitamin C Serum,Beauty,1,704,704,CUST-55694,Website
UK-2026-101067,2026-02-23,West,Surat,Matte Lipstick Set,Beauty,1,943,943,CUST-88240,Website
UK-2026-100214,2026-01-09,North,Noida,badminton racket set,Sports,1,2492,2492,CUST-11930,Website
UK-2026-103169,2026-05-10,North,Chandigarh,Cycling Helmet,Sports,1,1560,1560,CUST-24219,Marketplace
UK-2026-100782,2026-02-14,South,Hyderabad,Slim Fit Jeans,Fashion,2,1571,3142,CUST-92771,Website
UK-2026-104413,2026-06-17,West,Mumbai,43-inch Smart TV,Electronics,3,26487,79461,CUST-55694,Marketplace
UK-2026-101838,2026-03-06,Central,Indore,Matte Lipstick Set,Beauty,1,855,855,CUST-67446,Website
UK-2026-103601,2026-05-08,West,Mumbai,Cotton Bedsheet Set,Home & Kitchen,3,1449,4347,CUST-75875,Website
UK-2026-100918,2026-02-12,Central,Indore,Formal Shirt,Fashion,3,1132,3396,CUST-48243,App
UK-2026-100682,"Jan 6, 2026",North,Delhi,Smart Watch X2,Electronics,1,4333,4333,CUST-21190,App
UK-2026-100204,2026-01-04,West,Ahmedabad,Air Fryer 5L,Home & Kitchen,1,5529,5529,CUST-45342,App
UK-2026-104490,2026-06-04,South,Kochi,Vitamin C Serum,Beauty,1,672,672,CUST-49570,App
UK-2026-100186,2026-01-10,West,Pune,Electric Kettle 1.5L,Home & Kitchen,1,1044,1044,CUST-36668,App
UK-2026-102123,2026-03-16,Central,Raipur,Cotton Kurta Set,Fashion,2,1294,2588,CUST-19338,App
UK-2026-104456,2026-06-13,East,Patna,Gym Gloves,Sports,1,510,510,CUST-73417,App
UK-2026-104963,2026-06-02,North,Noida,Noise-Cancelling Headphones,Electronics,1,9368,9368,CUST-52967,Marketplace
UK-2026-100412,2026-01-10,Central,Indore,Dinner Set 24pc,Home & Kitchen,1,2534,2534,CUST-57204,Website
UK-2026-102984,2026-04-02,East,Patna,Beard Grooming Kit,Beauty,2,990,1980,CUST-89252,Marketplace
UK-2026-103597,2026-05-16,South,Kochi,Power Bank 20000mAh,Electronics,2,1738,3476,CUST-55561,App
UK-2026-104796,2026-06-03,South,Bengaluru,Leather Wallet,Fashion,1,909,909,CUST-81483,Marketplace
UK-2026-101066,2026-02-11,South,Chennai,Slim Fit Jeans,Fashion,2,1549,3098,CUST-73442,Website
UK-2026-103210,2026-05-16,Central,Indore,Ultrabook Air 14,Electronics,1,30615,30615,CUST-68620,App
UK-2026-104576,2026-06-26,West,Surat,Wireless Earbuds Pro,Electronics,1,3043,3043,CUST-78683,Website
UK-2026-102632,2026-04-30,East,Patna,Face Wash Combo,Beauty,1,450,450,CUST-47585,App
UK-2026-102992,2026-04-06,South,Kochi,Bluetooth Speaker Mini,Electronics,1,1553,1553,CUST-35839,Website
UK-2026-102256,2026-04-12,Central,Raipur,wireless earbuds pro,Electronics,3,2879,8637,CUST-87173,Marketplace
UK-2026-101013,2026-02-06,South,Bengaluru,Wireless Earbuds Pro,Electronics,1,3130,3130,CUST-74789,Website
UK-2026-101507,02-03-26,North,Chandigarh,Beard Grooming Kit,Beauty,1,951,951,CUST-12501,Website
UK-2026-101749,2026-03-24,South,Kochi,Makeup Brush Set,Beauty,2,1353,2706,CUST-73338,Website
UK-2026-103542,"May 17, 2026",North,Chandigarh,Air Fryer 5L,Home & Kitchen,1,5510,5510,CUST-57193,Website
UK-2026-101132,2026-02-14,South,Kochi,Dinner Set 24pc,Home & Kitchen,1,2389,2389,CUST-24099,Website
UK-2026-104332,2026-06-25,Central,Raipur,Noise-Cancelling Headphones,Electronics,1,9387,9387,CUST-29901,Website
UK-2026-104317,2026-06-05,West,Mumbai,Silk Saree,Fashion,1,3335,3335,CUST-48317,Marketplace
UK-2026-100310,2026-01-29,West,Mumbai,Matte Lipstick Set,Beauty,-2,940,940,CUST-47223,Website
UK-2026-101521,2026-03-19,West,Mumbai,Face Wash Combo,Beauty,2,462,924,CUST-81882,Website
UK-2026-102318,2026-04-04,South,Hyderabad,Yoga Mat Pro,Sports,1,1188,1188,CUST-45332,Marketplace
UK-2026-102862,2026-04-17,South,Chennai,Noise-Cancelling Headphones,Electronics,1,9313,9313,CUST-18734,Website
UK-2026-103388,2026-05-06,North,Chandigarh,Yoga Mat Pro,Sports,1,1162,1162,CUST-53158,App
UK-2026-104577,2026-06-05,South,Hyderabad,Cotton Kurta Set,Fashion,1,1281,1281,CUST-70966,Marketplace
UK-2026-101100,2026-02-10,South,Chennai,Beard Grooming Kit,Beauty,1,1016,1016,CUST-66793,Marketplace
UK-2026-104486,2026-06-01,South,Kochi,Silk Saree,Fashion,1,3335,3335,CUST-38130,Website
UK-2026-103245,2026-05-27,North,Chandigarh,Ultrabook Air 14,Electronics,1,31147,31147,CUST-23298,App
UK-2026-101230,2026-02-12,East,Bhubaneswar,Non-Stick Cookware Set,Home & Kitchen,1,2930,,CUST-87808,Website
UK-2026-100130,2026-01-08,North,Chandigarh,Cotton Bedsheet Set,Home & Kitchen,1,1408,1408,CUST-86076,Website
UK-2026-100199,2026-01-14,East,Bhubaneswar,Slim Fit Jeans,Fashion,1,1610,1610,CUST-84170,App
UK-2026-100334,"Jan 26, 2026",South,Chennai,Mirrorless Camera Lite,Electronics,2,28547,57094,CUST-21190,Website
UK-2026-101650,2026-03-29,South,Chennai,Foldable Treadmill T2,Sports,1,24374,24374,CUST-71124,Marketplace
UK-2026-103218,2026-05-29,West,Surat,Smart Watch X2,Electronics,2,4348,8696,CUST-46122,Marketplace
UK-2026-100494,2026-01-15,West,Surat,Slim Fit Jeans,Fashion,1,1675,1675,CUST-99639,App
UK-2026-101213,2026-02-10,South,Chennai,Robot Vacuum R7,Home & Kitchen,1,19202,19202,CUST-78745,App
UK-2026-101492,2026-03-16,North,Delhi,Non-Stick Cookware Set,Home & Kitchen,1,2919,2919,CUST-55561,App
UK-2026-103289,2026-05-01,East,Kolkata,Vitamin C Serum,Beauty,1,692,692,CUST-31209,Website
UK-2026-101882,2026-03-03,South,Bengaluru,Smart Watch X2,Electronics,1,4602,4602,CUST-12841,App
UK-2026-102254,2026-04-02,South,Chennai,Badminton Racket Set,Sports,1,2494,2494,CUST-87405,Marketplace
UK-2026-104677,2026-06-05,South,Kochi,Slim Fit Jeans,Fashion,1,1675,"₹1,675",CUST-80886,App
UK-2026-102844,2026-04-17,South,Hyderabad,Power Bank 20000mAh,Electronics,1,1818,1818,CUST-14211,App
UK-2026-104333,2026-06-22,West,Mumbai,43-inch Smart TV,Electronics,1,27040,27040,CUST-87251,Website
UK-2026-103677,2026-05-30,Central,Bhopal,Leather Wallet,Fashion,1,925,925,CUST-37066,App
UK-2026-100189,2026-01-15,East,Kolkata,Running Sneakers,Fashion,1,2914,2914,CUST-70386,App
UK-2026-104792,2026-06-01,West,Surat,Wireless Earbuds Pro,Electronics,2,2927,5854,CUST-43592,Marketplace
UK-2026-101809,2026-03-20,South,Bengaluru,43-inch Smart TV,Electronics,1,27283,27283,CUST-25818,App
UK-2026-104948,2026-06-09,North,Noida,Power Bank 20000mAh,Electronics,1,1727,1727,CUST-85468,Website
UK-2026-102730,2026-04-14,North,Gurugram,43-inch Smart TV,Electronics,2,24864,49728,CUST-68233,App
UK-2026-102492,2026-04-30,South,Kochi,Non-Stick Cookware Set,Home & Kitchen,2,2776,5552,CUST-72906,App
UK-2026-104078,2026-06-09,South,Bengaluru,Mirrorless Camera Lite,Electronics,1,27771,27771,CUST-70221,App
UK-2026-102313,2026-04-09,North,Delhi,Face Wash Combo,Beauty,1,433,433,CUST-97828,Website
UK-2026-100377,2026-01-18,South,Hyderabad,Face Wash Combo,Beauty,3,438,1314,CUST-91296,App
UK-2026-101970,2026-03-14,West,Ahmedabad,Silk Saree,Fashion,2,3611,7222,CUST-63782,Marketplace
UK-2026-100834,07/02/2026,South,Chennai,Leather Wallet,Fashion,1,915,915,CUST-37891,Website
UK-2026-102231,2026-03-04,West,Pune,Face Wash Combo,Beauty,1,439,439,CUST-21802,Website
UK-2026-102738,2026-04-14,West,Pune,43-inch Smart TV,Electronics,1,26865,26865,CUST-86217,Marketplace
UK-2026-101434,2026-02-16,West,Ahmedabad,Silk Saree,Fashion,1,3519,3519,CUST-22534,App
UK-2026-102739,2026-04-20,West,Pune,Robot Vacuum R7,Home & Kitchen,2,19461,38922,CUST-89730,Marketplace
UK-2026-104720,2026-06-07,West,Surat,Mixer Grinder 750W,Home & Kitchen,1,3231,3231,CUST-14740,Marketplace
UK-2026-100379,2026-01-20,South,Bengaluru,Mixer Grinder 750W,Home & Kitchen,2,3189,6378,CUST-70189,App
UK-2026-104379,2026-06-20,North,Delhi,Running Sneakers,Fashion,1,2776,2776,CUST-72014,Website
UK-2026-100137,2026-01-04,South,Chennai,Foldable Treadmill T2,Sports,2,25981,51962,CUST-66074,Marketplace
UK-2026-102087,2026-03-25,South,Bengaluru,Foldable Treadmill T2,Sports,3,25727,77181,CUST-54681,Website
UK-2026-103997,2026-05-08,Central,Raipur,Power Bank 20000mAh,Electronics,1,1879,1879,CUST-45342,App
UK-2026-100742,2026-02-23,North,Chandigarh,Bluetooth Speaker Mini,Electronics,1,1490,1490,CUST-17413,Marketplace
UK-2026-100041,2026-01-31,South,Hyderabad,Ionic Hair Dryer,Beauty,1,1917,1917,CUST-80009,Website
UK-2026-101651,08/03/2026,East,Kolkata,Dinner Set 24pc,Home & Kitchen,1,2404,2404,CUST-77544,Marketplace
UK-2026-103209,2026-05-01,West,Pune,Adjustable Dumbbells 15kg,Sports,1,5107,5107,CUST-51567,App
UK-2026-103019,2026-04-04,South,Hyderabad,Formal Shirt,Fashion,1,1097,1097,CUST-25530,Website
UK-2026-104221,2026-06-27,East,Patna,Power Bank 20000mAh,Electronics,1,1764,1764,CUST-69392,Website
UK-2026-100282,2026-01-03,West,Ahmedabad,Mixer Grinder 750W,Home & Kitchen,,3197,3197,CUST-13212,Website
UK-2026-100617,2026-01-02,West,Mumbai,Wireless Earbuds Pro,Electronics,3,3031,9093,CUST-20902,Marketplace
UK-2026-104608,2026-06-24,North,Chandigarh,Modern Wall Clock,Home & Kitchen,1,832,832,CUST-17012,App
UK-2026-104345,2026-06-10,North,Chandigarh,Noise-Cancelling Headphones,Electronics,1,8693,8693,CUST-99802,Marketplace
UK-2026-101985,2026-03-18,North,Noida,Mixer Grinder 750W,Home & Kitchen,1,3417,3417,CUST-74594,Website
UK-2026-100299,2026-01-22,East,Patna,Robot Vacuum R7,Home & Kitchen,2,19851,39702,CUST-95966,Marketplace
UK-2026-100304,2026-01-24,North,Gurugram,Noise-Cancelling Headphones,Electronics,1,9229,9229,CUST-37348,Marketplace
UK-2026-101664,2026-03-05,South,Hyderabad,Sunscreen SPF50,Beauty,1,571,571,CUST-56789,App
UK-2026-103279,2026-05-06,North,Chandigarh,Cotton Bedsheet Set,Home & Kitchen,1,1467,1467,CUST-78207,Website
UK-2026-102109,2026-03-30,North,Noida,Modern Wall Clock,Home & Kitchen,1,800,800,CUST-28123,App
UK-2026-101490,2026-03-23,Central,Raipur,Smart Watch X2,Electronics,1,4528,4528,CUST-21625,Marketplace
UK-2026-100261,2026-01-23,North,Delhi,Power Bank 20000mAh,Electronics,1,1790,1790,CUST-99706,Website
UK-2026-103355,2026-05-09,West,Pune,Ultrabook Air 14,Electronics,2,28951,57902,CUST-49801,Website
UK-2026-101782,2026-03-30,South,Chennai,Non-Stick Cookware Set,Home & Kitchen,2,2924,5848,CUST-92690,Marketplace
UK-2026-101722,2026-03-14,North,Gurugram,Cycling Helmet,Sports,1,1532,1532,CUST-63964,Website
UK-2026-102818,2026-04-09,West,Ahmedabad,Sunscreen SPF50,Beauty,1,540,540,CUST-16382,App
UK-2026-101653,2026-03-12,Central,Raipur,Dinner Set 24pc,Home & Kitchen,1,2416,2416,CUST-81804,Marketplace
UK-2026-104917,2026-06-12,North,Chandigarh,Running Sneakers,Fashion,1,2670,2670,CUST-45342,Website
UK-2026-103481,2026-05-10,South,Bengaluru,Cotton Kurta Set,Fashion,1,1312,1312,CUST-83872,App
UK-2026-101177,2026-02-18,South,Cochin,Badminton Racket Set,Sports,1,2426,2426,CUST-49005,App
UK-2026-102806,2026-04-03,South,Chennai,Ethnic Dupatta,Fashion,2,478,956,CUST-96603,App
UK-2026-103670,2026-05-19,West,Mumbai,Dinner Set 24pc,Home & Kitchen,1,2446,2446,CUST-67893,Marketplace
UK-2026-104565,2026-06-07,North,Noida,Air Fryer 5L,Home & Kitchen,1,5553,5553,CUST-94028,Marketplace
UK-2026-100364,2026-01-20,South,Chennai,Noise-Cancelling Headphones,Electronics,1,9239,9239,CUST-93134,Website
UK-2026-100864,2026-02-02,West,Ahmedabad,Air Fryer 5L,Home & Kitchen,2,5307,10614,CUST-77895,App
UK-2026-101763,2026-03-11,East,Kolkata,Cotton Bedsheet Set,Home & Kitchen,1,1466,1466,CUST-53416,App
UK-2026-102038,2026-03-20,West,Surat,Denim Jacket,Fashion,1,2118,2118,CUST-97770,App
UK-2026-104687,2026-06-03,North,Delhi,Mirrorless Camera Lite,Electronics,3,28651,85953,CUST-62592,Marketplace
UK-2026-100011,2026-01-20,South,Chennai,Cotton Bedsheet Set,Home & Kitchen,1,1381,1381,CUST-18233,Website
UK-2026-102627,2026-04-03,North,Chandigarh,Smart Watch X2,Electronics,1,4431,4431,CUST-94230,Website
UK-2026-101687,2026-03-30,South,Hyderabad,Ethnic Dupatta,Fashion,2,522,1044,CUST-91311,App
UK-2026-103302,2026-05-21,East,Kolkata,Mirrorless Camera Lite,Electronics,1,28174,28174,CUST-57721,App
UK-2026-100082,2026-01-31,East,Patna,Ultrabook Air 14,Electronics,1,30584,30584,CUST-48044,Website
UK-2026-100091,2026-01-17,North,Delhi,Yoga Mat Pro,Sports,1,1185,1185,CUST-65784,Website
UK-2026-104630,2026-06-12,Central,Indore,Ultrabook Air 14,Electronics,1,31122,31122,CUST-38287,Marketplace
UK-2026-100306,2026-01-30,North,Delhi,Vitamin C Serum,Beauty,1,694,694,CUST-77376,App
UK-2026-100685,2026-01-18,West,Surat,Foldable Treadmill T2,Sports,1,24401,24401,CUST-87173,App
UK-2026-102848,2026-04-10,West,Pune,Smart Watch X2,Electronics,1,4688,4688,CUST-28712,App
UK-2026-100142,2026-01-01,South,Hyderabad,Noise-Cancelling Headphones,Electronics,1,9113,9113,CUST-55726,Website
UK-2026-103710,2026-05-21,East,Bhubaneswar,Slim Fit Jeans,Fashion,1,1595,1595,CUST-51606,Marketplace
UK-2026-103396,2026-05-05,Central,Indore,Silk Saree,Fashion,1,3650,3650,CUST-10755,Website
UK-2026-104516,2026-06-20,East,Bhubaneswar,Ultrabook Air 14,Electronics,3,28868,86604,CUST-24219,Website
UK-2026-104743,2026-06-05,West,Ahmedabad,43-inch Smart TV,Electronics,3,26973,80919,CUST-14229,App
UK-2026-101406,2026-02-19,West,Surat,Denim Jacket,Fashion,1,2279,2279,CUST-42416,App
UK-2026-102444,2026-04-24,Central,Raipur,Mirrorless Camera Lite,Electronics,2,28634,57268,CUST-81308,Website
UK-2026-100269,2026-01-01,West,Ahmedabad,Formal Shirt,Fashion,1,1139,1139,CUST-37598,App
UK-2026-101757,2026-03-09,South,Hyderabad,Bluetooth Speaker Mini,Electronics,1,1486,1486,CUST-53897,Website
UK-2026-104440,2026-06-04,South,Kochi,Sunscreen SPF50,Beauty,1,540,540,CUST-96506,Marketplace
UK-2026-100092,2026-01-13,North,Delhi,Robot Vacuum R7,Home & Kitchen,1,18645,18645,CUST-71245,Website
UK-2026-100503,2026-01-31,Central,Indore,Power Bank 20000mAh,Electronics,1,1724,1724,CUST-79508,App
UK-2026-104657,2026-06-24,East,Kolkata,Makeup Brush Set,Beauty,2,1356,2712,CUST-36268,App
UK-2026-104893,2026-06-26,West,Surat,Cycling Helmet,Sports,1,1677,1677,CUST-67983,App
UK-2026-102687,2026-04-06,North,Delhi,Makeup Brush Set,Beauty,1,1237,1237,CUST-23450,Website
UK-2026-100824,2026-02-16,East,Kolkata,Ethnic Dupatta,Fashion,1,511,511,CUST-80289,App
UK-2026-101342,"Feb 11, 2026",East,Bhubaneswar,Cricket Bat English Willow,Sports,1,8815,8815,CUST-91311,App
UK-2026-100909,2026-02-14,North,Noida,Smart Watch X2,Electronics,2,4316,8632,CUST-53448,App
UK-2026-102346,2026-04-06,West,Surat,Ionic Hair Dryer,Beauty,1,1901,1901,CUST-15582,App
UK-2026-102059,2026-03-17,West,Pune,Foldable Treadmill T2,Sports,1,25920,25920,CUST-48858,App
UK-2026-100766,2026-02-05,Central,Raipur,Gym Gloves,Sports,1,515,515,CUST-74789,Website
UK-2026-102751,2026-04-20,Central,Raipur,Denim Jacket,Fashion,1,2271,2271,CUST-82054,App
UK-2026-101146,2026-02-25,West,Surat,Formal Shirt,Fashion,1,1052,1052,CUST-70465,Website
UK-2026-101131,2026-02-05,Central,Raipur,Vitamin C Serum,Beauty,1,686,686.00,CUST-25333,App
UK-2026-103343,2026-05-13,South,Bengaluru,Wireless Earbuds Pro,Electronics,1,3034,3034,CUST-86193,App
UK-2026-103489,2026-05-28,North,Gurugram,Badminton Racket Set,Sports,4,2445,9780,CUST-84861,App
UK-2026-102070,2026-03-25,North,Noida,Cotton Bedsheet Set,Home & Kitchen,2,1370,2740,CUST-59466,App
UK-2026-100423,2026-01-30,Central,Nagpur,Wireless Earbuds Pro,Electronics,1,2906,2906,CUST-25983,App
UK-2026-101470,2026-03-24,Central,Indore,Cotton Bedsheet Set,Home & Kitchen,2,1464,2928,CUST-70966,Marketplace
UK-2026-102548,2026-04-01,North,Delhi,Gym Gloves,Sports,1,502,502,CUST-52015,Website
UK-2026-104347,2026-06-10,West,Pune,Silk Saree,Fashion,4,3582,14328,CUST-71544,Website
UK-2026-102424,2026-04-04,South,Chennai,Ethnic Dupatta,Fashion,1,516,516,CUST-67670,App
UK-2026-104770,2026-06-01,East,Kolkata,Formal Shirt,Fashion,1,1106,1106,CUST-87808,Website
UK-2026-102472,2026-04-05,South,Hyderabad,Power Bank 20000mAh,Electronics,1,1851,1851,CUST-19149,App
UK-2026-100323,2026-01-11,North,Gurugram,Mirrorless Camera Lite,Electronics,1,29155,29155,CUST-50546,Website
UK-2026-101407,2026-02-25,North,New Delhi,Robot Vacuum R7,Home & Kitchen,1,19638,19638,CUST-74047,Website
UK-2026-104348,2026-06-17,North,Gurugram,Non-Stick Cookware Set,Home & Kitchen,1,2780,2780,CUST-86076,Marketplace
UK-2026-100009,2026-01-08,Central,Nagpur,Modern Wall Clock,Home & Kitchen,1,828,828,CUST-35276,Marketplace
UK-2026-101573,2026-03-29,South,Bengaluru,Eau de Parfum 100ml,Beauty,1,2023,2023,CUST-48424,App
UK-2026-103022,2026-04-03,West,Pune,Denim Jacket,Fashion,2,2208,4416,CUST-58852,Website
UK-2026-102067,2026-03-25,North,Noida,Robot Vacuum R7,Home & Kitchen,2,19491,38982,CUST-85468,App
UK-2026-101057,2026-02-11,South,Kochi,Formal Shirt,Fashion,1,1102,1102,CUST-66074,Website
UK-2026-102260,2026-04-16,,Indore,Yoga Mat Pro,Sports,1,1241,1241,CUST-43744,Website
UK-2026-101088,2026-02-20,North,Gurugram,Cotton Bedsheet Set,Home & Kitchen,1,1345,1345,CUST-26285,App
UK-2026-102797,2026-04-03,South,Bengaluru,Silk Saree,Fashion,1,3606,3606,CUST-81308,Marketplace
UK-2026-103761,2026-05-12,South,Hyderabad,Cotton Bedsheet Set,Home & Kitchen,2,1408,2816,CUST-13796,App
UK-2026-100313,2026-01-13,South,Hyderabad,Non-Stick Cookware Set,Home & Kitchen,1,2855,2855,CUST-27466,Website
UK-2026-101930,2026-03-16,West,Ahmedabad,Modern Wall Clock,Home & Kitchen,1,812,812,CUST-82895,Website
UK-2026-101105,16-02-26,East,Bhubaneswar,Running Sneakers,Fashion,1,2701,2701,CUST-45332,Website
UK-2026-103086,2026-04-24,South,Chennai,Cotton Kurta Set,Fashion,3,1355,4065,CUST-59611,Website
UK-2026-100514,2026-01-27,North,Delhi,Electric Kettle 1.5L,Home & Kitchen,1,1124,1124,CUST-30051,App
UK-2026-101576,2026-03-30,West,Pune,Vitamin C Serum,Beauty,1,723,723,CUST-23982,App
UK-2026-101163,2026-02-08,South,Kochi,Modern Wall Clock,Home & Kitchen,1,792,792,CUST-42937,Marketplace
UK-2026-102431,2026-04-12,West,Surat,Mirrorless Camera Lite,Electronics,-2,29646,29646,CUST-63969,Website
UK-2026-100450,2026-01-01,West,Mumbai,Wireless Earbuds Pro,Electronics,2,3030,6060,CUST-86717,App
UK-2026-103337,2026-05-04,West,Pune,Smart Watch X2,Electronics,1,4598,4598,CUST-85101,App
UK-2026-100095,2026-01-11,Central,Indore,Power Bank 20000mAh,Electronics,1,1734,,CUST-11204,App
UK-2026-100507,20/01/2026,North,Delhi,Formal Shirt,Fashion,1,1141,1141,CUST-80838,App
UK-2026-100634,2026-01-10,South,Bengaluru,Noise-Cancelling Headphones,Electronics,2,8824,17648,CUST-43186,Marketplace
UK-2026-103901,2026-05-31,South,Kochi,Running Sneakers,Fashion,1,2763,2763,CUST-90171,App
UK-2026-102203,2026-03-21,Central,Nagpur,Ultrabook Air 14,Electronics,1,29042,29042,CUST-14642,Website
UK-2026-104204,2026-06-09,East,Kolkata,Slim Fit Jeans,Fashion,2,1559,3118,CUST-63963,App
UK-2026-103129,2026-05-05,West,Surat,Ethnic Dupatta,Fashion,4,507,2028,CUST-70966,Website
UK-2026-104382,2026-06-06,South,Chennai,Running Sneakers,Fashion,1,2847,2847,CUST-98349,App
UK-2026-101583,2026-03-16,West,Mumbai,Air Fryer 5L,Home & Kitchen,1,5647,5647,CUST-21192,App
UK-2026-102861,2026-04-19,West,Ahmedabad,Modern Wall Clock,Home & Kitchen,4,769,3076,CUST-16782,App
UK-2026-100333,2026-01-16,South,Chennai,Power Bank 20000mAh,Electronics,1,1727,1727,CUST-99597,App
UK-2026-101571,2026-03-16,North,Noida,Air Fryer 5L,Home & Kitchen,2,5702,11404,CUST-10832,App
UK-2026-102747,2026-04-13,North,Delhi,Slim Fit Jeans,Fashion,1,1542,1542,CUST-97128,Website
UK-2026-102716,2026-04-17,North,Gurugram,Cotton Bedsheet Set,Home & Kitchen,2,1403,2806,CUST-28643,App
UK-2026-103351,2026-05-16,North,Delhi,Gym Gloves,Sports,1,498,498,CUST-60821,Website
UK-2026-102929,2026-04-05,Central,Indore,COTTON BEDSHEET SET,Home & Kitchen,1,1371,1371,CUST-59770,Website
UK-2026-100504,2026-01-27,South,Chennai,Modern Wall Clock,Home & Kitchen,1,786,786,CUST-98349,Website
UK-2026-102246,2026-04-07,South,Hyderabad,Formal Shirt,Fashion,1,1108,1108,CUST-10283,App
UK-2026-101260,2026-02-19,East,Bhubaneswar,Gym Gloves,Sports,1,515,515.00,CUST-39123,App
UK-2026-103058,2026-04-28,North,Delhi,Running Sneakers,Fashion,1,2771,2771,CUST-53994,Website
UK-2026-102834,2026-04-25,North,Delhi,Badminton Racket Set,Sports,1,2527,2527,CUST-18624,Website
UK-2026-103381,2026-05-29,West,Mumbai,Noise-Cancelling Headphones,Electronics,1,8958,8958,CUST-85124,App
UK-2026-104918,2026-06-26,North,Noida,Electric Kettle 1.5L,Home & Kitchen,1,1066,"₹1,066",CUST-27451,Marketplace
UK-2026-100731,2026-02-03,South,Kochi,Formal Shirt,Fashion,1,1117,1117,CUST-55498,App
UK-2026-100202,2026-01-04,West,Pune,Eau de Parfum 100ml,Beauty,4,2067,8268,CUST-48782,App
UK-2026-102560,2026-04-14,South,Hyderabad,Mirrorless Camera Lite,Electronics,4,29902,119608,CUST-36350,Marketplace
UK-2026-103629,2026-05-22,West,Surat,Ethnic Dupatta,Fashion,2,478,956,CUST-14721,App
UK-2026-103609,2026-05-15,South,Kochi,Bluetooth Speaker Mini,Electronics,1,1424,1424,CUST-32705,Website
UK-2026-103969,2026-05-03,Central,Raipur,Matte Lipstick Set,Beauty,1,870,870,CUST-66078,App
UK-2026-101124,2026-02-23,South,Chennai,Ionic Hair Dryer,Beauty,1,1865,1865,CUST-28423,Website
UK-2026-100790,2026-02-10,South,Kochi,Dinner Set 24pc,Home & Kitchen,1,2489,2489,CUST-74657,Website
UK-2026-104066,2026-06-12,East,Bhubaneswar,Smart Watch X2,Electronics,1,4669,4669,CUST-93093,App
UK-2026-101174,2026-02-16,North,Noida,Power Bank 20000mAh,Electronics,1,1717,1717,CUST-67983,Website
UK-2026-104964,2026-06-26,South,Hyderabad,WIRELESS EARBUDS PRO,Electronics,1,2980,2980,CUST-93263,Marketplace
UK-2026-102271,2026-04-05,West,Ahmedabad,Mixer Grinder 750W,Home & Kitchen,1,3186,3186,CUST-98908,App
UK-2026-103651,2026-05-12,East,Bhubaneswar,Cricket Bat English Willow,Sports,1,8621,8621,CUST-68493,Website
UK-2026-102401,28-04-26,West,Surat,Ultrabook Air 14,Electronics,1,29753,29753,CUST-43947,App
UK-2026-101972,2026-03-25,South,Kochi,Air Fryer 5L,Home & Kitchen,2,5659,11318,CUST-46778,App
UK-2026-102968,2026-04-09,Central,Raipur,Adjustable Dumbbells 15kg,Sports,1,5030,5030,CUST-45235,Website
UK-2026-102478,2026-04-17,North,Chandigarh,Ionic Hair Dryer,Beauty,1,1811,1811,CUST-26737,Website
UK-2026-101927,2026-03-18,South,Kochi,Mirrorless Camera Lite,Electronics,1,28204,"₹28,204",CUST-90801,App
UK-2026-102014,2026-03-28,South,Cochin,Face Wash Combo,Beauty,1,447,447,CUST-66504,App
UK-2026-101062,2026-02-14,East,Bhubaneswar,Wireless Earbuds Pro,Electronics,1,3016,3016,CUST-23531,Marketplace
UK-2026-103230,2026-05-11,East,Patna,Modern Wall Clock,Home & Kitchen,3,791,2373,CUST-24898,App
UK-2026-103476,2026-05-11,North,Delhi,Foldable Treadmill T2,Sports,2,25298,50596,CUST-55704,Marketplace
UK-2026-102859,2026-04-29,South,Hyderabad,Modern Wall Clock,Home & Kitchen,1,824,824,CUST-67907,App
UK-2026-103269,2026-05-03,West,Mumbai,Non-Stick Cookware Set,Home & Kitchen,1,2954,2954,CUST-27451,Website
UK-2026-103860,2026-05-08,South,Bengaluru,Electric Kettle 1.5L,Home & Kitchen,1,1057,1057,CUST-96087,Website
UK-2026-103091,2026-05-11,West,Ahmedabad,Makeup Brush Set,Beauty,2,1266,2532,CUST-78581,Marketplace
UK-2026-102149,2026-03-31,West,Pune,Matte Lipstick Set,Beauty,1,896,896,CUST-46882,App
UK-2026-101850,2026-03-05,West,Surat,Eau de Parfum 100ml,Beauty,2,1922,3844,CUST-27086,Marketplace
UK-2026-104192,2026-06-07,East,Calcutta,43-inch Smart TV,Electronics,1,26022,26022,CUST-78267,Website
UK-2026-103893,2026-05-21,East,Kolkata,Makeup Brush Set,Beauty,1,1312,1312,CUST-11197,Website
UK-2026-104870,2026-06-10,North,Delhi,Matte Lipstick Set,Beauty,1,918,918,CUST-63372,Marketplace
UK-2026-104987,2026-06-12,Central,Bhopal,Beard Grooming Kit,Beauty,2,982,1964,CUST-38377,Website
UK-2026-101234,2026-02-02,West,Pune,Non-Stick Cookware Set,Home & Kitchen,1,2806,2806,CUST-83962,App
UK-2026-104826,2026-06-22,West,Pune,Ultrabook Air 14,Electronics,1,28766,28766,CUST-21679,App
UK-2026-104184,2026-06-01,Central,Indore,Cotton Bedsheet Set,Home & Kitchen,2,1444,2888,CUST-72698,Website
UK-2026-100891,2026-02-23,South,Hyderabad,Silk Saree,Fashion,1,3349,3349,CUST-35276,App
UK-2026-101494,2026-03-28,South,Hyderabad,Cotton Kurta Set,Fashion,1,1315,1315,CUST-71061,App
UK-2026-100378,09-01-26,Central,Bhopal,Cricket Bat English Willow,Sports,2,9229,18458,CUST-19259,Website
UK-2026-100437,2026-01-23,South,Bengaluru,Denim Jacket,Fashion,2,2095,4190,CUST-31713,App
UK-2026-102072,2026-03-25,South,Hyderabad,Eau de Parfum 100ml,Beauty,2,1992,3984,CUST-58328,App
UK-2026-103967,2026-05-23,South,Kochi,Denim Jacket,Fashion,1,2123,2123,CUST-84752,App
UK-2026-100516,2026-01-14,South,Chennai,Ethnic Dupatta,Fashion,1,514,514,CUST-30205,Website
UK-2026-104346,2026-06-29,East,Bhubaneswar,Smart Watch X2,Electronics,2,4631,9262,CUST-45239,App
UK-2026-100326,2026-01-05,West,Ahmedabad,Wireless Earbuds Pro,Electronics,1,2900,2900,CUST-53416,App
UK-2026-100943,2026-02-23,North,Noida,Cricket Bat English Willow,Sports,1,8814,,CUST-84152,Website
UK-2026-104653,2026-06-19,South,Bengaluru,Football Size 5,Sports,1,882,882,CUST-76002,Website
UK-2026-103927,2026-05-26,East,Bhubaneswar,Running Sneakers,Fashion,2,2821,5642,CUST-79981,Marketplace
UK-2026-102710,2026-04-11,South,Bengaluru,Cotton Bedsheet Set,Home & Kitchen,1,1351,1351,CUST-48243,App
UK-2026-103667,"May 28, 2026",South,Chennai,Denim Jacket,Fashion,1,2090,2090,CUST-32995,App
UK-2026-104692,2026-06-27,South,Chennai,Smart Watch X2,Electronics,1,4374,4374,CUST-50421,App
UK-2026-104401,2026-06-01,North,Noida,Vitamin C Serum,Beauty,1,702,702,CUST-20902,Marketplace
UK-2026-101063,27/02/2026,South,Kochi,Ionic Hair Dryer,Beauty,3,1830,5490,CUST-46113,App
UK-2026-101467,2026-03-04,North,Gurugram,Badminton Racket Set,Sports,1,2477,2477,CUST-88452,App
UK-2026-103526,2026-05-26,South,Chennai,Dinner Set 24pc,Home & Kitchen,1,2405,2405,CUST-95095,Marketplace
UK-2026-103784,2026-05-14,West,Pune,Ultrabook Air 14,Electronics,1,29093,29093,CUST-78815,App
UK-2026-102235,2026-03-26,South,Bengaluru,Electric Kettle 1.5L,Home & Kitchen,1,1108,1108,CUST-42370,Marketplace
UK-2026-104407,2026-06-22,North,Delhi,Non-Stick Cookware Set,Home & Kitchen,1,2876,2876,CUST-95287,App
UK-2026-104016,2026-05-18,Central,Indore,Ultrabook Air 14,Electronics,1,29891,29891,CUST-99706,Marketplace
UK-2026-103766,2026-05-01,South,Hyderabad,Ethnic Dupatta,Fashion,1,512,512,CUST-79205,App
UK-2026-104711,2026-06-16,North,Chandigarh,Sunscreen SPF50,Beauty,1,525,525,CUST-42551,Marketplace
UK-2026-100565,2026-01-12,Central,Nagpur,Mixer Grinder 750W,Home & Kitchen,1,3375,3375,CUST-17855,Website
UK-2026-103224,2026-05-29,West,Pune,Cotton Bedsheet Set,Home & Kitchen,1,1435,1435,CUST-34468,App
UK-2026-103989,2026-05-17,East,Patna,Non-Stick Cookware Set,Home & Kitchen,1,2894,2894,CUST-10369,App
UK-2026-104331,2026-06-18,East,Guwahati,Cotton Kurta Set,Fashion,4,1246,4984,CUST-99358,Website
UK-2026-101620,2026-03-09,South,Chennai,Formal Shirt,Fashion,0,1083,1083,CUST-18770,Website
UK-2026-103180,2026-05-19,East,Patna,Modern Wall Clock,Home & Kitchen,-2,784,784,CUST-83045,Website
UK-2026-100809,2026-02-18,West,Surat,43-inch Smart TV,Electronics,1,26397,"₹26,397",CUST-23768,Website
UK-2026-100547,2026-01-06,East,Kolkata,Dinner Set 24pc,Home & Kitchen,1,2456,2456,CUST-93093,Marketplace
UK-2026-101141,2026-02-28,East,Bhubaneswar,Formal Shirt,Fashion,2,1138,2276,CUST-83419,Website
UK-2026-104719,2026-06-03,North,Chandigarh,Bluetooth Speaker Mini,Electronics,-2,1466,2932,CUST-90247,App
UK-2026-103827,2026-05-08,North,Chandigarh,Ionic Hair Dryer,Beauty,1,1821,1821,CUST-39787,Marketplace
UK-2026-100076,2026-01-09,East,Kolkata,43-inch Smart TV,Electronics,1,25479,25479,CUST-84015,App
UK-2026-101831,2026-03-12,East,Patna,Air Fryer 5L,Home & Kitchen,2,5606,11212,CUST-99706,Website
UK-2026-100257,2026-01-16,North,Delhi,Robot Vacuum R7,Home & Kitchen,1,18946,18946,CUST-43744,Website
UK-2026-104021,2026-06-20,East,Patna,Leather Wallet,Fashion,2,868,1736,CUST-76022,Website
UK-2026-100713,2026-01-30,North,Gurugram,Foldable Treadmill T2,Sports,2,25237,50474,CUST-39468,App
UK-2026-104717,2026-06-23,North,Gurugram,Mixer Grinder 750W,Home & Kitchen,2,3269,6538,CUST-91727,Marketplace
UK-2026-100602,2026-01-22,East,Bhubaneswar,Noise-Cancelling Headphones,Electronics,2,9186,18372,CUST-72432,Marketplace
UK-2026-100276,2026-01-26,East,Kolkata,Slim Fit Jeans,Fashion,1,1610,1610,CUST-48821,App
UK-2026-103312,2026-05-16,East,Kolkata,Robot Vacuum R7,Home & Kitchen,1,19890,19890,CUST-36872,Marketplace
UK-2026-101508,2026-03-12,West,Mumbai,Robot Vacuum R7,Home & Kitchen,1,19717,19717,CUST-80262,Website
UK-2026-101951,2026-03-12,South,Hyderabad,Bluetooth Speaker Mini,Electronics,1,1433,1433,CUST-36148,Marketplace
UK-2026-103368,2026-05-12,West,Ahmedabad,Non-Stick Cookware Set,Home & Kitchen,1,2858,2858,CUST-86572,Marketplace
UK-2026-101654,2026-03-25,South,Kochi,Wireless Earbuds Pro,Electronics,1,2855,2855,CUST-27397,App
UK-2026-102453,2026-04-05,South,BLR,Power Bank 20000mAh,Electronics,1,1823,1823,CUST-35466,App
UK-2026-103415,2026-05-10,East,Patna,Cotton Bedsheet Set,Home & Kitchen,1,1352,1352,CUST-11930,Marketplace
UK-2026-101728,2026-03-10,West,Ahmedabad,Wireless Earbuds Pro,Electronics,1,3002,3002,CUST-99456,Marketplace
UK-2026-102815,2026-04-20,West,Ahmedabad,Noise-Cancelling Headphones,Electronics,1,8787,8787,CUST-97046,Website
UK-2026-103062,2026-04-17,East,Patna,Ultrabook Air 14,Electronics,1,30588,30588,CUST-11431,App
UK-2026-101345,2026-02-14,East,Bhubaneswar,Modern Wall Clock,Home & Kitchen,1,813,813,CUST-48424,Marketplace
UK-2026-104882,27/06/2026,West,Ahmedabad,Matte Lipstick Set,Beauty,1,860,860,CUST-12911,Website
UK-2026-103917,2026-05-22,,Pune,Smart Watch X2,Electronics,4,4619,18476,CUST-98921,Marketplace
UK-2026-100815,2026-02-27,South,Bengaluru,Beard Grooming Kit,Beauty,1,983,983,CUST-90391,App
UK-2026-102175,2026-03-09,East,Guwahati,Cotton Bedsheet Set,Home & Kitchen,1,1347,1347,CUST-86717,App
UK-2026-100557,2026-01-05,Central,Raipur,Air Fryer 5L,Home & Kitchen,1,5722,5722,CUST-63396,Website
UK-2026-103968,2026-05-24,East,Patna,Mixer Grinder 750W,Home & Kitchen,1,3397,3397,CUST-91139,Marketplace
UK-2026-101233,2026-02-16,North,Noida,43-inch Smart TV,Electronics,2,26762,53524,CUST-33579,App
UK-2026-104572,2026-06-01,East,Bhubaneswar,Cotton Kurta Set,Fashion,2,1272,2544,CUST-77618,Website
UK-2026-101888,2026-03-15,North,Noida,Badminton Racket Set,Sports,1,2455,2455,CUST-49983,Website
UK-2026-102608,2026-04-26,Central,Nagpur,Cotton Kurta Set,Fashion,3,1236,3708,CUST-80465,App
UK-2026-102171,2026-03-07,North,Delhi,Air Fryer 5L,Home & Kitchen,3,5714,17142,CUST-74657,App
UK-2026-101118,2026-02-04,North,Chandigarh,Silk Saree,Fashion,1,3555,3555,CUST-16313,Website
UK-2026-103159,2026-05-11,North,Noida,Yoga Mat Pro,Sports,1,1189,1189,CUST-78614,Marketplace
UK-2026-101275,19/02/2026,South,Kochi,Running Sneakers,Fashion,1,2920,2920,CUST-85751,App
UK-2026-103233,2026-05-19,North,Gurugram,Silk Saree,Fashion,3,3575,10725,CUST-54862,App
UK-2026-103319,2026-05-27,North,Delhi,Running Sneakers,Fashion,1,2805,2805,CUST-33281,Website
UK-2026-101509,2026-03-13,South,Hyderabad,Wireless Earbuds Pro,Electronics,1,3123,3123,CUST-44330,Marketplace
UK-2026-100420,2026-01-27,North,Chandigarh,Electric Kettle 1.5L,Home & Kitchen,2,1084,2168,CUST-92389,Website
UK-2026-100358,2026-01-21,South,Hyderabad,Smart Watch X2,Electronics,1,4652,4652,CUST-56906,Marketplace
UK-2026-101611,2026-03-03,North,Delhi,Matte Lipstick Set,Beauty,1,866,866,CUST-34176,Website
UK-2026-100069,2026-01-01,South,Hyderabad,Makeup Brush Set,Beauty,1,1356,1356,CUST-17089,App
UK-2026-100109,2026-01-14,Central,Indore,Mixer Grinder 750W,Home & Kitchen,1,3403,3403,CUST-64517,Website
UK-2026-103848,2026-05-18,South,Hyderabad,Makeup Brush Set,Beauty,2,1240,2480,CUST-79522,Marketplace
UK-2026-102843,2026-04-08,South,Bengaluru,Cotton Kurta Set,Fashion,1,1242,1242,CUST-41122,App
UK-2026-100309,2026-01-14,South,Bengaluru,Modern Wall Clock,Home & Kitchen,1,766,766,CUST-98668,Website
UK-2026-102893,12-04-26,South,Chennai,Power Bank 20000mAh,Electronics,2,1806,3612,CUST-72547,App
UK-2026-100245,2026-01-06,North,Noida,Robot Vacuum R7,Home & Kitchen,1,18475,18475,CUST-37891,Website
UK-2026-103992,2026-05-26,Central,Nagpur,Slim Fit Jeans,Fashion,1,1644,1644,CUST-39461,App
UK-2026-100158,2026-01-06,Central,Raipur,Denim Jacket,Fashion,2,2296,4592,CUST-22913,Website
UK-2026-102564,2026-04-28,North,Chandigarh,Smart Watch X2,Electronics,1,4503,4503,CUST-99363,Marketplace
UK-2026-104869,2026-06-17,,Guwahati,Leather Wallet,Fashion,1,877,877,CUST-39021,App
UK-2026-100719,2026-01-16,North,Noida,Smart Watch X2,Electronics,1,4458,4458,CUST-91691,Website
UK-2026-104501,2026-06-24,North,Delhi,Gym Gloves,Sports,1,513,513,CUST-66555,Website
UK-2026-103909,2026-05-28,South,Chennai,Smart Watch X2,Electronics,4,4514,18056,CUST-33278,Marketplace
UK-2026-102326,2026-04-27,Central,Nagpur,43-inch Smart TV,Electronics,0,25224,25224,CUST-62717,App
UK-2026-104844,2026-06-28,South,Bengaluru,Modern Wall Clock,Home & Kitchen,2,787,1574,CUST-65770,App
UK-2026-103979,2026-05-31,West,Mumbai,Silk Saree,Fashion,2,3639,7278,CUST-44060,Marketplace
UK-2026-100363,2026-01-25,South,Kochi,Robot Vacuum R7,Home & Kitchen,1,19452,19452,CUST-28132,Website
UK-2026-100678,2026-01-16,South,Bengaluru,Smart Watch X2,Electronics,1,4556,4556,CUST-44078,Website
UK-2026-100596,2026-01-14,West,Mumbai,Face Wash Combo,Beauty,2,465,930,CUST-44252,Marketplace
UK-2026-101523,2026-03-29,North,Delhi,Beard Grooming Kit,Beauty,1,1008,1008,CUST-61149,Website
UK-2026-102881,2026-04-12,North,Noida,Slim Fit Jeans,Fashion,4,1613,6452,CUST-64862,App
UK-2026-101481,2026-03-07,Central,Bhopal,Smart Watch X2,Electronics,1,4334,4334,CUST-86575,App
UK-2026-102890,2026-04-28,North,Gurugram,Cotton Kurta Set,Fashion,3,1283,3849,CUST-44078,App
UK-2026-102805,2026-04-21,East,Guwahati,Ultrabook Air 14,Electronics,1,30666,30666,CUST-90198,App
UK-2026-100913,2026-02-28,South,Kochi,Ethnic Dupatta,Fashion,1,487,487,CUST-71682,App
UK-2026-101913,2026-03-04,East,Guwahati,Smart Watch X2,Electronics,1,4705,4705,CUST-75445,Marketplace
UK-2026-103854,2026-05-23,East,Guwahati,Adjustable Dumbbells 15kg,Sports,1,5103,5103,CUST-39999,App
UK-2026-100281,2026-01-14,West,Mumbai,Wireless Earbuds Pro,Electronics,2,2996,5992,CUST-27248,App
UK-2026-102293,2026-04-12,West,Pune,Formal Shirt,Fashion,3,1080,3240,CUST-85517,Website
UK-2026-102780,2026-04-18,Central,Indore,Ultrabook Air 14,Electronics,2,29698,59396,CUST-65770,Marketplace
UK-2026-104085,2026-06-20,South,Hyderabad,Denim Jacket,Fashion,4,2307,9228,CUST-33175,App
UK-2026-104071,"Jun 24, 2026",South,Hyderabad,Ethnic Dupatta,Fashion,3,516,1548,CUST-24232,App
UK-2026-101368,2026-02-27,East,Patna,Badminton Racket Set,Sports,2,2515,5030,CUST-18125,Marketplace
UK-2026-101965,2026-03-15,West,Mumbai   ,Cricket Bat English Willow,Sports,1,8632,8632,CUST-49017,App
UK-2026-101670,23-03-26,West,Mumbai,Bluetooth Speaker Mini,Electronics,1,1425,1425,CUST-57190,Marketplace
UK-2026-104775,2026-06-30,South,Bengaluru,Power Bank 20000mAh,Electronics,1,1782,1782,CUST-44762,Website
UK-2026-103206,2026-05-09,South,Chennai,Running Sneakers,Fashion,2,2806,5612,CUST-20881,App
UK-2026-103991,2026-05-02,West,Pune,Ionic Hair Dryer,Beauty,1,1946,1946,CUST-71261,Website
UK-2026-104508,2026-06-05,South,Kochi,Smart Watch X2,Electronics,2,4526,9052,CUST-27248,Marketplace
UK-2026-100853,2026-02-07,North,Chandigarh,Denim Jacket,Fashion,2,2123,"₹4,246",CUST-13502,Website
UK-2026-101288,2026-02-22,South,  Kochi,Face Wash Combo,Beauty,3,462,1386,CUST-84874,App
UK-2026-104062,2026-06-02,North,Chandigarh,Ethnic Dupatta,Fashion,2,493,986,CUST-86052,App
UK-2026-100714,2026-01-29,South,Chennai,43-inch Smart TV,Electronics,2,26717,53434,CUST-77108,Marketplace
UK-2026-103681,2026-05-29,South,Bengaluru,Face Wash Combo,Beauty,2,456,912,CUST-97463,App
UK-2026-100658,2026-01-15,East,Guwahati,Running Sneakers,Fashion,1,2667,2667,CUST-62013,App
UK-2026-104991,2026-06-05,South,Hyderabad,Bluetooth Speaker Mini,Electronics,3,1483,4449,CUST-62592,App
UK-2026-101618,2026-03-14,South,Hyderabad,Leather Wallet,Fashion,1,908,908,CUST-89041,App
UK-2026-101630,2026-03-25,West,Surat,Beard Grooming Kit,Beauty,1,1008,1008,CUST-30537,App
UK-2026-100851,2026-02-18,West,Mumbai,Silk Saree,Fashion,1,3375,3375 INR,CUST-63295,App
UK-2026-100424,2026-01-29,South,Bengaluru,Silk Saree,Fashion,1,3538,3538,CUST-47223,App
UK-2026-101539,2026-03-05,,Chennai,Dinner Set 24pc,Home & Kitchen,1,2561,2561,CUST-25568,App
UK-2026-100791,2026-02-25,South,Hyderabad,Leather Wallet,Fashion,1,873,873,CUST-86106,Website
UK-2026-104846,2026-06-10,North,Gurgaon,Air Fryer 5L,Home & Kitchen,4,5323,21292,CUST-33985,Website
UK-2026-103642,18/05/2026,West,Mumbai,Ethnic Dupatta,Fashion,2,510,1020,CUST-10283,App
UK-2026-101504,2026-03-27,North,Gurugram,Power Bank 20000mAh,Electronics,2,1770,3540,CUST-99706,App
UK-2026-100103,2026-01-03,North,Chandigarh,Makeup Brush Set,Beauty,1,1249,1249,CUST-34532,Marketplace
UK-2026-100486,2026-01-19,East,Bhubaneswar,Non-Stick Cookware Set,Home & Kitchen,1,3034,3034 INR,CUST-90498,Website
UK-2026-100101,2026-01-27,West,Surat,Silk Saree,Fashion,1,3428,3428,CUST-45176,Marketplace
UK-2026-104055,2026-06-04,West,Pune,Eau de Parfum 100ml,Beauty,2,2069,4138,CUST-25847,Website
UK-2026-103386,2026-05-09,South,Hyderabad,Silk Saree,Fashion,1,3431,3431,CUST-72906,Website
UK-2026-100131,2026-01-19,South,Hyderabad,Eau de Parfum 100ml,Beauty,1,1988,1988,CUST-72279,Website
UK-2026-101642,2026-03-14,South,Cochin,Foldable Treadmill T2,Sports,2,26031,52062,CUST-16688,Marketplace
UK-2026-101212,2026-02-03,South,Kochi,Bluetooth Speaker Mini,Electronics,1,1431,1431,CUST-49265,Website
UK-2026-100464,2026-01-12,West,Surat,Formal Shirt,Fashion,2,1131,2262,CUST-99609,Website
UK-2026-101697,2026-03-14,South,Hyderabad,Eau de Parfum 100ml,Beauty,2,1939,,CUST-15532,App
UK-2026-101391,2026-02-06,South,Chennai,Non-Stick Cookware Set,Home & Kitchen,1,2901,2901,CUST-72946,Website
UK-2026-104063,2026-06-23,Central,Nagpur,Eau de Parfum 100ml,Beauty,4,1976,7904,CUST-61854,Website
UK-2026-103046,2026-04-02,West,Mumbai,Smart Watch X2,Electronics,1,4686,4686,CUST-37062,Marketplace
UK-2026-100210,2026-01-10,South,Chennai,Cricket Bat English Willow,Sports,1,8597,8597,CUST-99024,Website
UK-2026-100220,2026-01-15,North,Delhi,Modern Wall Clock,Home & Kitchen,1,830,830,CUST-15772,Marketplace
UK-2026-101080,2026-02-12,South,Chennai,Cotton Kurta Set,Fashion,2,1335,2670,CUST-67608,Website
UK-2026-101144,2026-02-26,Central,Bhopal,Cycling Helmet,Sports,1,1674,1674,CUST-20767,App
UK-2026-100026,2026-01-26,South,Chennai,Gym Gloves,Sports,1,491,491,CUST-50824,App
UK-2026-100348,2026-01-22,West,Pune,Cotton Kurta Set,Fashion,3,1276,3828,CUST-60449,App
UK-2026-103859,2026-05-03,South,Madras,Electric Kettle 1.5L,Home & Kitchen,2,1099,2198,CUST-49981,App
UK-2026-103634,2026-05-01,East,Guwahati,Ethnic Dupatta,Fashion,1,503,503,CUST-23696,Website
UK-2026-102219,2026-03-19,North,Delhi,Formal Shirt,Fashion,1,1050,1050,CUST-75874,App
UK-2026-102279,2026-04-25,East,Patna,Cycling Helmet,Sports,1,1632,1632,CUST-46263,Marketplace
UK-2026-101176,2026-02-28,South,Chennai,Noise-Cancelling Headphones,Electronics,2,8796,17592,CUST-29112,Marketplace
UK-2026-104054,2026-06-18,North,Chandigarh,Non-Stick Cookware Set,Home & Kitchen,1,2970,2970,CUST-16656,App
UK-2026-101659,2026-03-13,West,Surat,Air Fryer 5L,Home & Kitchen,4,5284,21136,CUST-96506,App
UK-2026-101753,2026-03-10,East,Bhubaneswar,Mirrorless Camera Lite,Electronics,1,30104,30104,CUST-48347,App
UK-2026-103752,2026-05-14,North,Delhi,Cotton Kurta Set,Fashion,1,1330,1330,CUST-55516,Marketplace
UK-2026-101891,2026-03-08,Central,Indore,Gym Gloves,Sports,1,489,489,CUST-27397,Marketplace
UK-2026-104959,2026-06-07,West,Mumbai,Badminton Racket Set,Sports,1,2586,2586,CUST-42770,App
UK-2026-100321,2026-01-19,North,Chandigarh,Air Fryer 5L,Home & Kitchen,1,5290,5290,CUST-46377,App
UK-2026-102482,2026-04-24,Central,Raipur,Leather Wallet,Fashion,1,909,909,CUST-32634,Marketplace
UK-2026-101875,2026-03-04,North,Noida,Robot Vacuum R7,Home & Kitchen,2,18325,36650,CUST-17455,App
UK-2026-104730,2026-06-02,East,Patna,Electric Kettle 1.5L,Home & Kitchen,1,1078,1078,CUST-60835,App
UK-2026-100072,2026-01-05,West,Mumbai,Wireless Earbuds Pro,Electronics,1,3039,3039,CUST-47614,Website
UK-2026-104599,2026-06-18,West,Ahmedabad,Football Size 5,Sports,1,934,934,CUST-43459,App
UK-2026-100822,2026-02-15,South,Hyderabad,Adjustable Dumbbells 15kg,Sports,1,5031,5031,CUST-70432,Website
UK-2026-100194,2026-01-02,South,Hyderabad,Cricket Bat English Willow,Sports,1,9010,9010,CUST-48908,App
UK-2026-100177,2026-01-06,South,Chennai,Cotton Bedsheet Set,Home & Kitchen,1,1370,1370,CUST-14750,App
UK-2026-104681,2026-06-24,North,New Delhi,Robot Vacuum R7,Home & Kitchen,1,19914,19914,CUST-56382,Marketplace
UK-2026-102744,2026-04-08,West,Ahmedabad,Matte Lipstick Set,Beauty,1,894,894,CUST-41292,Website
UK-2026-103743,2026-05-13,North,Gurugram,Mirrorless Camera Lite,Electronics,1,28908,28908,CUST-55789,Website
UK-2026-101643,2026-03-23,South,Kochi,Non-Stick Cookware Set,Home & Kitchen,1,2860,2860,CUST-78683,Website
UK-2026-102662,2026-04-21,South,Kochi,Slim Fit Jeans,Fashion,2,1564,3128,CUST-85629,App
UK-2026-104604,2026-06-12,North,Delhi,Cotton Bedsheet Set,Home & Kitchen,1,1370,1370,CUST-46122,Marketplace
UK-2026-104404,2026-06-06,West,Mumbai,Running Sneakers,Fashion,1,2835,2835,CUST-85573,Marketplace
UK-2026-102198,2026-03-21,North,Noida,Slim Fit Jeans,Fashion,1,1611,1611,CUST-79366,Marketplace
UK-2026-100036,2026-01-25,West,Surat,Electric Kettle 1.5L,Home & Kitchen,1,1088,1088,CUST-20787,Website
UK-2026-102936,2026-04-30,West,Mumbai,Robot Vacuum R7,Home & Kitchen,1,18170,18170,CUST-63308,App
UK-2026-100259,2026-01-24,South,Chennai,Slim Fit Jeans   ,Fashion,2,1543,3086,CUST-19259,Website
UK-2026-104523,2026-06-01,North,Delhi,Vitamin C Serum,Beauty,3,700,2100,CUST-24384,App
UK-2026-102764,27-04-26,South,Kochi,Football Size 5,Sports,1,935,935,CUST-82168,Marketplace
UK-2026-102722,2026-04-24,East,Patna,Makeup Brush Set,Beauty,1,1306,1306,CUST-96894,App
UK-2026-100065,2026-01-22,East,Bhubaneswar,Bluetooth Speaker Mini,Electronics,2,1529,3058,CUST-47218,Marketplace
UK-2026-101599,2026-03-12,East,Kolkata,Eau de Parfum 100ml,Beauty,2,2079,4158,CUST-33174,App
UK-2026-101332,2026-02-15,East,Kolkata,Vitamin C Serum,Beauty,1,670,670,CUST-49281,App
UK-2026-103087,2026-04-18,East,Guwahati,Dinner Set 24pc,Home & Kitchen,2,2597,5194,CUST-49281,Marketplace
UK-2026-104126,2026-06-14,East,Guwahati,Bluetooth Speaker Mini,Electronics,2,1444,2888,CUST-58770,App
UK-2026-101357,02-02-26,West,Pune,Robot Vacuum R7,Home & Kitchen,3,19618,58854,CUST-75067,Website
UK-2026-104164,2026-06-18,North,Chandigarh,FACE WASH COMBO,Beauty,1,429,429,CUST-88452,App
UK-2026-103814,2026-05-24,North,Chandigarh,Power Bank 20000mAh,Electronics,1,1820,1820,CUST-20551,App
UK-2026-102875,2026-04-12,Central,Indore,Cotton Kurta Set,Fashion,2,1254,2508,CUST-85113,Marketplace
UK-2026-103499,2026-05-27,East,Bhubaneswar,Silk Saree,Fashion,1,3401,3401,CUST-22669,Marketplace
UK-2026-101865,2026-03-25,North,Noida,Wireless Earbuds Pro,Electronics,2,3105,6210,CUST-78003,Website
UK-2026-104112,2026-06-26,Central,Raipur,Sunscreen SPF50,Beauty,,566,566,CUST-97491,App
UK-2026-104748,2026-06-21,West,Pune,Wireless Earbuds Pro,Electronics,2,2977,5954 INR,CUST-78003,Website
UK-2026-101349,2026-02-24,North,Chandigarh,Electric Kettle 1.5L,Home & Kitchen,1,1116,1116,CUST-66078,Website
UK-2026-100058,2026-01-02,Central,Bhopal,Cotton Kurta Set,Fashion,3,1342,4026,CUST-17416,Website
UK-2026-100470,2026-01-04,North,Gurugram,Beard Grooming Kit,Beauty,1,1030,1030,CUST-79522,Website
UK-2026-103338,2026-05-27,West,Pune,Ultrabook Air 14,Electronics,2,29788,59576,CUST-34468,Marketplace
UK-2026-103420,2026-05-29,Central,Raipur,Dinner Set 24pc,Home & Kitchen,1,2559,2559,CUST-85431,Website
UK-2026-101600,2026-03-09,West,Ahmedabad,Gym Gloves,Sports,1,488,488,CUST-48243,Website
UK-2026-102163,2026-03-15,East,Guwahati,Power Bank 20000mAh,Electronics,1,1867,1867,CUST-95789,App
UK-2026-101039,2026-02-15,East,Guwahati,Slim Fit Jeans,Fashion,4,1622,6488,CUST-22333,App
UK-2026-102541,2026-04-08,West,Ahmedabad,Leather Wallet,Fashion,1,937,937,CUST-22555,App
UK-2026-101932,2026-03-22,South,Bengaluru,Bluetooth Speaker Mini,Electronics,1,1522,1522,CUST-73649,Marketplace
UK-2026-104530,2026-06-22,West,Pune,Power Bank 20000mAh,Electronics,2,1821,3642,CUST-41073,Marketplace
UK-2026-100328,2026-01-04,Central,Raipur,Ultrabook Air 14,Electronics,2,29523,59046,CUST-36533,Marketplace
UK-2026-104996,2026-06-28,West,Surat,Noise-Cancelling Headphones,Electronics,1,8997,8997,CUST-68282,App
UK-2026-100706,2026-01-09,West,Surat,Vitamin C Serum,Beauty,2,714,1428,CUST-93093,App
UK-2026-102795,2026-04-04,West,Surat,Non-Stick Cookware Set,Home & Kitchen,1,2993,2993,CUST-85796,App
UK-2026-101796,2026-03-29,North,Chandigarh,Modern Wall Clock,Home & Kitchen,1,817,817,CUST-77588,Website
UK-2026-104823,2026-06-21,West,Pune,Formal Shirt,Fashion,1,1083,1083,CUST-87873,App
UK-2026-100795,2026-02-14,North,Noida,Cotton Kurta Set,Fashion,1,1236,1236,CUST-74047,Website
UK-2026-103720,2026-05-08,South,Chennai,Smart Watch X2,Electronics,1,4403,4403,CUST-95565,Marketplace
UK-2026-103873,"May 9, 2026",West,Ahmedabad,Yoga Mat Pro,Sports,2,1172,2344,CUST-74683,Website
UK-2026-100656,2026-01-15,Central,Indore,Gym Gloves,Sports,1,520,520,CUST-78383,App
UK-2026-103673,2026-05-19,South,Bengaluru,Noise-Cancelling Headphones,Electronics,1,8831,8831,CUST-85431,Website
UK-2026-102116,2026-03-22,West,Surat,Non-Stick Cookware Set,Home & Kitchen,1,2859,2859,CUST-36148,App
UK-2026-100455,2026-01-06,West,Ahmedabad,Wireless Earbuds Pro,Electronics,1,2885,2885,CUST-14418,Website
UK-2026-101154,2026-02-28,Central,Bhopal,43-inch Smart TV,Electronics,1,25350,25350,CUST-77291,App
UK-2026-102062,2026-03-13,South,Madras,Mixer Grinder 750W,Home & Kitchen,2,3328,6656,CUST-49597,App
UK-2026-100347,2026-01-30,Central,Bhopal,43-inch Smart TV,Electronics,1,25266,25266,CUST-50886,App
UK-2026-101733,2026-03-14,West,Ahmedabad,Robot Vacuum R7,Home & Kitchen,1,18923,18923,CUST-10686,Marketplace
UK-2026-100538,2026-01-21,North,Delhi,Smart Watch X2,Electronics,1,4535,4535,CUST-16737,App
UK-2026-100958,2026-02-07,Central,Indore,43-inch Smart TV,Electronics,1,26046,26046,CUST-67670,Marketplace
UK-2026-100327,2026-01-05,South,Kochi,Beard Grooming Kit,Beauty,1,1015,1015,CUST-78068,App
UK-2026-103063,2026-04-17,West,Pune,Sunscreen SPF50,Beauty,3,535,1605,CUST-46106,Website
UK-2026-101346,2026-02-05,South,Chennai,Leather Wallet,Fashion,1,857,857,CUST-46348,App
UK-2026-100205,2026-01-01,West,Mumbai,Football Size 5,Sports,1,890,890,CUST-41595,Marketplace
UK-2026-101515,2026-03-14,West,Surat,Slim Fit Jeans,Fashion,2,1527,3054,CUST-88114,App
UK-2026-101468,2026-03-07,West,Pune,Leather Wallet,Fashion,1,895,895,CUST-86706,Website
UK-2026-104837,"Jun 2, 2026",West,Surat,Running Sneakers,Fashion,1,2764,2764,CUST-77010,App
UK-2026-104129,2026-06-17,East,Patna,Noise-Cancelling Headphones,Electronics,1,8852,8852,CUST-30379,Marketplace
UK-2026-104027,2026-06-04,South,Hyderabad,Modern Wall Clock,Home & Kitchen,1,804,804,CUST-99024,App
UK-2026-103124,2026-05-12,North,Gurugram,Robot Vacuum R7,Home & Kitchen,1,19469,19469,CUST-78383,App
UK-2026-100234,2026-01-06,North,Chandigarh,Slim Fit Jeans,Fashion,2,1522,3044,CUST-22333,Website
UK-2026-104434,2026-06-10,South,Bengaluru,Denim Jacket,Fashion,1,2105,2105,CUST-63469,Website
UK-2026-103847,2026-05-11,South,Kochi,Cotton Bedsheet Set,Home & Kitchen,2,1442,2884,CUST-23164,Website
UK-2026-100016,"Jan 17, 2026",North,Delhi,Wireless Earbuds Pro,Electronics,1,2973,2973,CUST-87873,App
UK-2026-102790,2026-04-08,North,Noida,Dinner Set 24pc,Home & Kitchen,1,2400,2400,CUST-13724,App
UK-2026-104411,2026-06-11,West,Surat,Robot Vacuum R7,Home & Kitchen,1,19448,19448,CUST-13796,Website
UK-2026-101806,2026-03-03,West,Mumbai,Cotton Kurta Set,Fashion,1,1319,1319,CUST-30449,Website
UK-2026-100645,2026-01-26,Central,Indore,Denim Jacket,Fashion,1,2218,2218,CUST-21190,App
UK-2026-104612,2026-06-26,Central,Raipur,Smart Watch X2,Electronics,1,4366,4366,CUST-12860,Marketplace
UK-2026-104569,2026-06-07,Central,Bhopal,Denim Jacket,Fashion,1,2137,2137,CUST-10984,App
UK-2026-100397,2026-01-08,East,Kolkata,43-inch Smart TV,Electronics,2,25805,51610,CUST-61128,App
UK-2026-100408,2026-01-06,East,Guwahati,Cotton Bedsheet Set,Home & Kitchen,2,1355,2710,CUST-75302,App
UK-2026-100865,2026-02-26,West,Surat,Formal Shirt,Fashion,4,1085,4340,CUST-36905,Website
UK-2026-102943,2026-04-04,North,Chandigarh,43-inch Smart TV,Electronics,1,26252,26252,CUST-56803,Website
UK-2026-104607,07-06-26,South,Kochi,Running Sneakers,Fashion,2,2923,5846,CUST-98936,Website
UK-2026-103298,2026-05-19,South,Kochi,Modern Wall Clock,Home & Kitchen,1,800,800,CUST-27435,Marketplace
UK-2026-101372,2026-02-04,North,Gurugram,Air Fryer 5L,Home & Kitchen,1,5624,5624,CUST-26716,Marketplace
UK-2026-101093,2026-02-10,East,Patna,Power Bank 20000mAh,Electronics,1,1850,1850,CUST-49255,App
UK-2026-100279,2026-01-27,South,Bengaluru,Smart Watch X2,Electronics,1,4291,4291,CUST-77185,App
UK-2026-100495,2026-01-18,,Surat,Adjustable Dumbbells 15kg,Sports,1,5232,5232,CUST-56382,Website
UK-2026-104009,2026-05-13,West,Mumbai,Ultrabook Air 14,Electronics,1,28863,28863,CUST-48308,App
UK-2026-100803,2026-02-20,West,Pune,Cotton Bedsheet Set,Home & Kitchen,1,1438,1438,CUST-33135,Website
UK-2026-104443,2026-06-27,East,Bhubaneswar,Makeup Brush Set,Beauty,1,1260,1260,CUST-51893,App
UK-2026-101314,2026-02-09,South,Hyderabad,Denim Jacket,Fashion,1,2152,2152,CUST-69392,App
UK-2026-100056,"Jan 13, 2026",North,Chandigarh,Electric Kettle 1.5L,Home & Kitchen,1,1112,1112,CUST-92472,App
UK-2026-104177,2026-06-30,North,Gurugram,Face Wash Combo,Beauty,1,447,447,CUST-44671,Website
UK-2026-104894,2026-06-21,South,Hyderabad,43-inch Smart TV,Electronics,1,25146,25146,CUST-31813,App
UK-2026-101789,2026-03-04,West,Ahmedabad,Adjustable Dumbbells 15kg,Sports,1,4998,4998,CUST-99802,Marketplace
UK-2026-100624,2026-01-06,South,Kochi,43-inch Smart TV,Electronics,1,25316,25316,CUST-81187,App
UK-2026-103221,11-05-26,West,Mumbai,Denim Jacket,Fashion,1,2216,2216,CUST-48357,App
UK-2026-104219,2026-06-10,Central,Raipur,Football Size 5,Sports,2,879,1758,CUST-27051,App
UK-2026-102049,2026-03-06,South,Kochi,43-inch Smart TV,Electronics,1,25021,25021,CUST-62811,Website
UK-2026-103144,2026-05-22,Central,Nagpur,Power Bank 20000mAh,Electronics,2,1850,3700,CUST-61290,App
UK-2026-101286,2026-02-01,South,Bengaluru,Dinner Set 24pc,Home & Kitchen,2,2523,5046,CUST-86001,App
UK-2026-100037,2026-01-16,North,Chandigarh,Mirrorless Camera Lite,Electronics,1,27818,27818,CUST-52289,Marketplace
UK-2026-103008,2026-04-08,Central,Bhopal,Formal Shirt,Fashion,1,1150,1150,CUST-21319,Website
UK-2026-101945,2026-03-30,North,Noida,Silk Saree,Fashion,1,3585,3585,CUST-83045,App
UK-2026-101609,2026-03-25,South,Kochi,43-inch Smart TV,Electronics,1,27049,27049,CUST-56389,Marketplace
UK-2026-101784,2026-03-27,South,Hyderabad,Noise-Cancelling Headphones,Electronics,1,8769,8769,CUST-75067,App
UK-2026-103301,2026-05-19,South,Hyderabad,Smart Watch X2,Electronics,3,4694,14082,CUST-94028,App
UK-2026-103912,12-05-26,West,Pune,Slim Fit Jeans,Fashion,1,1602,1602,CUST-18415,App
UK-2026-102263,2026-04-17,South,Hyderabad,Cycling Helmet,Sports,1,1643,1643,CUST-22555,App
UK-2026-101365,"Feb 4, 2026",South,Bengaluru,Adjustable Dumbbells 15kg,Sports,1,4899,4899,CUST-92986,Website
UK-2026-101652,2026-03-16,South,Hyderabad,Cotton Bedsheet Set,Home & Kitchen,3,1446,4338,CUST-81019,App
UK-2026-101023,2026-02-17,North,Gurugram,Makeup Brush Set,Beauty,1,1344,1344,CUST-40702,Website
UK-2026-104414,2026-06-19,West,Mumbai,43-inch Smart TV,Electronics,2,25419,50838 INR,CUST-94230,Website
UK-2026-104812,2026-06-27,West,Pune,Running Sneakers,Fashion,1,2877,2877,CUST-75445,App
UK-2026-104076,2026-06-07,West,Pune,Leather Wallet,Fashion,1,887,887,CUST-40833,App
UK-2026-100840,2026-02-26,North,Delhi,Gym Gloves,Sports,1,500,500,CUST-27917,App
UK-2026-100496,2026-01-08,South,Chennai,Bluetooth Speaker Mini,Electronics,2,1528,3056,CUST-14721,Marketplace
UK-2026-102631,2026-04-11,West,Mumbai,Foldable Treadmill T2,Sports,1,24584,24584,CUST-53448,Marketplace
UK-2026-104474,2026-06-13,North,Noida,Yoga Mat Pro,Sports,1,1180,1180,CUST-73931,Website
UK-2026-100418,2026-01-21,North,Noida,Ultrabook Air 14,Electronics,1,30820,30820,CUST-75302,App
UK-2026-101911,2026-03-13,South,Kochi,Noise-Cancelling Headphones,Electronics,3,9289,27867,CUST-78321,Marketplace
UK-2026-100368,11-01-26,North,Noida,Vitamin C Serum,Beauty,1,686,686,CUST-23963,Website
UK-2026-102005,2026-03-06,South,Chennai,Noise-Cancelling Headphones,Electronics,1,8553,8553,CUST-92081,Marketplace
UK-2026-104665,2026-06-07,South,Chennai,Cotton Kurta Set,Fashion,1,1361,1361,CUST-38066,App
UK-2026-102214,2026-03-19,North,Chandigarh,43-inch Smart TV,Electronics,1,26745,26745,CUST-35839,App
UK-2026-102837,2026-04-05,South,Chennai,Ionic Hair Dryer,Beauty,1,1868,1868,CUST-81569,App
UK-2026-102307,2026-04-30,South,Kochi,43-inch Smart TV,Electronics,1,27276,27276,CUST-53158,App
UK-2026-103270,2026-05-19,West,Surat,Modern Wall Clock,Home & Kitchen,4,823,3292 INR,CUST-27000,Website
UK-2026-104544,2026-06-25,North,Gurugram,Bluetooth Speaker Mini,Electronics,1,1571,1571,CUST-96372,App
UK-2026-101842,2026-03-01,East,Patna,Robot Vacuum R7,Home & Kitchen,1,18385,18385,CUST-55182,App
UK-2026-100778,2026-02-28,North,Noida,Cycling Helmet,Sports,1,1597,1597,CUST-22667,Website
UK-2026-102888,2026-04-17,South,Chennai,Mirrorless Camera Lite,Electronics,2,28907,57814,CUST-37066,Marketplace
UK-2026-104225,2026-06-19,South,Bengaluru,Bluetooth Speaker Mini,Electronics,1,1559,1559,CUST-34468,Marketplace
UK-2026-100879,05-02-26,Central,Indore,Wireless Earbuds Pro,Electronics,1,2863,2863,CUST-97589,App
UK-2026-101478,2026-03-25,North,New Delhi,Smart Watch X2,Electronics,1,4316,4316,CUST-78683,App
UK-2026-102093,2026-03-02,East,Bhubaneswar,Denim Jacket,Fashion,4,2192,8768,CUST-31164,Marketplace
UK-2026-104438,2026-06-24,North,Chandigarh,43-inch Smart TV,Electronics,2,24882,49764,CUST-55561,Marketplace
UK-2026-101993,2026-03-24,West,Surat,Makeup Brush Set,Beauty,1,1291,1291,CUST-97770,Website
UK-2026-103959,2026-05-30,South,Bengaluru,Slim Fit Jeans,Fashion,2,1656,3312,CUST-37567,App
UK-2026-104788,2026-06-19,East,Patna,Noise-Cancelling Headphones,Electronics,2,9382,18764,CUST-82344,Marketplace
UK-2026-100959,2026-02-12,East,Calcutta,Formal Shirt,Fashion,1,1128,1128,CUST-22101,Website
UK-2026-100353,2026-01-11,North,Gurugram,Makeup Brush Set,Beauty,1,1301,1301,CUST-16258,App
UK-2026-102517,2026-04-09,Central,Indore,Modern Wall Clock,Home & Kitchen,2,827,1654,CUST-78415,Website
UK-2026-100087,2026-01-24,East,Patna,Non-Stick Cookware Set,Home & Kitchen,1,2761,2761,CUST-34099,App
UK-2026-100199,2026-01-14,East,Bhubaneswar,Slim Fit Jeans,Fashion,1,1610,1610,CUST-84170,App
UK-2026-104169,2026-06-27,North,Delhi,Power Bank 20000mAh,Electronics,1,1783,1783,CUST-35368,App
UK-2026-100868,2026-02-19,Central,Raipur,Cotton Bedsheet Set,Home & Kitchen,1,1360,1360,CUST-23987,App
UK-2026-102569,2026-04-21,West,Ahmedabad,Robot Vacuum R7,Home & Kitchen,1,18865,18865,CUST-95794,App
UK-2026-100100,2026-01-09,South,Bengaluru,Smart Watch X2,Electronics,1,4715,4715,CUST-79508,Website
UK-2026-104294,2026-06-05,West,Mumbai,Sunscreen SPF50,Beauty,1,525,525,CUST-15004,App
UK-2026-102167,2026-03-27,North,Delhi,Dinner Set 24pc,Home & Kitchen,1,2499,2499,CUST-80041,Marketplace
UK-2026-103395,2026-05-19,Central,Indore,Makeup Brush Set,Beauty,1,1337,1337,CUST-12328,Marketplace
UK-2026-102132,2026-03-16,,Chandigarh,Cricket Bat English Willow,Sports,2,8813,17626,CUST-38377,App
UK-2026-102897,2026-04-24,South,Hyderabad,Slim Fit Jeans,Fashion,1,1597,1597,CUST-75148,Website
UK-2026-102255,2026-04-27,Central,Raipur,Eau de Parfum 100ml,Beauty,2,1997,3994,CUST-25163,Website
UK-2026-103026,2026-04-27,North,Chandigarh,Slim Fit Jeans,Fashion,1,1643,1643,CUST-47289,Website
UK-2026-100944,2026-02-09,North,Delhi,Silk Saree,Fashion,3,3383,10149,CUST-80991,Website
UK-2026-101282,2026-02-17,East,Guwahati,Vitamin C Serum,Beauty,1,681,681,CUST-30259,App
UK-2026-102540,2026-04-26,West,Surat,Cotton Kurta Set,Fashion,1,1294,1294,CUST-61863,Website
UK-2026-100153,2026-01-09,South,Hyderabad,Air Fryer 5L,Home & Kitchen,2,5705,11410,CUST-97015,Website
UK-2026-103147,2026-05-22,South,Hyderabad,Leather Wallet,Fashion,1,931,931,CUST-69997,Marketplace
UK-2026-102046,2026-03-05,South,Kochi,Sunscreen SPF50,Beauty,1,573,573,CUST-82422,Marketplace
UK-2026-103309,2026-05-31,South,Chennai,Cotton Bedsheet Set,Home & Kitchen,2,1442,2884,CUST-24099,App
UK-2026-104359,2026-06-17,West,Surat,Vitamin C Serum,Beauty,1,701,701,CUST-66441,Website
UK-2026-101914,2026-03-17,South,Kochi,Matte Lipstick Set,Beauty,1,854,854,CUST-21679,App
UK-2026-103146,2026-05-17,West,Surat,Wireless Earbuds Pro,Electronics,1,2882,2882,CUST-54577,Marketplace
UK-2026-101029,2026-02-25,North,Chandigarh,Ionic Hair Dryer,Beauty,1,1978,1978,CUST-43703,Marketplace
UK-2026-104229,2026-06-30,North,Delhi,Slim Fit Jeans,Fashion,3,1589,4767,CUST-65935,Website
UK-2026-100562,2026-01-03,Central,Indore,Beard Grooming Kit,Beauty,1,1029,1029,CUST-12421,Marketplace
UK-2026-100938,2026-02-17,South,Kochi,Power Bank 20000mAh,Electronics,1,1755,1755,CUST-18590,Website
UK-2026-100929,2026-02-13,West,Surat,Ultrabook Air 14,Electronics,,28923,86769,CUST-20859,Website
UK-2026-102770,30/04/2026,North,Delhi,Beard Grooming Kit,Beauty,1,951,951,CUST-60227,App
UK-2026-100521,18/01/2026,North,Noida,Mixer Grinder 750W,Home & Kitchen,1,3314,3314,CUST-70987,Website
UK-2026-100703,2026-01-30,West,Mumbai,Vitamin C Serum,Beauty,1,709,709,CUST-45015,App
UK-2026-101537,2026-03-22,South,Hyderabad,Robot Vacuum R7,Home & Kitchen,1,18172,18172,CUST-99609,Marketplace
UK-2026-101786,2026-03-03,West,Pune,Formal Shirt,Fashion,1,1120,1120,CUST-55182,App
UK-2026-101641,"Mar 11, 2026",North,Chandigarh,Power Bank 20000mAh,Electronics,2,1725,3450,CUST-64862,Website
UK-2026-103411,2026-05-29,West,Surat,Modern Wall Clock,Home & Kitchen,1,819,819,CUST-19037,Website
UK-2026-100161,2026-01-10,East,Kolkata,Noise-Cancelling Headphones,Electronics,1,9153,9153,CUST-72205,App
UK-2026-101834,2026-03-04,South,Bengaluru,Cotton Kurta Set,Fashion,1,1261,1261,CUST-11212,App
UK-2026-100032,2026-01-10,North,chandigarh,Wireless Earbuds Pro,Electronics,1,2897,2897,CUST-34099,App
UK-2026-103149,2026-05-05,North,Noida,Cricket Bat English Willow,Sports,1,9438,9438,CUST-70988,App
UK-2026-103014,25/04/2026,South,Hyderabad,Dinner Set 24pc,Home & Kitchen,1,2472,2472,CUST-42790,App
UK-2026-104970,2026-06-06,Central,Bhopal,Modern Wall Clock,Home & Kitchen,1,797,797,CUST-64448,App
UK-2026-100262,2026-01-15,South,Hyderabad,Dinner Set 24pc,Home & Kitchen,1,2413,2413,CUST-75184,App
UK-2026-103963,2026-05-09,North,Gurugram,Yoga Mat Pro,Sports,1,1250,1250,CUST-85152,App
UK-2026-103906,2026-05-28,West,Ahmedabad,Smart Watch X2,Electronics,2,4715,9430,CUST-77202,Marketplace
UK-2026-103809,2026-05-11,North,Gurugram,Dinner Set 24pc,Home & Kitchen,1,2478,2478,CUST-74316,App
UK-2026-104442,2026-06-23,Central,Bhopal,Cotton Bedsheet Set,Home & Kitchen,2,1432,2864,CUST-34176,App
UK-2026-104662,2026-06-21,South,Kochi,Formal Shirt,Fashion,1,1102,1102,CUST-67333,App
UK-2026-103235,2026-05-15,South,Hyderabad,Cotton Kurta Set,Fashion,-2,1235,2470,CUST-39787,App
UK-2026-100256,"Jan 4, 2026",East,Bhubaneswar,Running Sneakers,Fashion,1,2910,2910,CUST-46066,App
UK-2026-101353,2026-02-11,North,Chandigarh,Cricket Bat English Willow,Sports,1,8965,8965,CUST-57193,App
UK-2026-101184,2026-02-07,North,Delhi,Noise-Cancelling Headphones   ,Electronics,2,9089,18178,CUST-11335,App
UK-2026-101908,2026-03-01,West,Pune,Adjustable Dumbbells 15kg,Sports,1,5088,5088,CUST-53817,App
UK-2026-103496,2026-05-29,West,Pune,Slim Fit Jeans,Fashion,2,1553,3106,CUST-22567,Website
UK-2026-103528,2026-05-23,South,Kochi,Power Bank 20000mAh,Electronics,2,1738,3476,CUST-20859,Website
UK-2026-102819,2026-04-04,South,Bengaluru,Leather Wallet,Fashion,1,916,916,CUST-88439,Website
UK-2026-101231,"Feb 15, 2026",North,Noida,Non-Stick Cookware Set,Home & Kitchen,1,2776,2776,CUST-52697,Website
UK-2026-101563,2026-03-15,South,Chennai,Formal Shirt,Fashion,1,1142,1142,CUST-68192,Marketplace
UK-2026-104364,2026-06-07,North,Chandigarh,Dinner Set 24pc,Home & Kitchen,1,2385,2385,CUST-75134,Website
UK-2026-101109,2026-02-26,East,Kolkata,Mixer Grinder 750W,Home & Kitchen,1,3159,3159,CUST-98961,Website
UK-2026-101711,2026-03-05,East,Kolkata,Cotton Bedsheet Set,Home & Kitchen,1,1385,1385 INR,CUST-30387,App
UK-2026-100558,2026-01-24,South,Kochi,Noise-Cancelling Headphones,Electronics,1,8592,8592,CUST-71965,Website
UK-2026-102315,2026-04-30,South,Hyderabad,Running Sneakers,Fashion,1,2862,2862,CUST-28296,Website
UK-2026-100246,2026-01-02,West,Surat,Football Size 5,Sports,1,902,902,CUST-43053,App
UK-2026-103399,2026-05-18,North,Chandigarh,Football Size 5,Sports,1,869,869,CUST-45235,App
UK-2026-100737,2026-02-19,East,Patna,Power Bank 20000mAh,Electronics,1,1788,1788,CUST-39461,App
UK-2026-104116,2026-06-12,South,Kochi,Leather Wallet,Fashion,1,935,935,CUST-77668,App
UK-2026-101182,2026-02-20,East,Bhubaneswar,43-inch Smart TV,Electronics,1,25009,25009,CUST-98936,Marketplace
UK-2026-100162,2026-01-07,Central,Nagpur,Dinner Set 24pc,Home & Kitchen,1,2547,2547,CUST-68493,Website
UK-2026-101639,2026-03-23,East,Kolkata,Ethnic Dupatta,Fashion,1,488,488,CUST-50564,App
UK-2026-103630,2026-05-06,East,Guwahati,Electric Kettle 1.5L,Home & Kitchen,1,1126,1126,CUST-69974,App
UK-2026-104517,2026-06-07,East,Guwahati,Yoga Mat Pro,Sports,1,1194,1194,CUST-10641,App
UK-2026-103836,2026-05-17,Central,Nagpur,Cotton Bedsheet Set,Home & Kitchen,0,1353,4059,CUST-74193,App
UK-2026-103779,2026-05-24,South,Chennai,Foldable Treadmill T2,Sports,2,25227,50454,CUST-16899,Marketplace
UK-2026-104714,2026-06-07,South,Hyderabad,Mixer Grinder 750W,Home & Kitchen,1,3307,3307,CUST-89000,Marketplace
UK-2026-102061,2026-03-05,South,Bengaluru,Vitamin C Serum,Beauty,1,682,682,CUST-91691,App
UK-2026-100427,2026-01-08,East,Bhubaneswar,Robot Vacuum R7,Home & Kitchen,2,19572,39144,CUST-10905,Website
UK-2026-104319,2026-06-06,South,Cochin,Gym Gloves,Sports,1,484,484,CUST-43354,App
UK-2026-104725,"Jun 6, 2026",West,Pune,Ultrabook Air 14,Electronics,1,28802,28802,CUST-84439,App
UK-2026-102402,2026-04-08,Central,Bhopal,Electric Kettle 1.5L,Home & Kitchen,1,1095,1095,CUST-50852,App
UK-2026-101082,11/02/2026,South,Hyderabad,Smart Watch X2,Electronics,1,4708,4708,CUST-69893,Website
UK-2026-102438,2026-04-08,South,Kochi,Non-Stick Cookware Set,Home & Kitchen,1,2845,2845,CUST-89119,Website
UK-2026-103402,2026-05-26,West,Pune,Silk Saree,Fashion,1,3458,3458,CUST-90415,App
UK-2026-100843,2026-02-11,South,Chennai,Mirrorless Camera Lite,Electronics,1,29689,29689,CUST-92380,Website
UK-2026-101265,2026-02-26,South,Hyderabad,Leather Wallet,Fashion,1,940,940,CUST-86699,Website
UK-2026-100028,2026-01-23,South,Hyderabad,Non-Stick Cookware Set,Home & Kitchen,1,2876,2876,CUST-13587,App
UK-2026-101214,2026-02-24,North,Gurugram,Wireless Earbuds Pro,Electronics,2,2934,5868,CUST-53414,App
UK-2026-100238,2026-01-28,South,Chennai,Silk Saree,Fashion,1,3555,3555,CUST-16841,App
UK-2026-104824,2026-06-15,South,Cochin,Cotton Kurta Set,Fashion,3,1288,3864,CUST-88194,Marketplace
UK-2026-100761,2026-02-14,South,Bengaluru,Running Sneakers,Fashion,1,2931,2931,CUST-52858,Website
UK-2026-102538,2026-04-13,Central,Raipur,Formal Shirt,Fashion,1,1096,1096,CUST-24314,Website
UK-2026-100654,2026-01-06,East,Guwahati,Eau de Parfum 100ml,Beauty,1,2043,2043,CUST-28511,App
UK-2026-102071,2026-03-05,North,Noida,Slim Fit Jeans,Fashion,1,1559,,CUST-69375,App
UK-2026-102227,2026-03-11,North,Chandigarh,Silk Saree,Fashion,3,3612,10836,CUST-73442,Marketplace
UK-2026-104906,2026-06-12,Central,Indore,Leather Wallet,Fashion,1,889,889,CUST-81483,Website
UK-2026-104550,2026-06-01,South,Chennai,Ethnic Dupatta,Fashion,1,502,502,CUST-19149,App
UK-2026-102112,2026-03-13,South,Bengaluru,Smart Watch X2,Electronics,1,4392,4392,CUST-56316,Website
UK-2026-101823,2026-03-10,North,Gurugram,Ethnic Dupatta,Fashion,1,485,485,CUST-18006,Website
UK-2026-102596,2026-04-17,South,Chennai,Cricket Bat English Willow,Sports,1,9281,9281,CUST-19259,Website
UK-2026-103975,2026-05-01,,Hyderabad,Ionic Hair Dryer,Beauty,1,1843,1843,CUST-73099,App
UK-2026-100254,2026-01-28,East,Kolkata,Mixer Grinder 750W,Home & Kitchen,1,3347,3347,CUST-72560,App
UK-2026-102554,2026-04-21,Central,Raipur,Noise-Cancelling Headphones,Electronics,1,9138,9138,CUST-81481,Marketplace
UK-2026-102846,2026-04-23,West,Surat,Power Bank 20000mAh,Electronics,1,1751,1751,CUST-77426,Website
UK-2026-100221,2026-01-22,West,Ahmedabad,Denim Jacket,Fashion,1,2192,2192,CUST-63469,App
UK-2026-103099,2026-05-24,South,Bengaluru,Noise-Cancelling Headphones,Electronics,1,9242,9242,CUST-36668,Website
UK-2026-100154,"Jan 10, 2026",West,Pune,Cotton Bedsheet Set,Home & Kitchen,2,1431,2862,CUST-31086,App
UK-2026-104594,2026-06-06,East,Guwahati,Bluetooth Speaker Mini,Electronics,2,1478,2956,CUST-84874,Marketplace
UK-2026-102731,2026-04-24,South,Kochi,Leather Wallet,Fashion,2,866,1732,CUST-33695,Marketplace
UK-2026-103438,2026-05-05,East,Kolkata,Cricket Bat English Willow,Sports,1,9111,9111,CUST-63712,App
UK-2026-103760,2026-05-06,South,Kochi,Matte Lipstick Set,Beauty,1,915,915,CUST-31972,Marketplace
UK-2026-104758,2026-06-08,North,Delhi,Dinner Set 24pc,Home & Kitchen,1,2606,2606,CUST-22574,App
UK-2026-103621,2026-05-26,Central,Nagpur,Leather Wallet,Fashion,1,885,885,CUST-72275,App
UK-2026-102311,2026-04-08,North,Gurugram,Dinner Set 24pc,Home & Kitchen,2,2410,4820,CUST-84493,App
UK-2026-101233,2026-02-16,North,Noida,43-inch Smart TV,Electronics,2,26762,53524,CUST-33579,App
UK-2026-101902,2026-03-19,West,Pune,Power Bank 20000mAh,Electronics,1,1776,1776,CUST-25520,Website
UK-2026-103267,2026-05-12,North,Delhi,Leather Wallet,Fashion,1,897,897,CUST-38351,Marketplace
UK-2026-103719,2026-05-18,Central,Indore,Smart Watch X2,Electronics,1,4514,4514,CUST-91082,Website
UK-2026-101775,2026-03-24,South,Kochi,Bluetooth Speaker Mini,Electronics,1,1539,1539,CUST-36326,Website
UK-2026-104315,2026-06-28,South,Chennai,Ethnic Dupatta,Fashion,2,486,972,CUST-50326,Website
UK-2026-101937,2026-03-20,North,Noida,Silk Saree,Fashion,1,3434,3434,CUST-21247,Website
UK-2026-102489,2026-04-13,East,Kolkata,Yoga Mat Pro,Sports,1,1231,1231,CUST-98502,App
UK-2026-102601,2026-04-22,South,Bengaluru,Silk Saree,Fashion,2,3580,7160,CUST-75134,App
UK-2026-100739,2026-02-05,North,Noida,Non-Stick Cookware Set,Home & Kitchen,2,3027,6054,CUST-18288,Website
UK-2026-104713,2026-06-16,West,Mumbai,Robot Vacuum R7,Home & Kitchen,1,19233,19233,CUST-68709,Website
UK-2026-102089,2026-03-14,South,Kochi,Slim Fit Jeans,Fashion,3,1604,4812,CUST-24076,App
UK-2026-101454,2026-03-27,West,Ahmedabad,Smart Watch X2,Electronics,1,4661,4661,CUST-18724,App
UK-2026-101376,2026-02-08,North,Noida,Noise-Cancelling Headphones,Electronics,1,9420,9420,CUST-77719,App
UK-2026-104799,2026-06-30,North,Chandigarh,Silk Saree,Fashion,1,3609,3609,CUST-70674,App
UK-2026-103160,2026-05-04,East,Kolkata,Cricket Bat English Willow,Sports,1,8835,"₹8,835",CUST-72547,App
UK-2026-102679,2026-04-04,East,Guwahati,Slim Fit Jeans,Fashion,2,1674,3348,CUST-97703,Website
UK-2026-100848,2026-02-01,South,Bengaluru,Modern Wall Clock,Home & Kitchen,1,786,786,CUST-39959,App
UK-2026-103136,2026-05-17,West,Ahmedabad,Badminton Racket Set,Sports,1,2614,2614,CUST-18569,App
UK-2026-101559,"Mar 12, 2026",East,Guwahati,43-inch Smart TV,Electronics,1,24704,24704,CUST-95095,Website
UK-2026-100479,2026-01-16,West,Mumbai,Mirrorless Camera Lite,Electronics,1,27686,27686,CUST-48053,App
UK-2026-104861,2026-06-16,South,Bengaluru,Vitamin C Serum,Beauty,2,673,1346,CUST-52363,App
UK-2026-100136,2026-01-24,Central,Raipur,Non-Stick Cookware Set,Home & Kitchen,1,2841,2841,CUST-85629,Website
UK-2026-104816,2026-06-30,South,Kochi,Wireless Earbuds Pro,Electronics,2,3119,6238,CUST-77807,Marketplace
UK-2026-100438,2026-01-04,South,Chennai,Formal Shirt,Fashion,1,1138,1138,CUST-16382,App
UK-2026-104712,2026-06-21,North,Gurugram,Running Sneakers,Fashion,1,2737,2737,CUST-85489,App
UK-2026-102681,2026-04-19,West,Mumbai,Ultrabook Air 14,Electronics,1,29019,29019,CUST-35879,App
UK-2026-102317,2026-04-28,South,Chennai,Cricket Bat English Willow,Sports,3,9210,27630,CUST-19158,App
UK-2026-103081,2026-04-12,West,Surat,Eau de Parfum 100ml,Beauty,1,2043,2043,CUST-63325,App
UK-2026-102906,2026-04-19,South,Chennai,Wireless Earbuds Pro,Electronics,3,3128,9384,CUST-82357,App
UK-2026-100307,2026-01-08,Central,Nagpur,Mixer Grinder 750W,Home & Kitchen,1,3226,3226,CUST-33076,App
UK-2026-104994,2026-06-24,Central,Raipur,43-inch Smart TV,Electronics,1,27085,27085,CUST-18569,App
UK-2026-100324,2026-01-15,West,Surat,  Silk Saree,Fashion,2,3545,7090,CUST-95458,App
UK-2026-103326,2026-05-24,North,Noida,Robot Vacuum R7,Home & Kitchen,2,18968,37936,CUST-16313,App
UK-2026-101727,2026-03-16,,Pune,Power Bank 20000mAh,Electronics,3,1747,5241,CUST-38426,App
UK-2026-101074,2026-02-11,North,Chandigarh,Electric Kettle 1.5L,Home & Kitchen,1,1108,1108,CUST-29677,App
UK-2026-103569,2026-05-21,South,Chennai,Cricket Bat English Willow,Sports,1,8639,8639,CUST-88149,Website
UK-2026-104058,2026-06-19,West,Pune,Modern Wall Clock,Home & Kitchen,1,790,790,CUST-46142,App
UK-2026-100937,2026-02-27,South,Hyderabad,Mixer Grinder 750W,Home & Kitchen,1,3369,3369,CUST-46882,Website
UK-2026-104737,2026-06-01,North,Noida,Denim Jacket,Fashion,1,2192,2192,CUST-18189,App
UK-2026-100400,2026-01-21,West,Bombay,Running Sneakers,Fashion,4,2740,10960,CUST-78752,App
UK-2026-100155,2026-01-16,South,Hyderabad,43-inch Smart TV,Electronics,1,26897,26897,CUST-18189,App
UK-2026-101343,2026-02-11,East,Kolkata,Ionic Hair Dryer,Beauty,1,1879,1879,CUST-69853,App
UK-2026-104327,2026-06-06,Central,Bhopal,Yoga Mat Pro,Sports,2,1217,2434,CUST-52244,Website
UK-2026-101317,2026-02-08,North,Chandigarh,Formal Shirt,Fashion,3,1103,3309,CUST-44060,App
UK-2026-103199,2026-05-22,East,Guwahati,Denim Jacket,Fashion,1,2161,2161,CUST-28423,App
UK-2026-101060,2026-02-23,West,Surat,Face Wash Combo,Beauty,1,428,428,CUST-26143,Website
UK-2026-101225,2026-02-04,South,Chennai,Formal Shirt,Fashion,2,1123,2246,CUST-82512,App
UK-2026-100012,2026-01-26,West,Ahmedabad,Silk Saree,Fashion,1,3375,,CUST-72906,Website
UK-2026-103881,2026-05-06,North,Noida,Bluetooth Speaker Mini,Electronics,2,1490,2980,CUST-97703,App
UK-2026-102600,2026-04-29,North,Gurugram,Ethnic Dupatta,Fashion,2,506,1012,CUST-88201,App
UK-2026-100983,2026-02-09,North,Gurugram,Sunscreen SPF50,Beauty,2,533,1066,CUST-82858,App
UK-2026-102869,2026-04-20,South,Hyderabad,Ultrabook Air 14,Electronics,1,30863,30863,CUST-44186,Website
UK-2026-104389,2026-06-29,South,Hyderabad,Slim Fit Jeans,Fashion,2,1613,3226,CUST-12501,App
UK-2026-104238,2026-06-03,South,Bengaluru,Ultrabook Air 14,Electronics,1,31104,31104,CUST-44252,App
UK-2026-101151,2026-02-25,North,Delhi,Denim Jacket,Fashion,2,2212,4424,CUST-47695,App
UK-2026-104813,2026-06-03,East,Patna,Wireless Earbuds Pro,Electronics,3,3056,9168,CUST-15004,Marketplace
UK-2026-104097,2026-06-08,Central,Nagpur,Electric Kettle 1.5L,Home & Kitchen,1,1048,1048,CUST-11093,App
UK-2026-102356,2026-04-21,South,Kochi,Face Wash Combo,Beauty,1,447,447,CUST-50886,App
UK-2026-100385,2026-01-13,West,Ahmedabad,Noise-Cancelling Headphones,Electronics,1,8992,"8,992.00",CUST-18569,Marketplace
UK-2026-104492,2026-06-25,West,Pune,Noise-Cancelling Headphones,Electronics,1,9156,9156,CUST-66683,App
UK-2026-104096,2026-06-20,West,Ahmedabad,Face Wash Combo,Beauty,4,454,1816,CUST-81146,App
UK-2026-101661,2026-03-09,South,Kochi,Yoga Mat Pro,Sports,1,1214,1214,CUST-19158,Website
UK-2026-101218,2026-02-07,North,Chandigarh,Noise-Cancelling Headphones,Electronics,1,8553,8553,CUST-91210,Website
UK-2026-101389,2026-02-02,West,Ahmedabad,Mirrorless Camera Lite,Electronics,1,28150,28150,CUST-68985,Marketplace
UK-2026-102333,2026-04-09,South,Chennai,Cotton Kurta Set,Fashion,1,1329,1329,CUST-23499,App
UK-2026-101180,2026-02-05,North,Delhi,Bluetooth Speaker Mini,Electronics,1,1460,1460,CUST-32613,App
UK-2026-101881,2026-03-12,South,Hyderabad,Ultrabook Air 14,Electronics,1,30473,30473,CUST-30361,Website
UK-2026-100231,2026-01-25,South,Bengaluru,Air Fryer 5L,Home & Kitchen,1,5385,5385,CUST-96028,Website
UK-2026-102392,2026-04-13,North,Gurugram,Leather Wallet,Fashion,1,863,863,CUST-29112,Website
UK-2026-101488,2026-03-21,West,Pune,Ultrabook Air 14,Electronics,2,28739,57478,CUST-95680,Marketplace
UK-2026-102377,2026-04-25,North,Noida,Air Fryer 5L,Home & Kitchen,1,5244,5244,CUST-72640,Website
UK-2026-102918,2026-04-12,West,Surat,Matte Lipstick Set,Beauty,1,930,930,CUST-82138,Website
UK-2026-104566,2026-06-05,East,Guwahati,Cotton Kurta Set,Fashion,2,1303,2606,CUST-77814,App
UK-2026-102946,2026-04-06,Central,Raipur,Ultrabook Air 14,Electronics,4,30495,,CUST-50230,App
UK-2026-100331,2026-01-11,North,Gurugram,Bluetooth Speaker Mini,Electronics,1,1472,1472,CUST-39157,Website
UK-2026-100862,2026-02-13,East,Kolkata   ,Vitamin C Serum,Beauty,1,701,701,CUST-59430,Website
UK-2026-103856,2026-05-28,West,Ahmedabad,Smart Watch X2,Electronics,1,4360,4360,CUST-91296,Website
UK-2026-101765,2026-03-13,West,Pune,Slim Fit Jeans,Fashion,1,1609,1609,CUST-21337,App
UK-2026-102941,2026-04-16,West,Mumbai,Wireless Earbuds Pro,Electronics,2,2877,5754,CUST-29901,App
UK-2026-103988,2026-05-24,North,Gurugram,43-inch Smart TV,Electronics,1,24954,24954,CUST-34099,App
UK-2026-103790,2026-05-13,West,Surat,Mirrorless Camera Lite,Electronics,-2,29180,58360,CUST-16240,Website
UK-2026-100906,2026-02-17,Central,Bhopal,Ethnic Dupatta,Fashion,1,511,511,CUST-22310,Website
UK-2026-100129,2026-01-23,East,Bhubaneswar,Wireless Earbuds Pro,Electronics,1,3119,3119,CUST-12911,App
UK-2026-101516,2026-03-17,West,Pune,Sunscreen SPF50,Beauty,1,568,568,CUST-30537,App
UK-2026-103455,30/05/2026,South,Bengaluru,Cotton Kurta Set,Fashion,2,1322,2644,CUST-10043,App
UK-2026-101814,2026-03-07,North,Delhi,Running Sneakers,Fashion,1,2726,2726,CUST-98502,App
UK-2026-101840,2026-03-01,West,Mumbai,Gym Gloves,Sports,1,499,499,CUST-64220,Marketplace
UK-2026-102082,2026-03-08,North,Noida,Running Sneakers,Fashion,1,2662,2662,CUST-87948,Website
UK-2026-101593,2026-03-07,North,Noida,Ionic Hair Dryer,Beauty,1,1844,1844,CUST-34497,App
UK-2026-104115,2026-06-25,Central,Indore,Power Bank 20000mAh,Electronics,2,1731,3462,CUST-28511,Marketplace
UK-2026-103142,2026-05-23,Central,Raipur,Makeup Brush Set,Beauty,2,1355,2710,CUST-28511,App
UK-2026-100876,2026-02-04,West,Pune,Running Sneakers,Fashion,1,2703,2703,CUST-18233,App
UK-2026-104835,2026-06-03,South,BLR,Electric Kettle 1.5L,Home & Kitchen,2,1144,2288,CUST-36046,Website
UK-2026-101116,2026-02-10,,Ahmedabad,Ethnic Dupatta,Fashion,1,492,492,CUST-62113,App
UK-2026-100020,2026-01-16,West,Surat,Non-Stick Cookware Set,Home & Kitchen,1,2943,2943,CUST-17488,Website
UK-2026-104240,2026-06-08,West,Surat,Yoga Mat Pro,Sports,1,1200,1200,CUST-27865,Marketplace
UK-2026-100804,08-02-26,South,Kochi,Matte Lipstick Set,Beauty,2,903,1806,CUST-26937,Website
UK-2026-104245,2026-06-17,North,Chandigarh,Eau de Parfum 100ml,Beauty,2,1979,3958,CUST-52143,App
UK-2026-101849,2026-03-19,South,Chennai,Running Sneakers,Fashion,1,2910,2910,CUST-77588,Website
UK-2026-102773,2026-04-07,South,Hyderabad,Eau de Parfum 100ml,Beauty,2,1962,3924,CUST-53897,App
UK-2026-100409,2026-01-10,West,Pune,Robot Vacuum R7   ,Home & Kitchen,2,18207,36414,CUST-50969,Website
UK-2026-101028,2026-02-05,South,Kochi,Beard Grooming Kit,Beauty,1,1011,1011,CUST-24347,App
UK-2026-101423,2026-02-11,West,Pune,Eau de Parfum 100ml,Beauty,1,2059,2059,CUST-30316,Website
UK-2026-103501,2026-05-18,Central,Raipur,Adjustable Dumbbells 15kg,Sports,1,5068,5068,CUST-97463,Marketplace
UK-2026-103776,2026-05-05,North,Gurugram,Smart Watch X2,Electronics,1,4355,4355,CUST-31813,App
UK-2026-101254,2026-02-24,North,Noida,Slim Fit Jeans,Fashion,1,1649,1649,CUST-43744,App
UK-2026-100383,2026-01-06,North,Delhi,Denim Jacket,Fashion,1,2120,2120,CUST-23055,Website
UK-2026-102265,2026-04-24,North,New Delhi,Vitamin C Serum,Beauty,1,677,677,CUST-91139,Website
UK-2026-102398,2026-04-30,North,Delhi,Slim Fit Jeans,Fashion,4,1660,6640,CUST-97296,App
UK-2026-102041,2026-03-18,South,Kochi,Mirrorless Camera Lite,Electronics,1,28587,28587,CUST-73442,Marketplace
UK-2026-100295,2026-01-16,South,Bengaluru,Slim Fit Jeans,Fashion,2,1674,3348,CUST-38691,Website
UK-2026-103359,2026-05-23,North,Gurugram,Non-Stick Cookware Set,Home & Kitchen,2,3000,6000,CUST-56453,App
UK-2026-102012,2026-03-24,West,Surat,Silk Saree,Fashion,1,3379,3379,CUST-84674,App
UK-2026-102128,2026-03-05,Central,Nagpur,Cotton Kurta Set,Fashion,1,1327,1327,CUST-31086,App
UK-2026-102119,2026-03-04,East,Patna,Slim Fit Jeans,Fashion,2,1575,3150,CUST-26257,Marketplace
UK-2026-104261,2026-06-15,South,Hyderabad,Ethnic Dupatta,Fashion,1,481,481,CUST-81887,App
UK-2026-103825,2026-05-03,Central,Raipur,Electric Kettle 1.5L,Home & Kitchen,1,1137,1137,CUST-88201,App
UK-2026-101626,2026-03-19,North,Chandigarh,Bluetooth Speaker Mini,Electronics,1,1485,1485,CUST-74657,App
UK-2026-100544,2026-01-07,Central,Indore,43-inch Smart TV,Electronics,1,24718,24718,CUST-94949,App
UK-2026-103869,2026-05-06,East,Patna,Cotton Kurta Set,Fashion,1,1309,1309,CUST-74047,Website
UK-2026-103554,2026-05-03,Central,Bhopal,Air Fryer 5L,Home & Kitchen,1,5233,"5,233.00",CUST-20137,Marketplace
UK-2026-104738,2026-06-25,West,Ahmedabad,Yoga Mat Pro,Sports,2,1193,2386,CUST-86031,App
UK-2026-101479,2026-03-19,South,Chennai,Ionic Hair Dryer,Beauty,3,1921,5763,CUST-50118,App
UK-2026-101994,2026-03-26,West,Ahmedabad,Adjustable Dumbbells 15kg,Sports,1,5233,5233,CUST-17668,Website
UK-2026-101363,2026-02-10,North,Delhi,Football Size 5,Sports,2,870,1740,CUST-54862,App
UK-2026-101899,2026-03-08,North,Chandigarh   ,Face Wash Combo,Beauty,2,433,866,CUST-67907,App
UK-2026-104043,2026-06-20,South,Kochi,Ethnic Dupatta,Fashion,1,521,521,CUST-57190,Website
UK-2026-104971,2026-06-18,North,Gurugram,Modern Wall Clock,Home & Kitchen,1,794,794,CUST-18006,Website
UK-2026-103874,2026-05-24,Central,Raipur,Leather Wallet,Fashion,3,926,2778,CUST-70535,App
UK-2026-100351,2026-01-07,Central,Nagpur,Electric Kettle 1.5L,Home & Kitchen,1,1050,1050,CUST-89928,Website
UK-2026-101356,2026-02-24,East,Bhubaneswar,Ionic Hair Dryer,Beauty,1,1835,1835,CUST-49592,Website
UK-2026-104789,2026-06-06,North,Delhi,Football Size 5,Sports,1,873,873,CUST-73605,Marketplace
UK-2026-104415,2026-06-06,North,Chandigarh,Air Fryer 5L,Home & Kitchen,2,5356,10712,CUST-91324,Website
UK-2026-101671,2026-03-28,North,Noida,Cotton Bedsheet Set,Home & Kitchen,2,1408,2816,CUST-25350,App
UK-2026-103897,2026-05-01,South,Bengaluru,Robot Vacuum R7,Home & Kitchen,3,19474,58422,CUST-66059,Website
UK-2026-103572,2026-05-12,North,Chandigarh,Ethnic Dupatta,Fashion,2,494,988,CUST-29817,App
UK-2026-100090,2026-01-26,West,Mumbai,Cotton Bedsheet Set,Home & Kitchen,1,1462,1462,CUST-43053,Website
UK-2026-102850,2026-04-24,South,Chennai,Beard Grooming Kit,Beauty,1,952,952,CUST-71461,Website
UK-2026-104953,2026-06-16,Central,Indore,Formal Shirt,Fashion,2,1127,2254,CUST-51152,Marketplace
UK-2026-102190,2026-03-22,,Raipur,Cycling Helmet,Sports,1,1605,1605,CUST-77767,Website
UK-2026-100540,2026-01-12,North,Noida,Cotton Bedsheet Set,Home & Kitchen,2,1441,2882,CUST-16797,App
UK-2026-103796,2026-05-04,North,New Delhi,Cotton Kurta Set,Fashion,1,1279,1279,CUST-70862,Website
UK-2026-100576,2026-01-26,North,Gurugram,Silk Saree,Fashion,1,3623,3623,CUST-10658,Marketplace
UK-2026-103628,2026-05-22,Central,Raipur,Noise-Cancelling Headphones,Electronics,1,9043,9043,CUST-14768,Website
UK-2026-100844,04-02-26,East,Patna,Denim Jacket,Fashion,1,2131,2131,CUST-45332,App
UK-2026-102367,2026-04-26,West,Ahmedabad,Mirrorless Camera Lite,Electronics,2,29459,58918,CUST-21104,App
UK-2026-100664,2026-01-05,East,Guwahati,Slim Fit Jeans,Fashion,2,1548,3096,CUST-64474,App
UK-2026-101928,2026-03-14,West,Pune,Matte Lipstick Set,Beauty,1,881,881 INR,CUST-14147,App
UK-2026-100134,2026-01-01,West,Ahmedabad,Mirrorless Camera Lite,Electronics,1,29772,29772,CUST-79546,App
UK-2026-101655,2026-03-15,East,Kolkata,Non-Stick Cookware Set,Home & Kitchen,1,2837,2837,CUST-22048,App
UK-2026-100195,2026-01-17,South,Kochi,Bluetooth Speaker Mini,Electronics,1,1523,1523,CUST-64330,App
UK-2026-102130,2026-03-19,Central,Nagpur,Badminton Racket Set,Sports,1,2577,2577,CUST-66842,Marketplace
UK-2026-101731,2026-03-26,South,Kochi,Wireless Earbuds Pro,Electronics,1,3047,3047,CUST-77895,App
UK-2026-101518,2026-03-15,Central,Raipur,Beard Grooming Kit,Beauty,1,1047,1047,CUST-40992,Website
UK-2026-103598,2026-05-23,North,Chandigarh,Cotton Kurta Set,Fashion,2,1283,2566,CUST-16206,App
UK-2026-102021,2026-03-06,West,Pune,Power Bank 20000mAh,Electronics,1,1808,1808,CUST-11711,Website
UK-2026-100305,2026-01-27,North,Delhi,Gym Gloves,Sports,1,494,494,CUST-20137,App
UK-2026-102713,2026-04-21,East,Patna,Yoga Mat Pro,Sports,1,1147,1147,CUST-66538,Website
UK-2026-100689,2026-01-29,West,Ahmedabad,Cricket Bat English Willow,Sports,1,8812,8812,CUST-62935,Website
UK-2026-103433,2026-05-25,South,Chennai,Bluetooth Speaker Mini,Electronics,1,1471,1471,CUST-69206,Marketplace
UK-2026-103219,2026-05-16,West,Surat,Cotton Kurta Set,Fashion,2,1304,2608,CUST-61290,App
UK-2026-103715,2026-05-01,North,Noida,Bluetooth Speaker Mini,Electronics,3,1481,4443,CUST-95009,App
UK-2026-104950,2026-06-28,West,Surat,Leather Wallet,Fashion,1,888,888,CUST-26143,App
UK-2026-102222,2026-03-03,East,Patna,Electric Kettle 1.5L,Home & Kitchen,2,1131,2262,CUST-20155,Website
UK-2026-101695,2026-03-09,South,Hyderabad,Non-Stick Cookware Set,Home & Kitchen,1,3028,3028,CUST-54755,Website
UK-2026-103980,2026-05-30,South,Chennai,Football Size 5,Sports,2,920,1840,CUST-58665,Marketplace
UK-2026-103855,2026-05-27,West,Ahmedabad,Running Sneakers,Fashion,1,2763,2763,CUST-31813,Website
UK-2026-100035,2026-01-02,South,Kochi,Formal Shirt,Fashion,2,1132,2264,CUST-94908,Marketplace
UK-2026-102856,2026-04-15,West,Surat,Bluetooth Speaker Mini,Electronics,,1438,2876,CUST-46500,Marketplace
UK-2026-100433,2026-01-02,West,Surat,Bluetooth Speaker Mini,Electronics,1,1489,1489,CUST-16216,App
UK-2026-102702,07-04-26,Central,Indore,Bluetooth Speaker Mini,Electronics,1,1436,1436,CUST-97703,App
UK-2026-103819,2026-05-13,West,Mumbai,Non-Stick Cookware Set,Home & Kitchen,1,2979,2979,CUST-11728,App
UK-2026-102518,2026-04-10,South,Kochi,Cotton Bedsheet Set,Home & Kitchen,2,1431,2862,CUST-98394,Website
UK-2026-100663,2026-01-02,East,Bhubaneswar,Robot Vacuum R7,Home & Kitchen,1,19190,19190,CUST-60050,Website
UK-2026-103094,2026-05-08,North,GGN,Slim Fit Jeans,Fashion,1,1593,1593,CUST-83872,App
UK-2026-100667,2026-01-08,Central,Bhopal,Ethnic Dupatta,Fashion,2,502,1004,CUST-95636,Website
UK-2026-103700,2026-05-25,West,Surat,Dinner Set 24pc,Home & Kitchen,1,2468,2468,CUST-71276,Website
UK-2026-100376,23-01-26,West,Surat,Ethnic Dupatta,Fashion,2,522,1044,CUST-50326,Website
UK-2026-103032,2026-04-09,North,Gurugram,Robot Vacuum R7,Home & Kitchen,3,19725,59175,CUST-56389,Website
UK-2026-104059,2026-06-04,East,guwahati,Badminton Racket Set,Sports,1,2608,2608,CUST-62811,App
UK-2026-101270,2026-02-17,South,Chennai,Slim Fit Jeans,Fashion,2,1531,3062,CUST-67670,Website
UK-2026-102626,2026-04-05,North,Delhi,Bluetooth Speaker Mini,Electronics,1,1566,1566,CUST-46300,App
UK-2026-102104,2026-03-02,North,Chandigarh,Running Sneakers,Fashion,1,2922,2922,CUST-41073,Website
UK-2026-100303,2026-01-21,North,Gurugram,Denim Jacket,Fashion,1,2233,2233,CUST-24223,Website
UK-2026-103348,2026-05-10,West,Pune,Silk Saree,Fashion,1,3334,3334,CUST-13326,App
UK-2026-100550,2026-01-27,West,Mumbai,Makeup Brush Set,Beauty,0,1334,2668,CUST-68709,App
UK-2026-104098,28/06/2026,East,Kolkata,Badminton Racket Set,Sports,1,2438,2438,CUST-69392,App
UK-2026-104995,2026-06-04,North,Chandigarh,Leather Wallet,Fashion,1,868,868,CUST-77237,Website
UK-2026-100458,2026-01-29,North,Delhi,Non-Stick Cookware Set,Home & Kitchen,1,2866,2866,CUST-49035,Website
UK-2026-100620,2026-01-16,North,Chandigarh,Air Fryer 5L,Home & Kitchen,3,5638,16914,CUST-27466,App
UK-2026-104883,2026-06-07,Central,Nagpur,Bluetooth Speaker Mini,Electronics,2,1483,2966,CUST-87050,App
UK-2026-104454,2026-06-06,West,Surat,Non-Stick Cookware Set,Home & Kitchen,1,3009,3009,CUST-23640,Website
UK-2026-104559,2026-06-13,East,Patna,Formal Shirt,Fashion,2,1088,2176,CUST-19037,App
UK-2026-100724,2026-02-26,West,Surat,Bluetooth Speaker Mini,Electronics,2,1430,2860,CUST-58018,Marketplace
UK-2026-100994,2026-02-07,East,Bhubaneswar,Mixer Grinder 750W,Home & Kitchen,1,3319,3319,CUST-49570,Marketplace
UK-2026-102264,2026-04-08,North,Delhi,Beard Grooming Kit,Beauty,1,990,990,CUST-84857,App
UK-2026-100581,2026-01-22,Central,Raipur,Silk Saree,Fashion,1,3563,3563,CUST-64127,Website
UK-2026-104809,2026-06-01,Central,Indore,Smart Watch X2,Electronics,2,4702,9404,CUST-84493,App
UK-2026-100411,2026-01-12,North,Gurugram,Ethnic Dupatta,Fashion,1,491,491,CUST-49281,Website
UK-2026-103555,2026-05-01,South,Bengaluru,Ultrabook Air 14,Electronics,-2,30813,61626,CUST-48367,App
UK-2026-102748,2026-04-12,South,Kochi,Football Size 5,Sports,1,854,854.00,CUST-76201,Website
UK-2026-102376,2026-04-18,South,Chennai,Noise-Cancelling Headphones,Electronics,2,9192,18384,CUST-48347,Marketplace
UK-2026-104322,2026-06-08,West,Surat,Power Bank 20000mAh,Electronics,3,1802,5406,CUST-22003,App
UK-2026-101409,2026-02-05,West,Surat,Dinner Set 24pc,Home & Kitchen,1,2563,2563,CUST-98502,Website
UK-2026-103249,2026-05-11,South,Chennai,Wireless Earbuds Pro,Electronics,3,2929,8787,CUST-60281,Website
UK-2026-103461,2026-05-02,South,Chennai,Ethnic Dupatta,Fashion,1,511,511,CUST-72014,Website
UK-2026-103067,2026-04-22,South,Hyderabad,Dinner Set 24pc,Home & Kitchen,1,2559,2559,CUST-73820,Website
UK-2026-100244,2026-01-05,South,Hyderabad,Modern Wall Clock,Home & Kitchen,1,815,815,CUST-11711,App
UK-2026-102544,2026-04-14,North,Noida,Dinner Set 24pc,Home & Kitchen,1,2440,2440,CUST-25241,App
UK-2026-102671,2026-04-03,South,Hyderabad,Ultrabook Air 14,Electronics,4,29323,117292,CUST-53969,App
UK-2026-101085,2026-02-14,South,Kochi,Matte Lipstick Set,Beauty,1,924,924,CUST-90247,Marketplace
UK-2026-104397,2026-06-17,South,Chennai,Cotton Kurta Set,Fashion,1,1311,1311,CUST-57105,App
UK-2026-102388,2026-04-09,North,Gurugram,Ionic Hair Dryer,Beauty,4,1985,7940,CUST-99456,Marketplace
UK-2026-104049,2026-06-05,Central,Nagpur,Electric Kettle 1.5L,Home & Kitchen,1,1132,1132,CUST-87173,App
UK-2026-101112,2026-02-27,South,Bengaluru,Mixer Grinder 750W,Home & Kitchen,1,3227,3227,CUST-86929,App
UK-2026-103674,2026-05-25,North,Gurugram,Cricket Bat English Willow,Sports,1,8720,8720,CUST-97015,Website
UK-2026-101108,2026-02-25,East,Bhubaneswar,Face Wash Combo,Beauty,1,458,458,CUST-48396,App
UK-2026-102609,2026-04-24,South,Bengaluru,Modern Wall Clock,Home & Kitchen,1,809,809,CUST-28985,Marketplace
UK-2026-104589,2026-06-10,North,Noida,Noise-Cancelling Headphones,Electronics,1,9319,9319,CUST-86787,App
UK-2026-104168,2026-06-29,,Noida,Leather Wallet,Fashion,2,859,1718,CUST-27355,App
UK-2026-100773,2026-02-04,South,Kochi,Formal Shirt,Fashion,1,1076,1076,CUST-23388,Website
UK-2026-104887,2026-06-12,North,Delhi,Modern Wall Clock,Home & Kitchen,1,792,792,CUST-10512,Marketplace
UK-2026-102460,2026-04-12,West,Mumbai,Eau de Parfum 100ml,Beauty,2,2070,4140,CUST-83732,App
UK-2026-102901,2026-04-29,South,Kochi,Cricket Bat English Willow,Sports,3,9022,27066,CUST-17709,App
UK-2026-103531,31-05-26,North,Noida,Mixer Grinder 750W,Home & Kitchen,2,3376,6752,CUST-53924,App
UK-2026-101983,2026-03-16,North,Noida,Slim Fit Jeans,Fashion,1,1673,1673,CUST-80210,App
UK-2026-101934,2026-03-21,Central,Indore,Non-Stick Cookware Set,Home & Kitchen,1,2839,2839,CUST-67237,App
UK-2026-102032,2026-03-09,North,Chandigarh,Cotton Bedsheet Set,Home & Kitchen,2,1364,2728,CUST-20086,Website
UK-2026-100052,2026-01-19,South,Bengaluru,Cycling Helmet,Sports,1,1651,1651,CUST-31432,App
UK-2026-101173,2026-02-15,South,Chennai,Ultrabook Air 14,Electronics,1,30022,30022,CUST-11204,Marketplace
UK-2026-103485,2026-05-30,East,Patna,Running Sneakers,Fashion,2,2666,5332,CUST-34099,Marketplace
UK-2026-104199,2026-06-08,East,Bhubaneswar,43-inch Smart TV,Electronics,1,25101,25101,CUST-94908,App
UK-2026-104114,2026-06-30,Central,Indore,Formal Shirt,Fashion,2,1152,2304,CUST-36098,Website
UK-2026-100970,2026-02-03,North,Noida,Adjustable Dumbbells 15kg,Sports,3,5088,15264,CUST-26238,Website
UK-2026-101760,2026-03-14,Central,Indore,ROBOT VACUUM R7,Home & Kitchen,1,19784,19784,CUST-14033,App
UK-2026-102339,2026-04-17,East,Patna,Foldable Treadmill T2,Sports,1,25949,25949,CUST-14033,App
UK-2026-100784,2026-02-09,South,Hyderabad,Electric Kettle 1.5L,Home & Kitchen,1,1060,1060,CUST-97828,Website
UK-2026-102951,2026-04-24,South,Chennai,Cotton Bedsheet Set,Home & Kitchen,1,1365,1365,CUST-22099,App
UK-2026-104814,2026-06-04,South,Hyderabad,Yoga Mat Pro,Sports,1,1144,1144,CUST-17089,Marketplace
UK-2026-103585,2026-05-09,West,Mumbai,Badminton Racket Set,Sports,0,2586,5172,CUST-72560,Website
UK-2026-103516,2026-05-23,East,Bhubaneswar,Silk Saree,Fashion,1,3450,3450,CUST-81057,App
UK-2026-100051,21/01/2026,North,Noida,Mirrorless Camera Lite,Electronics,1,29853,29853,CUST-85431,App
UK-2026-104398,2026-06-07,West,Mumbai,Air Fryer 5L,Home & Kitchen,1,5396,5396,CUST-61362,Website
UK-2026-103823,2026-05-24,East,Kolkata,sunscreen spf50,Beauty,1,554,554,CUST-83732,Marketplace
UK-2026-104515,2026-06-07,West,Ahmedabad,Face Wash Combo,Beauty,2,448,896,CUST-27248,App
UK-2026-100212,2026-01-13,Central,Raipur,Formal Shirt,Fashion,1,1094,1094,CUST-96905,App
UK-2026-104370,2026-06-09,West,Surat,Sunscreen SPF50,Beauty,1,526,526,CUST-89252,App
UK-2026-100721,2026-02-18,Central,Bhopal,Badminton Racket Set,Sports,1,2496,2496,CUST-35524,Website
UK-2026-103576,2026-05-24,West,Mumbai,Mirrorless Camera Lite,Electronics,1,29428,29428,CUST-52982,Marketplace
UK-2026-102765,2026-04-26,South,Hyderabad,Cotton Kurta Set,Fashion,1,1356,1356,CUST-78480,App
UK-2026-103627,"May 17, 2026",South,Hyderabad,Bluetooth Speaker Mini,Electronics,1,1569,1569,CUST-36421,Website
UK-2026-103801,2026-05-07,East,Bhubaneswar,Sunscreen SPF50,Beauty,2,544,1088,CUST-77202,Website
UK-2026-101601,2026-03-02,West,Pune,Leather Wallet,Fashion,1,887,887,CUST-60835,App
UK-2026-100710,2026-01-26,East,Patna,Leather Wallet,Fashion,1,885,885,CUST-20155,App
UK-2026-103534,2026-05-03,West,Pune,Mirrorless Camera Lite,Electronics,1,29454,29454,CUST-30388,App
UK-2026-101964,2026-03-11,East,Patna,Cotton Bedsheet Set,Home & Kitchen,1,1333,1333,CUST-84081,Website
UK-2026-100951,2026-02-01,Central,Raipur,Cycling Helmet,Sports,1,1645,1645,CUST-62113,Website
UK-2026-101586,2026-03-08,South,Cochin,Makeup Brush Set,Beauty,2,1331,2662,CUST-27497,App
UK-2026-100508,2026-01-01,Central,Nagpur,Dinner Set 24pc,Home & Kitchen,1,2408,2408,CUST-68709,App
UK-2026-101035,2026-02-05,North,Delhi,Yoga Mat Pro,Sports,2,1210,2420,CUST-10210,App
UK-2026-102974,2026-04-20,Central,Raipur,Mirrorless Camera Lite,Electronics,1,28222,28222,CUST-34497,Marketplace
UK-2026-103807,2026-05-07,North,Gurugram,Cotton Bedsheet Set,Home & Kitchen,1,1401,1401,CUST-46142,Website
UK-2026-100989,2026-02-03,North,Noida,Wireless Earbuds Pro,Electronics,1,2920,2920,CUST-49063,Marketplace
UK-2026-104625,2026-06-20,South,Chennai,Badminton Racket Set,Sports,1,2510,2510,CUST-87948,Marketplace
UK-2026-102798,2026-04-14,South,Bengaluru,Football Size 5,Sports,2,886,1772,CUST-80894,App
UK-2026-101680,2026-03-19,Central,Raipur,Adjustable Dumbbells 15kg,Sports,1,4954,4954,CUST-14509,App
UK-2026-100191,2026-01-09,South,Kochi,Cotton Bedsheet Set,Home & Kitchen,2,1339,2678,CUST-88844,App
UK-2026-104811,06-06-26,North,Delhi,Cotton Kurta Set,Fashion,1,1255,1255,CUST-77896,Website
UK-2026-104920,2026-06-11,East,Bhubaneswar,Power Bank 20000mAh,Electronics,1,1864,1864,CUST-95553,Website
UK-2026-103229,2026-05-26,North,Noida,Air Fryer 5L,Home & Kitchen,1,5333,5333,CUST-31665,Marketplace
UK-2026-104339,2026-06-10,Central,Indore,Mixer Grinder 750W,Home & Kitchen,2,3175,6350,CUST-32705,Website
UK-2026-101008,2026-02-16,West,Pune,Noise-Cancelling Headphones,Electronics,1,9248,9248,CUST-65833,Marketplace
UK-2026-103607,2026-05-21,South,Bengaluru,Noise-Cancelling Headphones,Electronics,1,8949,8949,CUST-75337,App
UK-2026-103933,2026-05-02,South,Bengaluru,Cricket Bat English Willow,Sports,1,8969,8969,CUST-22667,Website
UK-2026-103282,2026-05-03,South,Hyderabad,Mirrorless Camera Lite,Electronics,1,29658,29658,CUST-88167,App
UK-2026-104549,2026-06-30,South,Hyderabad,Smart Watch X2,Electronics,2,4366,8732,CUST-23531,Website
UK-2026-103262,2026-05-24,West,Pune,Mirrorless Camera Lite,Electronics,1,30038,30038,CUST-44186,Website
UK-2026-100524,2026-01-23,South,Chennai,Running Sneakers,Fashion,1,2701,2701,CUST-66394,App
UK-2026-100805,2026-02-24,Central,Indore,Power Bank 20000mAh,Electronics,1,1875,1875,CUST-65127,App
UK-2026-104208,2026-06-22,East,Patna,Power Bank 20000mAh,Electronics,2,1886,3772,CUST-73605,Marketplace
UK-2026-102258,2026-04-22,Central,Indore,Electric Kettle 1.5L,Home & Kitchen,4,1092,4368,CUST-43492,Marketplace
UK-2026-100373,2026-01-04,North,Delhi,Mirrorless Camera Lite,Electronics,2,29221,58442,CUST-37891,App
UK-2026-100693,2026-01-17,North,DELHI,Bluetooth Speaker Mini,Electronics,1,1472,1472,CUST-71461,App
UK-2026-103323,2026-05-24,West,Surat,Yoga Mat Pro,Sports,2,1141,2282,CUST-11184,Website
UK-2026-103883,2026-05-24,East,Kolkata,Electric Kettle 1.5L,Home & Kitchen,1,1093,1093,CUST-73323,Website
UK-2026-102874,2026-04-04,Central,Bhopal,  Silk Saree,Fashion,1,3643,3643,CUST-65321,Marketplace
UK-2026-103972,2026-05-20,West,Surat,Modern Wall Clock,Home & Kitchen,1,762,762,CUST-41687,Marketplace
UK-2026-103996,2026-05-03,North,Chandigarh,Air Fryer 5L,Home & Kitchen,2,5694,11388,CUST-62534,App
UK-2026-104070,2026-06-15,North,Noida,Robot Vacuum R7,Home & Kitchen,1,19700,19700,CUST-18647,Website
UK-2026-101271,2026-02-18,East,Kolkata,Ethnic Dupatta,Fashion,1,506,506,CUST-33661,App
UK-2026-100807,2026-02-13,West,Surat,Wireless Earbuds Pro,Electronics,4,3051,12204,CUST-64148,App
UK-2026-102088,2026-03-22,West,Ahmedabad,Wireless Earbuds Pro,Electronics,1,2932,2932,CUST-66059,App
UK-2026-102480,2026-04-05,East,Kolkata,Football Size 5,Sports,1,899,899,CUST-46947,App
UK-2026-103774,2026-05-19,North,Delhi,Ionic Hair Dryer,Beauty,1,1914,1914,CUST-64474,Marketplace
UK-2026-103826,2026-05-21,North,Noida,Bluetooth Speaker Mini,Electronics,1,1472,1472,CUST-79252,Website
UK-2026-101548,2026-03-08,West,Surat,Mirrorless Camera Lite,Electronics,1,27551,27551,CUST-68493,App
UK-2026-102045,2026-03-20,South,Kochi,Robot Vacuum R7,Home & Kitchen,1,18266,18266,CUST-64725,Website
UK-2026-104908,2026-06-26,Central,Raipur,Denim Jacket,Fashion,2,2252,4504,CUST-62587,Website
UK-2026-104967,2026-06-11,East,Bhubaneswar,Power Bank 20000mAh,Electronics,3,1778,5334,CUST-39461,Website
UK-2026-101281,2026-02-19,East,Patna,Leather Wallet,Fashion,1,913,913,CUST-17338,Website
UK-2026-103970,2026-05-15,North,Chandigarh,Smart Watch X2,Electronics,1,4452,4452,CUST-42191,Marketplace
UK-2026-102225,2026-03-11,North,Delhi,Modern Wall Clock,Home & Kitchen,1,806,806,CUST-74415,Website
UK-2026-101058,2026-02-13,South,Chennai,Matte Lipstick Set,Beauty,1,914,914,CUST-85152,Website
UK-2026-101896,2026-03-14,West,Pune,Slim Fit Jeans,Fashion,2,1606,3212,CUST-82539,App
UK-2026-103558,2026-05-10,South,Hyderabad,Robot Vacuum R7,Home & Kitchen,1,18868,18868,CUST-65421,App
UK-2026-104342,2026-06-05,North,Noida,Ethnic Dupatta,Fashion,1,518,518,CUST-82004,App
UK-2026-104822,2026-06-03,West,Surat,Power Bank 20000mAh,Electronics,2,1829,3658,CUST-41122,Website
UK-2026-102743,2026-04-03,West,Ahmedabad,Leather Wallet,Fashion,1,876,876,CUST-59468,Marketplace
UK-2026-103512,2026-05-14,East,Kolkata,Robot Vacuum R7,Home & Kitchen,1,18301,18301,CUST-40650,Marketplace
UK-2026-101232,2026-02-16,South,Kochi,Foldable Treadmill T2,Sports,1,24462,24462,CUST-14715,App
UK-2026-102022,2026-03-21,Central,Indore,Running Sneakers,Fashion,1,2845,2845,CUST-54431,Website
UK-2026-100030,2026-01-09,East,Kolkata,Ethnic Dupatta,Fashion,1,518,518,CUST-30316,Website
UK-2026-103513,2026-05-12,South,Hyderabad,Robot Vacuum R7,Home & Kitchen,1,18296,18296,CUST-29795,Website
UK-2026-104272,2026-06-17,North,Noida,Air Fryer 5L,Home & Kitchen,1,5406,5406,CUST-95966,Website
UK-2026-100936,2026-02-08,East,Kolkata,Slim Fit Jeans,Fashion,1,1636,1636,CUST-10200,App
UK-2026-101877,2026-03-10,North,Gurugram,Cotton Bedsheet Set,Home & Kitchen,1,1456,1456,CUST-51689,Website
UK-2026-102616,2026-04-11,South,Bengaluru,Modern Wall Clock,Home & Kitchen,1,763,763,CUST-64220,App
UK-2026-100362,2026-01-05,West,Pune,Modern Wall Clock,Home & Kitchen,2,799,1598,CUST-95758,Website
UK-2026-103515,2026-05-20,East,Bhubaneswar,Dinner Set 24pc,Home & Kitchen,2,2458,4916,CUST-61863,App
UK-2026-102701,2026-04-27,North,Delhi,Eau de Parfum 100ml,Beauty,3,2031,6093,CUST-20608,Website
UK-2026-102603,2026-04-08,South,Kochi,Slim Fit Jeans,Fashion,1,1519,1519,CUST-72432,Website
UK-2026-101524,2026-03-12,West,Pune,Football Size 5,Sports,1,918,918,CUST-65321,App
UK-2026-104834,2026-06-06,North,Gurugram,Leather Wallet,Fashion,1,881,881,CUST-98476,App
UK-2026-102854,2026-04-29,Central,Raipur,Ionic Hair Dryer,Beauty,1,1879,1879,CUST-81146,Marketplace
UK-2026-100500,2026-01-31,North,Delhi,Eau de Parfum 100ml,Beauty,1,1945,1945,CUST-80009,App
UK-2026-104387,2026-06-23,West,Pune,Slim Fit Jeans,Fashion,2,1546,3092,CUST-87171,App
UK-2026-101745,2026-03-31,East,Guwahati,Smart Watch X2,Electronics,,4338,4338,CUST-49735,App
UK-2026-102229,2026-03-01,West,Pune,Smart Watch X2,Electronics,1,4679,4679,CUST-49005,Website
UK-2026-103884,2026-05-28,West,Mumbai,Dinner Set 24pc,Home & Kitchen,2,2428,4856,CUST-91727,Website
UK-2026-100369,2026-01-28,West,Mumbai,Cotton Bedsheet Set,Home & Kitchen,2,1459,2918,CUST-20800,Website
UK-2026-100272,2026-01-20,West,Surat,Silk Saree,Fashion,1,3560,3560,CUST-86826,App
UK-2026-103116,2026-05-02,West,Surat,Vitamin C Serum,Beauty,2,723,1446,CUST-34468,App
UK-2026-104419,2026-06-26,South,Hyderabad,Denim Jacket,Fashion,2,2203,4406,CUST-25520,Website
UK-2026-101138,2026-02-10,North,Chandigarh,Dinner Set 24pc,Home & Kitchen,1,2575,2575,CUST-58507,Website
UK-2026-101258,12-02-26,North,Chandigarh,Running Sneakers,Fashion,1,2668,2668,CUST-73099,App
UK-2026-102341,2026-04-23,South,Hyderabad,Slim Fit Jeans,Fashion,2,1608,3216,CUST-89119,Website
UK-2026-103105,2026-05-05,Central,Bhopal,Makeup Brush Set,Beauty,1,1295,1295,CUST-88130,Website
UK-2026-102647,2026-04-16,West,Ahmedabad,Electric Kettle 1.5L,Home & Kitchen,3,1051,3153,CUST-10543,Website
UK-2026-102469,2026-04-23,North,Delhi,Non-Stick Cookware Set,Home & Kitchen,1,2948,2948,CUST-85951,Website
UK-2026-102223,2026-03-10,East,Guwahati,Wireless Earbuds Pro,Electronics,1,3133,3133,CUST-48964,Marketplace
UK-2026-100399,2026-01-11,Central,Bhopal,Formal Shirt,Fashion,3,1114,3342,CUST-85257,Marketplace
UK-2026-103143,15-05-26,North,Delhi,Slim Fit Jeans,Fashion,2,1607,3214,CUST-57253,Website
UK-2026-100392,2026-01-03,North,Gurugram,Cotton Kurta Set,Fashion,1,1264,1264,CUST-36862,Website
UK-2026-102115,2026-03-21,West,Pune,Silk Saree,Fashion,1,3507,3507,CUST-64720,Website
UK-2026-102684,2026-04-25,West,Surat,Wireless Earbuds Pro,Electronics,1,3014,3014,CUST-24384,App
UK-2026-102474,2026-04-03,South,Kochi,Leather Wallet,Fashion,2,909,1818,CUST-19095,Website
UK-2026-103397,2026-05-16,South,Hyderabad,Ethnic Dupatta,Fashion,1,498,498,CUST-85101,App
UK-2026-101696,"Mar 29, 2026",West,Ahmedabad,Smart Watch X2,Electronics,2,4542,9084,CUST-79522,Website
UK-2026-102015,2026-03-29,South,Bengaluru,Cotton Kurta Set,Fashion,1,1288,1288,CUST-38739,App
UK-2026-104038,2026-06-19,South,Bengaluru,Robot Vacuum R7,Home & Kitchen,3,19323,57969,CUST-65421,App
UK-2026-103895,2026-05-25,North,Gurugram,Air Fryer 5L,Home & Kitchen,2,5673,11346,CUST-74041,Website
UK-2026-104292,2026-06-29,North,Delhi,Smart Watch X2,Electronics,2,4585,9170,CUST-48830,Marketplace
UK-2026-104447,2026-06-07,Central,Indore,Face Wash Combo,Beauty,1,440,440,CUST-19968,Website
UK-2026-101417,2026-02-08,East,Bhubaneswar,Badminton Racket Set,Sports,2,2428,4856,CUST-43459,Marketplace
UK-2026-101014,2026-02-21,South,Chennai,Badminton Racket Set,Sports,1,2396,2396,CUST-82858,Website
UK-2026-100930,2026-02-26,South,Chennai,Formal Shirt,Fashion,1,1049,1049,CUST-97770,Marketplace
UK-2026-100004,2026-01-09,East,Kolkata,43-inch Smart TV,Electronics,1,25652,25652,CUST-44061,Website
UK-2026-100406,2026-01-10,East,Patna,Beard Grooming Kit,Beauty,1,1044,1044,CUST-22574,Marketplace
UK-2026-100867,2026-02-23,South,Kochi,Cotton Kurta Set,Fashion,1,1235,"1,235.00",CUST-70791,App
UK-2026-100697,2026-01-19,North,Delhi,Slim Fit Jeans,Fashion,1,1593,1593,CUST-85881,Website
UK-2026-101487,2026-03-08,North,Delhi,Power Bank 20000mAh,Electronics,2,1730,3460,CUST-51480,App
UK-2026-101909,2026-03-07,West,Surat,Noise-Cancelling Headphones,Electronics,2,9388,18776,CUST-72640,Marketplace
UK-2026-101804,2026-03-03,South,Bengaluru,Ionic Hair Dryer,Beauty,1,1982,1982,CUST-31086,App
UK-2026-103771,2026-05-20,Central,Raipur,cotton kurta set,Fashion,1,1317,1317,CUST-26737,Marketplace
UK-2026-103130,2026-05-25,,Pune,Eau de Parfum 100ml,Beauty,2,1933,3866,CUST-48830,Marketplace
UK-2026-101890,2026-03-12,Central,Raipur,Smart Watch X2,Electronics,2,4408,8816,CUST-39257,Marketplace
UK-2026-101398,2026-02-14,South,Hyderabad,Denim Jacket,Fashion,1,2270,2270,CUST-53817,App
UK-2026-103193,2026-05-26,West,Pune,Silk Saree,Fashion,1,3656,3656,CUST-69166,App
UK-2026-104295,2026-06-02,Central,Nagpur,Silk Saree,Fashion,2,3589,7178,CUST-93632,App
UK-2026-103898,2026-05-01,West,Surat,Cotton Bedsheet Set,Home & Kitchen,,1431,1431,CUST-34123,App
UK-2026-100278,2026-01-20,East,Bhubaneswar,Foldable Treadmill T2,Sports,1,24724,24724,CUST-58067,Website
UK-2026-102179,2026-03-24,East,Guwahati,Mirrorless Camera Lite,Electronics,-2,28009,28009,CUST-91227,App
UK-2026-100104,2026-01-13,North,Gurugram,Silk Saree,Fashion,1,3437,3437,CUST-48836,App
UK-2026-103226,2026-05-05,West,Pune,Cricket Bat English Willow,Sports,1,9188,9188,CUST-57253,Website
UK-2026-104158,2026-06-10,West,Ahmedabad,Eau de Parfum 100ml,Beauty,2,2066,4132,CUST-28511,Website
UK-2026-100608,2026-01-01,North,Noida,Mirrorless Camera Lite,Electronics,1,28782,28782,CUST-96506,Website
UK-2026-103900,2026-05-29,East,Kolkata,Yoga Mat Pro,Sports,1,1143,1143,CUST-30149,Marketplace
UK-2026-102683,2026-04-29,South,Bengaluru,Bluetooth Speaker Mini,Electronics,1,1541,1541,CUST-22567,App
UK-2026-100548,2026-01-28,West,Pune,Formal Shirt,Fashion,2,1064,2128,CUST-18043,App
UK-2026-100546,2026-01-29,North,Gurugram,Beard Grooming Kit,Beauty,2,995,1990,CUST-44113,Marketplace
UK-2026-101551,2026-03-22,Central,Bhopal,43-inch Smart TV,Electronics,1,26673,26673,CUST-88012,Marketplace
UK-2026-104032,2026-06-30,South,Hyderabad,43-inch Smart TV,Electronics,1,24909,24909,CUST-72205,App
UK-2026-103439,2026-05-17,Central,Raipur,Power Bank 20000mAh,Electronics,1,1860,1860,CUST-93215,App
UK-2026-100339,2026-01-18,South,Kochi,Adjustable Dumbbells 15kg,Sports,2,5226,10452,CUST-81319,Website
UK-2026-102826,2026-04-22,West,Mumbai,Cotton Kurta Set,Fashion,3,1239,3717,CUST-78480,Website
UK-2026-102009,2026-03-06,West,Pune,Electric Kettle 1.5L,Home & Kitchen,1,1135,1135,CUST-72894,App
UK-2026-103296,2026-05-10,South,Chennai,Face Wash Combo,Beauty,1,460,460,CUST-56109,App
UK-2026-100925,2026-02-07,South,Kochi,Beard Grooming Kit,Beauty,1,987,987,CUST-79025,App
UK-2026-103570,2026-05-07,Central,Raipur,Silk Saree,Fashion,1,3495,3495,CUST-11431,Website
UK-2026-103519,2026-05-30,North,Chandigarh,Ultrabook Air 14,Electronics,1,28973,28973,CUST-53416,Marketplace
UK-2026-103804,2026-05-21,West,Ahmedabad,Slim Fit Jeans,Fashion,-1,1633,1633,CUST-32705,Marketplace
UK-2026-101975,2026-03-15,East,Patna,Robot Vacuum R7,Home & Kitchen,2,19092,38184,CUST-61831,Website
UK-2026-104777,2026-06-13,South,Kochi,Foldable Treadmill T2,Sports,-1,25968,25968,CUST-38691,Marketplace
UK-2026-101755,2026-03-29,North,Chandigarh,Denim Jacket,Fashion,1,2202,2202,CUST-97015,Marketplace
UK-2026-104828,2026-06-28,North,Noida,Smart Watch X2,Electronics,1,4672,4672,CUST-36533,Website
UK-2026-100267,2026-01-22,South,Bengaluru,Mirrorless Camera Lite,Electronics,1,28966,28966,CUST-44126,App
UK-2026-102777,2026-04-18,Central,Raipur,Wireless Earbuds Pro   ,Electronics,1,3143,3143,CUST-24583,Marketplace
UK-2026-100190,2026-01-18,South,Kochi,Ionic Hair Dryer,Beauty,1,1869,1869,CUST-17413,App
UK-2026-100744,2026-02-20,West,Bombay,Ethnic Dupatta,Fashion,1,494,494,CUST-27331,Website
UK-2026-101242,2026-02-04,West,Pune,Bluetooth Speaker Mini,Electronics,2,1428,2856,CUST-39461,Website
UK-2026-103962,2026-05-17,West,Mumbai,Denim Jacket,Fashion,1,2162,2162,CUST-86787,App
UK-2026-103935,2026-05-06,North,Noida,Sunscreen SPF50,Beauty,1,563,563,CUST-72279,Website
UK-2026-102879,2026-04-26,North,Gurugram,Power Bank 20000mAh,Electronics,1,1840,1840,CUST-48317,Marketplace
UK-2026-100699,2026-01-02,East,Bhubaneswar,Adjustable Dumbbells 15kg,Sports,2,4943,9886,CUST-37066,Website
UK-2026-102801,2026-04-07,North,Delhi,Eau de Parfum 100ml,Beauty,3,1920,5760,CUST-40731,Website
UK-2026-100176,2026-01-03,Central,Indore,Smart Watch X2,Electronics,3,4714,14142,CUST-85113,Marketplace
UK-2026-101224,04-02-26,East,Bhubaneswar,43-inch Smart TV,Electronics,1,26835,26835,CUST-55561,App
UK-2026-103857,2026-05-15,West,Ahmedabad,Badminton Racket Set,Sports,1,2413,2413,CUST-75302,Website
UK-2026-102510,2026-04-12,East,Guwahati,Electric Kettle 1.5L,Home & Kitchen,2,1102,2204,CUST-18647,Marketplace
UK-2026-102467,2026-04-09,West,Surat,Robot Vacuum R7,Home & Kitchen,1,19388,19388,CUST-16977,App
UK-2026-102057,2026-03-21,West,Pune,Cricket Bat English Willow,Sports,1,9345,9345,CUST-19430,App
UK-2026-100517,2026-01-07,Central,Indore,Bluetooth Speaker Mini,Electronics,1,1489,1489,CUST-81019,App
UK-2026-101322,2026-02-04,West,Mumbai,Vitamin C Serum,Beauty,2,691,1382,CUST-36046,App
UK-2026-102211,2026-03-01,West,Mumbai,Leather Wallet,Fashion,1,880,880,CUST-66078,Website
UK-2026-101658,2026-03-31,South,Chennai,43-inch Smart TV,Electronics,4,24725,98900,CUST-82344,App
UK-2026-100193,2026-01-03,West,Ahmedabad,Ultrabook Air 14,Electronics,1,30213,30213,CUST-23963,App
UK-2026-101264,2026-02-06,East,Patna,Smart Watch X2,Electronics,2,4359,8718,CUST-10200,Website
UK-2026-103207,2026-05-26,North,Chandigarh,Electric Kettle 1.5L,Home & Kitchen,1,1101,,CUST-26257,Website
UK-2026-100421,2026-01-04,West,Mumbai,43-inch Smart TV,Electronics,1,26950,26950,CUST-37891,App
UK-2026-100661,2026-01-19,South,Hyderabad,Air Fryer 5L,Home & Kitchen,1,5454,5454,CUST-53032,Website
UK-2026-103749,2026-05-08,South,Kochi,Running Sneakers,Fashion,1,2899,2899,CUST-34468,Website
UK-2026-100813,2026-02-18,East,Bhubaneswar,Cricket Bat English Willow,Sports,2,8690,17380,CUST-92081,App
UK-2026-102405,2026-04-25,East,Kolkata,Football Size 5,Sports,1,936,936,CUST-43972,Website
UK-2026-100903,2026-02-26,South,Madras,Slim Fit Jeans,Fashion,2,1678,3356,CUST-53164,App
UK-2026-100283,2026-01-06,North,Chandigarh,43-inch Smart TV,Electronics,1,27141,27141,CUST-48821,Website
UK-2026-101756,2026-03-02,South,Kochi,Makeup Brush Set,Beauty,1,1354,1354,CUST-86031,Website
UK-2026-102784,2026-04-26,North,Chandigarh,Robot Vacuum R7,Home & Kitchen,2,18624,37248,CUST-31209,App
UK-2026-102380,2026-04-12,East,Bhubaneswar,43-inch Smart TV,Electronics,1,26468,26468,CUST-49410,Marketplace
UK-2026-103429,2026-05-23,North,Delhi,Face Wash Combo,Beauty,2,428,856,CUST-60447,Website
UK-2026-101110,2026-02-14,South,Chennai,Mirrorless Camera Lite,Electronics,1,29053,29053,CUST-12885,Website
UK-2026-103951,2026-05-24,East,Bhubaneswar,Football Size 5,Sports,2,935,1870,CUST-83419,App
UK-2026-101944,2026-03-31,East,Patna,Ethnic Dupatta,Fashion,1,492,492,CUST-11043,Website
UK-2026-101162,2026-02-05,South,Bengaluru,Gym Gloves,Sports,1,522,522,CUST-39770,Website
UK-2026-101716,2026-03-29,East,Guwahati,Ethnic Dupatta,Fashion,1,524,524,CUST-45176,Marketplace
UK-2026-101205,2026-02-01,West,Pune,Ultrabook Air 14,Electronics,2,28836,57672,CUST-79205,App
UK-2026-100764,2026-02-11,South,Kochi,Noise-Cancelling Headphones,Electronics,-1,9238,9238,CUST-22099,Website
UK-2026-101065,2026-02-02,South,Kochi,Ionic Hair Dryer,Beauty,4,1940,"7,760.00",CUST-37745,Website
UK-2026-103948,2026-05-02,West,Ahmedabad,Smart Watch X2,Electronics,1,4347,4347,CUST-61362,App
UK-2026-100159,2026-01-16,South,Hyderabad,Air Fryer 5L,Home & Kitchen,1,5278,5278,CUST-61290,App
UK-2026-101384,2026-02-10,West,Pune,Mixer Grinder 750W,Home & Kitchen,2,3355,6710,CUST-41073,App
UK-2026-103006,2026-04-25,South,Kochi,Foldable Treadmill T2,Sports,1,23974,23974,CUST-82138,Marketplace
UK-2026-104012,2026-05-12,North,Gurugram,Sunscreen SPF50,Beauty,2,558,1116,CUST-67893,App
UK-2026-103486,2026-05-18,South,Hyderabad,Robot Vacuum R7,Home & Kitchen,2,19335,38670,CUST-86929,App
UK-2026-103416,2026-05-11,South,Hyderabad,Makeup Brush Set,Beauty,2,1246,2492,CUST-39157,Website
UK-2026-103331,2026-05-23,Central,Bhopal,Gym Gloves,Sports,2,486,972,CUST-88012,App
UK-2026-100917,2026-02-21,West,Surat,Denim Jacket,Fashion,3,2265,6795,CUST-54205,App
UK-2026-102445,2026-04-28,South,Hyderabad,Mirrorless Camera Lite,Electronics,2,28582,57164,CUST-70987,Marketplace
UK-2026-100541,2026-01-10,South,Hyderabad,Bluetooth Speaker Mini,Electronics,1,1573,1573,CUST-59430,Website
UK-2026-103617,2026-05-11,West,Ahmedabad,Modern Wall Clock,Home & Kitchen,3,786,2358,CUST-53032,Marketplace
UK-2026-102919,29/04/2026,South,Bengaluru,Power Bank 20000mAh,Electronics,1,1711,1711,CUST-31284,App
UK-2026-102813,2026-04-13,South,Chennai,Cotton Bedsheet Set,Home & Kitchen,1,1461,1461,CUST-62935,App
UK-2026-100881,2026-02-20,South,Hyderabad,Smart Watch X2,Electronics,1,4288,4288,CUST-36078,Marketplace
UK-2026-101199,2026-02-27,South,Bengaluru,Beard Grooming Kit,Beauty,2,978,1956,CUST-30082,App
UK-2026-100229,2026-01-15,West,Ahmedabad,Silk Saree,Fashion,1,3573,3573,CUST-12486,App
UK-2026-104421,2026-06-10,South,Bengaluru,Football Size 5,Sports,3,937,2811,CUST-86162,App
UK-2026-100047,2026-01-24,South,Hyderabad,Ultrabook Air 14,Electronics,1,31248,31248,CUST-96582,App
UK-2026-104727,2026-06-16,South,Hyderabad,Bluetooth Speaker Mini,Electronics,1,1431,1431,CUST-49229,Marketplace
UK-2026-102488,2026-04-14,East,Patna,Smart Watch X2,Electronics,1,4547,4547,CUST-75184,Website
UK-2026-100506,2026-01-14,West,Pune,Cricket Bat English Willow,Sports,1,9350,9350,CUST-36849,Website
UK-2026-100632,2026-01-07,North,Chandigarh,Wireless Earbuds Pro,Electronics,1,2967,2967,CUST-45564,Marketplace
UK-2026-100598,2026-01-15,West,Pune,Face Wash Combo,Beauty,1,434,434,CUST-43450,App
UK-2026-101025,2026-02-27,South,Hyderabad,Modern Wall Clock,Home & Kitchen,4,834,3336,CUST-22512,Website
UK-2026-104795,2026-06-21,North,Delhi,Cotton Bedsheet Set,Home & Kitchen,3,1450,4350,CUST-11711,App
UK-2026-101358,2026-02-03,South,Chennai,Ultrabook Air 14,Electronics,1,29499,29499,CUST-37441,Marketplace
UK-2026-102775,2026-04-16,West,Mumbai,Sunscreen SPF50,Beauty,2,558,1116,CUST-63969,Marketplace
UK-2026-104502,2026-06-13,South,Chennai,Foldable Treadmill T2,Sports,3,24100,72300,CUST-25082,App
UK-2026-103551,2026-05-29,North,Gurugram,Adjustable Dumbbells 15kg,Sports,1,4967,4967,CUST-15044,Website
UK-2026-100517,2026-01-07,Central,Indore,Bluetooth Speaker Mini,Electronics,1,1489,1489,CUST-81019,App
UK-2026-104306,2026-06-28,West,Ahmedabad,Beard Grooming Kit,Beauty,1,983,983,CUST-39959,Website
UK-2026-101666,2026-03-02,Central,Bhopal,Cotton Bedsheet Set,Home & Kitchen,1,1402,"₹1,402",CUST-89252,Website
UK-2026-100866,2026-02-28,West,Surat,Mixer Grinder 750W,Home & Kitchen,1,3267,3267,CUST-58375,App
UK-2026-100890,2026-02-17,East,Bhubaneswar,Electric Kettle 1.5L,Home & Kitchen,2,1063,2126,CUST-11158,Website
UK-2026-104592,2026-06-27,South,Kochi,Bluetooth Speaker Mini,Electronics,2,1524,3048,CUST-63601,Marketplace
UK-2026-104613,2026-06-21,South,chennai,Beard Grooming Kit,Beauty,2,968,1936,CUST-81036,Website
UK-2026-103777,2026-05-22,West,Pune,Robot Vacuum R7,Home & Kitchen,2,18195,,CUST-48558,Website
UK-2026-102055,2026-03-18,South,Kochi,Badminton Racket Set,Sports,1,2536,2536,CUST-91691,App
UK-2026-101506,2026-03-28,West,Ahmedabad,Wireless Earbuds Pro,Electronics,4,3096,12384,CUST-19101,Marketplace
UK-2026-101010,2026-02-15,North,Noida,Smart Watch X2,Electronics,2,4700,9400,CUST-23360,App
UK-2026-104586,2026-06-14,East,Bhubaneswar,43-inch Smart TV,Electronics,1,26702,26702,CUST-50694,App
UK-2026-100054,2026-01-12,North,Gurugram,Power Bank 20000mAh,Electronics,2,1746,3492,CUST-49281,Marketplace
UK-2026-101414,2026-02-14,East,Guwahati,Denim Jacket,Fashion,1,2235,2235,CUST-61831,Website
UK-2026-104838,2026-06-11,North,Delhi,Cotton Bedsheet Set,Home & Kitchen,1,1457,1457,CUST-37891,Marketplace
UK-2026-102628,2026-04-15,South,Bengaluru,Bluetooth Speaker Mini,Electronics,1,1550,1550,CUST-39964,Website
UK-2026-104450,2026-06-15,West,Ahmedabad,Cycling Helmet,Sports,4,1573,,CUST-21776,App
UK-2026-100582,2026-01-29,East,Patna,Modern Wall Clock,Home & Kitchen,1,769,769,CUST-94068,App
UK-2026-102989,2026-04-05,South,Hyderabad,Cycling Helmet,Sports,3,1540,4620,CUST-39787,Marketplace
UK-2026-104216,2026-06-18,East,Guwahati,Mixer Grinder 750W,Home & Kitchen,1,3233,3233,CUST-52493,App
UK-2026-104048,03-06-26,West,Pune,Dinner Set 24pc,Home & Kitchen,1,2412,2412,CUST-46687,App
UK-2026-101803,2026-03-29,West,Ahmedabad,Face Wash Combo,Beauty,,469,469,CUST-33424,App
UK-2026-100217,2026-01-06,South,Kochi,Ionic Hair Dryer,Beauty,1,1949,1949,CUST-40702,App
UK-2026-103696,2026-05-02,South,Chennai,Football Size 5,Sports,1,897,897,CUST-71124,App
UK-2026-102998,2026-04-24,North,Chandigarh,Non-Stick Cookware Set,Home & Kitchen,1,2797,2797,CUST-78480,App
UK-2026-104656,2026-06-01,North,Noida,Denim Jacket,Fashion,1,2246,2246,CUST-77814,App
UK-2026-101591,2026-03-24,Central,Bhopal,Bluetooth Speaker Mini,Electronics,2,1441,2882,CUST-25241,App
UK-2026-101663,2026-03-13,West,Pune,Ethnic Dupatta,Fashion,1,476,476,CUST-89000,Marketplace
UK-2026-103587,2026-05-06,West,Mumbai,Football Size 5,Sports,1,908,908,CUST-57204,Marketplace
UK-2026-101220,2026-02-07,South,Chennai,Yoga Mat Pro,Sports,1,1214,1214,CUST-61559,Marketplace
UK-2026-103879,2026-05-15,West,Surat,Badminton Racket Set,Sports,1,2539,2539,CUST-85751,Website
UK-2026-104260,2026-06-05,West,Pune,Noise-Cancelling Headphones,Electronics,2,9288,18576,CUST-83503,Marketplace
UK-2026-101592,2026-03-23,Central,Bhopal,Ionic Hair Dryer,Beauty,1,1898,1898,CUST-30082,App
UK-2026-100007,2026-01-22,East,Kolkata   ,Noise-Cancelling Headphones,Electronics,1,8648,8648,CUST-58640,App
UK-2026-104509,2026-06-14,North,Chandigarh,Silk Saree,Fashion,3,3361,10083,CUST-35330,Website
UK-2026-103584,2026-05-28,West,Pune,Bluetooth Speaker Mini,Electronics,1,1484,1484,CUST-38399,Marketplace
UK-2026-101440,2026-02-12,South,Bengaluru,Leather Wallet,Fashion,1,912,912,CUST-68549,App
UK-2026-100151,2026-01-09,,Kochi,Running Sneakers,Fashion,4,2848,11392,CUST-65785,App
UK-2026-101635,2026-03-15,West,Mumbai,Face Wash Combo,Beauty,2,466,932,CUST-77185,Website
UK-2026-101419,2026-02-11,South,Chennai,Denim Jacket,Fashion,2,2287,4574,CUST-64862,App
UK-2026-101582,2026-03-31,West,Pune,Foldable Treadmill T2,Sports,2,23890,47780,CUST-39493,Website
UK-2026-102677,2026-04-26,West,Mumbai,Robot Vacuum R7,Home & Kitchen,1,18471,18471,CUST-38113,Website
UK-2026-104682,2026-06-03,West,Surat,Formal Shirt,Fashion,1,1094,1094,CUST-58852,App
UK-2026-100485,2026-01-08,South,Chennai,Face Wash Combo,Beauty,1,461,461,CUST-67403,App
UK-2026-100872,2026-02-26,South,Bengaluru,Eau de Parfum 100ml,Beauty,1,1979,1979,CUST-49035,Marketplace
UK-2026-102268,2026-04-17,North,Delhi,Formal Shirt,Fashion,1,1106,1106,CUST-17412,App
UK-2026-100250,2026-01-08,East,Kolkata,Running Sneakers,Fashion,2,2887,5774,CUST-34763,App
UK-2026-101644,2026-03-06,Central,Bhopal,Foldable Treadmill T2,Sports,1,25297,25297,CUST-16206,App
UK-2026-100643,2026-01-28,West,Pune,Cricket Bat English Willow,Sports,1,9120,9120,CUST-27355,Marketplace
UK-2026-103031,2026-04-21,West,Mumbai,Makeup Brush Set,Beauty,3,1343,4029,CUST-69737,Marketplace
UK-2026-103753,2026-05-10,West,Ahmedabad,Wireless Earbuds Pro,Electronics,1,2862,2862,CUST-54962,App
UK-2026-102443,2026-04-01,North,Gurugram,Cotton Kurta Set,Fashion,1,1275,"1,275.00",CUST-39770,App
UK-2026-103329,2026-05-28,West,Mumbai,Formal Shirt,Fashion,1,1144,1144,CUST-86974,App
UK-2026-104305,2026-06-20,West,Pune,Ultrabook Air 14,Electronics,1,31206,31206,CUST-49673,App
UK-2026-103322,2026-05-26,,Chennai,Slim Fit Jeans,Fashion,2,1599,3198,CUST-72275,Marketplace
UK-2026-104766,2026-06-20,Central,Nagpur,Cotton Kurta Set,Fashion,1,1351,1351,CUST-93487,Marketplace
UK-2026-102706,2026-04-08,North,Noida,Beard Grooming Kit,Beauty,2,950,1900,CUST-61734,Website
UK-2026-101496,2026-03-30,West,Surat,Cotton Kurta Set,Fashion,1,1281,1281,CUST-29817,App
UK-2026-103295,2026-05-12,West,Pune,Noise-Cancelling Headphones,Electronics,3,9222,27666,CUST-39389,Website
UK-2026-100395,2026-01-26,West,Surat,Bluetooth Speaker Mini,Electronics,1,1494,1494,CUST-56389,App
UK-2026-101534,2026-03-30,East,Kolkata,Gym Gloves,Sports,1,487,487,CUST-77767,Website
UK-2026-102047,2026-03-12,Central,Raipur,Beard Grooming Kit,Beauty,3,1049,"₹3,147",CUST-70386,App
UK-2026-104669,2026-06-21,South,Chennai,Cricket Bat English Willow,Sports,1,8996,8996,CUST-98337,Marketplace
UK-2026-104149,2026-06-25,Central,Indore,Mirrorless Camera Lite,Electronics,2,28932,57864,CUST-26952,Website
UK-2026-100979,2026-02-17,South,Hyderabad,Silk Saree,Fashion,2,3591,7182,CUST-43226,Website
UK-2026-103662,2026-05-25,West,Mumbai,  Power Bank 20000mAh,Electronics,2,1737,3474,CUST-71885,App
UK-2026-100342,2026-01-17,North,Noida,Noise-Cancelling Headphones,Electronics,2,9022,18044,CUST-67087,App
UK-2026-104688,2026-06-03,North,Chandigarh,Ultrabook Air 14,Electronics,1,29865,29865,CUST-82744,App
UK-2026-103064,2026-04-15,West,Ahmedabad,Air Fryer 5L,Home & Kitchen,1,5299,5299,CUST-74657,Marketplace
UK-2026-104605,2026-06-09,West,Ahmedabad,Formal Shirt,Fashion,3,1052,3156,CUST-26686,Marketplace
UK-2026-103672,2026-05-13,North,Delhi,Dinner Set 24pc,Home & Kitchen,2,2450,4900,CUST-53164,App
UK-2026-104377,2026-06-06,North,Chandigarh,Eau de Parfum 100ml,Beauty,2,1999,3998,CUST-80838,App
UK-2026-100233,2026-01-26,South,Bengaluru,Leather Wallet,Fashion,1,922,922,CUST-60815,Website
UK-2026-104183,2026-06-29,North,Delhi,Vitamin C Serum,Beauty,1,726,726,CUST-58507,Website
UK-2026-102666,2026-04-15,East,Kolkata,Noise-Cancelling Headphones,Electronics,3,9331,27993,CUST-78581,App
UK-2026-102618,2026-04-20,South,Bengaluru,Smart Watch X2,Electronics,2,4545,"₹9,090",CUST-92282,Marketplace
UK-2026-103300,2026-05-16,North,Delhi,Ultrabook Air 14,Electronics,1,30527,30527,CUST-72894,App
UK-2026-102620,2026-04-16,North,Gurugram,Cotton Bedsheet Set,Home & Kitchen,2,1413,2826,CUST-38351,Website
UK-2026-104122,2026-06-22,South,Cochin,Noise-Cancelling Headphones,Electronics,1,8677,8677,CUST-19945,Marketplace
UK-2026-101767,2026-03-06,South,Chennai,Football Size 5,Sports,1,924,924,CUST-71316,Website
UK-2026-101770,2026-03-19,North,Delhi,Ionic Hair Dryer,Beauty,1,1854,1854,CUST-67983,App
UK-2026-102169,2026-03-27,West,Ahmedabad,Electric Kettle 1.5L,Home & Kitchen,1,1059,1059,CUST-34790,Website
UK-2026-100241,2026-01-26,West,Ahmedabad,Makeup Brush Set,Beauty,1,1343,1343,CUST-27000,Website
UK-2026-100463,2026-01-10,East,Bhubaneswar,Makeup Brush Set,Beauty,1,1358,1358,CUST-83938,App
UK-2026-102997,2026-04-06,South,Hyderabad,Mirrorless Camera Lite,Electronics,1,29873,29873,CUST-27000,Website
UK-2026-104081,2026-06-13,East,Bhubaneswar,Air Fryer 5L,Home & Kitchen,1,5256,5256,CUST-41292,Website
UK-2026-102145,2026-03-28,Central,Indore,Vitamin C Serum,Beauty,1,705,705,CUST-86326,App
UK-2026-104876,2026-06-01,North,Gurugram,Face Wash Combo,Beauty,1,463,463,CUST-35352,App
UK-2026-100114,2026-01-19,North,Delhi,Wireless Earbuds Pro,Electronics,1,2989,2989,CUST-31432,App
UK-2026-100889,2026-02-12,North,Chandigarh,Gym Gloves,Sports,1,482,482,CUST-98362,Marketplace
UK-2026-103945,2026-05-30,North,Delhi,Non-Stick Cookware Set,Home & Kitchen,2,2906,5812,CUST-38313,Website
UK-2026-100287,2026-01-22,North,Noida,Electric Kettle 1.5L,Home & Kitchen,2,1149,2298,CUST-13326,App
UK-2026-104246,2026-06-22,South,Hyderabad,Cotton Bedsheet Set,Home & Kitchen,1,1364,1364,CUST-58864,Website
UK-2026-101853,2026-03-15,East,Kolkata,Smart Watch X2,Electronics,1,4305,4305,CUST-44060,App
UK-2026-102913,2026-04-24,West,Bombay,Matte Lipstick Set,Beauty,1,856,856,CUST-47727,Website
UK-2026-102117,2026-03-07,North,Noida,Mixer Grinder 750W,Home & Kitchen,2,3222,,CUST-55275,App
UK-2026-102020,2026-03-22,North,Gurugram,Sunscreen SPF50,Beauty,1,553,553,CUST-77291,App
UK-2026-103165,2026-05-03,South,Chennai,Mirrorless Camera Lite,Electronics,1,30013,30013,CUST-51719,Website
UK-2026-103056,2026-04-21,South,Hyderabad,Wireless Earbuds Pro,Electronics,1,3136,3136,CUST-83174,Marketplace
UK-2026-103191,2026-05-16,South,Hyderabad,Foldable Treadmill T2,Sports,2,23931,47862,CUST-22021,App
UK-2026-102097,2026-03-08,West,surat,Ionic Hair Dryer,Beauty,1,1914,1914,CUST-82004,App
UK-2026-100117,2026-01-31,East,Guwahati,Leather Wallet,Fashion,2,944,1888,CUST-95789,Marketplace
UK-2026-104128,2026-06-02,South,Hyderabad,43-inch Smart TV,Electronics,1,27111,27111,CUST-63002,Marketplace
UK-2026-104144,2026-06-08,West,Surat,Cotton Kurta Set,Fashion,1,1355,1355,CUST-14418,Website
UK-2026-100490,2026-01-26,South,Kochi,Smart Watch X2,Electronics,1,4385,4385,CUST-32613,Marketplace
UK-2026-104627,2026-06-06,West,Ahmedabad,Badminton Racket Set,Sports,2,2561,5122,CUST-22679,Marketplace
UK-2026-101926,2026-03-27,West,Pune,Electric Kettle 1.5L,Home & Kitchen,,1127,1127,CUST-53897,Website
UK-2026-101824,2026-03-07,Central,Raipur,Power Bank 20000mAh,Electronics,1,1791,1791,CUST-22564,App
UK-2026-102653,2026-04-28,East,Bhubaneswar,Ultrabook Air 14,Electronics,1,29123,29123,CUST-53414,Website
UK-2026-103725,2026-05-04,South,Hyderabad,Ultrabook Air 14,Electronics,1,29059,29059,CUST-71007,Website
UK-2026-104195,2026-06-07,North,Noida,Cotton Kurta Set,Fashion,3,1294,3882,CUST-43226,App
UK-2026-102944,2026-04-10,North,Gurugram,Sunscreen SPF50,Beauty,2,535,1070,CUST-57968,App
UK-2026-102170,2026-03-06,East,Patna,Yoga Mat Pro,Sports,1,1150,1150,CUST-77237,Marketplace
UK-2026-102322,2026-04-07,South,Chennai,Non-Stick Cookware Set,Home & Kitchen,1,2790,2790,CUST-44127,Website
UK-2026-101956,2026-03-19,West,Pune,Noise-Cancelling Headphones,Electronics,1,8651,8651,CUST-20800,Website
UK-2026-104211,2026-06-07,North,Chandigarh,Power Bank 20000mAh,Electronics,2,1850,3700,CUST-48053,Website
UK-2026-103844,2026-05-21,East,Patna,Mixer Grinder 750W,Home & Kitchen,1,3414,3414,CUST-24180,Marketplace
UK-2026-103492,2026-05-20,West,Surat,Robot Vacuum R7,Home & Kitchen,1,18495,18495,CUST-29901,App
UK-2026-103181,2026-05-20,South,Hyderabad,Noise-Cancelling Headphones,Electronics,1,8727,8727,CUST-33136,Website
UK-2026-103622,2026-05-19,West,Mumbai,Non-Stick Cookware Set,Home & Kitchen,1,2849,2849,CUST-68886,App
UK-2026-100440,2026-01-11,North,Delhi,Foldable Treadmill T2,Sports,2,24080,48160,CUST-49005,Marketplace
UK-2026-102932,2026-04-23,East,Guwahati,Denim Jacket,Fashion,1,2174,2174,CUST-78207,Website
UK-2026-103509,2026-05-20,West,Bombay,Mixer Grinder 750W,Home & Kitchen,2,3159,6318,CUST-73820,App
UK-2026-103288,2026-05-11,South,Hyderabad,Electric Kettle 1.5L,Home & Kitchen,1,1103,1103,CUST-17089,Website
UK-2026-103363,2026-05-27,East,Patna,Makeup Brush Set,Beauty,3,1361,4083,CUST-98337,App
UK-2026-102274,2026-04-16,North,Gurgaon,Badminton Racket Set,Sports,1,2519,2519,CUST-17012,Website
UK-2026-103068,2026-04-20,South,Bengaluru,Eau de Parfum 100ml,Beauty,1,2071,2071,CUST-58135,App
UK-2026-101150,2026-02-17,South,Bangalore,Wireless Earbuds Pro,Electronics,1,3144,3144,CUST-27309,App
UK-2026-100010,2026-01-26,Central,Nagpur,Denim Jacket,Fashion,1,2293,2293,CUST-23640,App
UK-2026-101064,2026-02-21,North,Delhi,Matte Lipstick Set,Beauty,4,917,3668,CUST-49171,Website
UK-2026-103907,2026-05-30,East,Bhubaneswar,Face Wash Combo,Beauty,1,463,463,CUST-96894,Website
UK-2026-102374,2026-04-30,East,Guwahati,Non-Stick Cookware Set,Home & Kitchen,2,2884,5768,CUST-81036,Website
UK-2026-100726,2026-02-17,South,Kochi,Ultrabook Air 14,Electronics,3,31430,94290,CUST-57123,Website
UK-2026-102629,2026-04-25,South,Kochi,Yoga Mat Pro,Sports,2,1220,2440,CUST-11012,App
UK-2026-102793,2026-04-05,South,Chennai,Silk Saree,Fashion,1,3403,3403,CUST-24347,App
UK-2026-101660,2026-03-17,East,Calcutta,Silk Saree,Fashion,1,3594,3594,CUST-56803,Website
UK-2026-102265,2026-04-24,North,New Delhi,Vitamin C Serum,Beauty,1,677,677,CUST-91139,Website
UK-2026-104651,2026-06-02,Central,Bhopal,Yoga Mat Pro,Sports,1,1226,1226,CUST-28059,Website
UK-2026-102646,2026-04-21,North,Chandigarh,Ethnic Dupatta,Fashion,4,507,2028,CUST-87613,App
UK-2026-102849,2026-04-12,West,Surat,Denim Jacket,Fashion,1,2113,2113 INR,CUST-55704,Marketplace
UK-2026-103491,2026-05-16,South,Bengaluru,Cotton Kurta Set,Fashion,2,1247,2494,CUST-68723,Website
UK-2026-100798,2026-02-25,North,Noida,Ethnic Dupatta,Fashion,2,519,1038,CUST-44671,Website
UK-2026-102686,04-04-26,North,Noida,Foldable Treadmill T2,Sports,1,24407,24407,CUST-27267,Marketplace
UK-2026-101948,2026-03-28,South,Hyderabad,Electric Kettle 1.5L,Home & Kitchen,1,1108,1108,CUST-22767,App
UK-2026-103652,2026-05-26,,Chandigarh,Modern Wall Clock,Home & Kitchen,1,786,786,CUST-17012,Website
UK-2026-101640,2026-03-21,North,Chandigarh,Formal Shirt,Fashion,1,1132,1132,CUST-81036,App
UK-2026-101690,2026-03-15,West,Surat,Mirrorless Camera Lite,Electronics,1,29685,29685,CUST-69853,Marketplace
UK-2026-101971,2026-03-08,West,Ahmedabad,Power Bank 20000mAh,Electronics,2,1740,3480,CUST-71468,App
UK-2026-103624,2026-05-27,South,Chennai,Foldable Treadmill T2,Sports,1,25009,25009,CUST-31284,Website
UK-2026-101645,2026-03-30,North,Noida,Vitamin C Serum,Beauty,3,706,2118,CUST-58770,Website
UK-2026-104718,14/06/2026,South,Bengaluru,Denim Jacket,Fashion,1,2174,2174,CUST-84857,App
UK-2026-101155,2026-02-02,South,Hyderabad,  Vitamin C Serum,Beauty,1,687,687,CUST-60189,Website
UK-2026-102928,2026-04-11,East,Guwahati,Eau de Parfum 100ml,Beauty,1,1950,1950,CUST-81464,Marketplace
UK-2026-101006,2026-02-10,Central,Bhopal,Bluetooth Speaker Mini,Electronics,2,1430,2860,CUST-72906,App
UK-2026-102923,2026-04-05,East,Patna,Noise-Cancelling Headphones,Electronics,2,8684,17368,CUST-28296,App
UK-2026-100542,2026-01-07,West,Mumbai,43-inch Smart TV,Electronics,1,27237,27237,CUST-79702,App
UK-2026-101915,2026-03-05,South,Bengaluru,Cycling Helmet,Sports,1,1598,1598,CUST-32820,App
UK-2026-103656,2026-05-10,North,Delhi,Cricket Bat English Willow,Sports,1,8587,8587,CUST-29977,App
UK-2026-101416,2026-02-08,South,Chennai,Football Size 5,Sports,1,909,909,CUST-70173,Website
UK-2026-103183,2026-05-14,South,Hyderabad,Wireless Earbuds Pro,Electronics,1,3026,3026,CUST-97296,App
UK-2026-102142,2026-03-19,North,Delhi,Badminton Racket Set,Sports,2,2402,4804,CUST-37062,App
UK-2026-101650,2026-03-29,South,Chennai,Foldable Treadmill T2,Sports,1,24374,24374,CUST-71124,Marketplace
UK-2026-103324,2026-05-26,West,Surat,Sunscreen SPF50,Beauty,2,566,1132,CUST-74845,Website
UK-2026-101547,04/03/2026,North,Delhi,Noise-Cancelling Headphones,Electronics,1,9405,9405,CUST-20767,Marketplace
UK-2026-101091,2026-02-21,North,Gurugram,Formal Shirt,Fashion,1,1085,1085,CUST-37062,Website
UK-2026-104321,2026-06-27,South,Chennai,Ionic Hair Dryer,Beauty,1,1837,1837,CUST-11158,App
UK-2026-102821,2026-04-13,North,Gurugram,Cotton Bedsheet Set,Home & Kitchen,2,1450,2900,CUST-72014,App
UK-2026-102778,2026-04-04,West,Pune,  Badminton Racket Set,Sports,1,2453,2453,CUST-33278,App
UK-2026-101148,2026-02-15,West,Surat,Smart Watch X2,Electronics,1,4614,4614,CUST-63957,Website
UK-2026-104381,2026-06-13,West,Pune,Dinner Set 24pc,Home & Kitchen,2,2598,5196,CUST-61487,App
UK-2026-103101,25/05/2026,South,Bengaluru,Smart Watch X2,Electronics,1,4325,4325,CUST-97296,App
UK-2026-102845,"Apr 20, 2026",Central,Raipur,Denim Jacket,Fashion,3,2187,6561,CUST-80041,Website
UK-2026-104338,2026-06-17,West,Ahmedabad,Slim Fit Jeans,Fashion,1,1642,1642,CUST-38528,Website
UK-2026-102090,2026-03-31,West,Surat,Wireless Earbuds Pro,Electronics,1,2920,2920,CUST-59611,Website
UK-2026-104392,2026-06-08,South,Bengaluru,Denim Jacket,Fashion,1,2296,2296,CUST-66074,Website
UK-2026-100391,2026-01-15,Central,Raipur,Wireless Earbuds Pro,Electronics,1,3142,3142,CUST-77185,Website
UK-2026-104120,2026-06-06,Central,Raipur,Adjustable Dumbbells 15kg,Sports,1,5162,5162,CUST-92832,Website
UK-2026-100814,2026-02-10,West,Pune,43-inch Smart TV,Electronics,1,26216,26216,CUST-48424,Website
UK-2026-104228,2026-06-05,North,Delhi,Electric Kettle 1.5L,Home & Kitchen,1,1119,1119,CUST-77426,Website
UK-2026-103286,2026-05-20,East,Patna,43-inch Smart TV,Electronics,1,26304,26304,CUST-34685,Marketplace
UK-2026-100738,2026-02-04,South,Hyderabad,Cycling Helmet,Sports,2,1666,3332,CUST-36148,Website
UK-2026-102452,2026-04-09,East,Bhubaneswar,Noise-Cancelling Headphones,Electronics,2,8804,17608,CUST-66078,Marketplace
UK-2026-103145,2026-05-31,South,Bengaluru,Denim Jacket,Fashion,1,2242,2242,CUST-14033,App
UK-2026-101268,2026-02-09,East,Bhubaneswar,Modern Wall Clock,Home & Kitchen,1,834,834,CUST-26737,Website
UK-2026-100371,2026-01-05,North,Gurugram,Silk Saree,Fashion,1,3422,3422,CUST-89738,App
UK-2026-104404,2026-06-06,West,Mumbai,Running Sneakers,Fashion,1,2835,2835,CUST-85573,Marketplace
UK-2026-101574,2026-03-22,North,Noida,Vitamin C Serum,Beauty,2,732,1464,CUST-64248,App
UK-2026-101858,2026-03-31,West,Mumbai,Slim Fit Jeans,Fashion,2,1575,3150,CUST-58665,App
UK-2026-103685,2026-05-17,North,Chandigarh,Mirrorless Camera Lite,Electronics,1,30238,30238,CUST-74686,Website
UK-2026-103276,2026-05-16,South,Hyderabad,Bluetooth Speaker Mini,Electronics,1,1487,1487,CUST-59468,Marketplace
UK-2026-103428,2026-05-17,North,Gurugram,Mirrorless Camera Lite,Electronics,1,27978,27978,CUST-65589,App
UK-2026-100404,2026-01-30,North,Gurugram,Formal Shirt,Fashion,1,1136,1136,CUST-53252,Marketplace
UK-2026-102220,2026-03-30,West,Ahmedabad,Cotton Kurta Set,Fashion,1,1315,1315,CUST-98394,App
UK-2026-101187,13-02-26,North,Chandigarh,Slim Fit Jeans,Fashion,1,1608,1608,CUST-39554,Marketplace
UK-2026-103716,2026-05-11,North,Gurugram,Non-Stick Cookware Set,Home & Kitchen,1,2861,2861,CUST-85725,Website
UK-2026-100679,2026-01-14,North,Gurugram,Modern Wall Clock,Home & Kitchen,2,775,1550,CUST-58032,Website
UK-2026-103981,2026-05-30,West,Ahmedabad,Makeup Brush Set,Beauty,1,1301,1301,CUST-68277,Marketplace
UK-2026-101723,2026-03-08,Central,Bhopal,Cotton Kurta Set,Fashion,2,1340,2680,CUST-69837,App
UK-2026-102557,2026-04-02,West,Pune,Robot Vacuum R7,Home & Kitchen,1,18992,18992,CUST-37348,Website
UK-2026-102884,2026-04-02,West,Surat,Smart Watch X2,Electronics,2,4359,8718,CUST-78581,App
UK-2026-101580,2026-03-30,West,Surat,Dinner Set 24pc,Home & Kitchen,1,2441,2441,CUST-19903,Marketplace
UK-2026-101997,2026-03-14,North,Gurugram,Cycling Helmet,Sports,2,1632,3264,CUST-60835,App
UK-2026-100370,2026-01-08,East,Bhubaneswar,Foldable Treadmill T2,Sports,2,25374,50748,CUST-22534,App
UK-2026-100179,2026-01-12,South,Hyderabad,Adjustable Dumbbells 15kg,Sports,2,5012,10024,CUST-58032,App
UK-2026-104193,2026-06-04,Central,Raipur,Dinner Set 24pc,Home & Kitchen,1,2515,2515,CUST-48053,App
UK-2026-101366,2026-02-21,North,Noida,Leather Wallet,Fashion,2,891,1782,CUST-86378,App
UK-2026-104388,2026-06-08,South,Hyderabad,Mixer Grinder 750W,Home & Kitchen,2,3464,6928,CUST-95287,App
UK-2026-102755,2026-04-24,East,Bhubaneswar,Football Size 5,Sports,4,944,3776,CUST-86717,Website
UK-2026-103049,2026-04-12,South,BLR,Mirrorless Camera Lite,Electronics,1,28805,28805,CUST-71113,App
UK-2026-101483,2026-03-11,South,Chennai,Foldable Treadmill T2,Sports,1,26141,26141,CUST-39461,Website
UK-2026-103876,2026-05-29,West,Pune,Yoga Mat Pro,Sports,2,1192,2384,CUST-85789,App
UK-2026-104467,2026-06-07,South,Hyderabad,Power Bank 20000mAh,Electronics,2,1810,3620,CUST-97703,Website
UK-2026-104897,2026-06-04,North,Gurugram,Silk Saree,Fashion,3,3437,10311,CUST-17416,App
UK-2026-103836,2026-05-17,Central,Nagpur,Cotton Bedsheet Set,Home & Kitchen,0,1353,4059,CUST-74193,App
UK-2026-104152,2026-06-19,North,Delhi,Mixer Grinder 750W,Home & Kitchen,1,3409,3409,CUST-14895,Website
UK-2026-101627,2026-03-18,West,Mumbai,Cycling Helmet,Sports,1,1558,1558,CUST-27051,Website
UK-2026-104911,2026-06-07,Central,Raipur,Ultrabook Air 14,Electronics,2,29725,59450,CUST-86217,Marketplace
UK-2026-104402,2026-06-14,North,Gurgaon,43-inch Smart TV,Electronics,1,25465,25465,CUST-58032,App
UK-2026-100192,2026-01-11,South,BLR,Bluetooth Speaker Mini,Electronics,2,1493,2986,CUST-86106,App
UK-2026-101698,2026-03-13,North,Gurugram,Ionic Hair Dryer,Beauty,1,1840,1840,CUST-73338,App
UK-2026-102153,"Mar 29, 2026",West,Surat,Leather Wallet,Fashion,2,939,1878,CUST-48400,App
UK-2026-100555,2026-01-31,South,Chennai,Power Bank 20000mAh,Electronics,1,1729,1729,CUST-24144,Marketplace
UK-2026-102926,2026-04-13,North,Chandigarh,Electric Kettle 1.5L,Home & Kitchen,1,1125,1125,CUST-22983,App
UK-2026-103723,2026-05-04,North,Chandigarh,Ultrabook Air 14,Electronics,1,30164,30164,CUST-66820,Website
UK-2026-103494,2026-05-30,West,Ahmedabad,Wireless Earbuds Pro,Electronics,3,2938,8814,CUST-45547,Website
UK-2026-101801,10-03-26,West,Mumbai,Noise-Cancelling Headphones,Electronics,1,9400,9400,CUST-64988,App
UK-2026-101276,2026-02-19,South,Hyderabad,Electric Kettle 1.5L,Home & Kitchen,3,1106,3318,CUST-49894,App
UK-2026-103499,2026-05-27,East,Bhubaneswar,Silk Saree,Fashion,1,3401,3401,CUST-22669,Marketplace
UK-2026-104671,2026-06-12,East,Patna,Air Fryer 5L,Home & Kitchen,2,5297,10594,CUST-55275,Website
UK-2026-103714,2026-05-10,South,Bengaluru,Yoga Mat Pro,Sports,2,1166,2332,CUST-83701,Website
UK-2026-100642,05/01/2026,East,Patna,Cricket Bat English Willow,Sports,1,8640,8640,CUST-38066,App
UK-2026-100711,2026-01-11,North,Delhi,Power Bank 20000mAh,Electronics,2,1889,3778,CUST-93643,Website
UK-2026-103721,2026-05-19,South,Chennai,Formal Shirt,Fashion,2,1127,2254,CUST-85825,Website
UK-2026-102760,2026-04-29,East,Bhubaneswar,Smart Watch X2,Electronics,2,4356,8712,CUST-57436,App
UK-2026-100477,2026-01-03,South,Bengaluru,Cotton Bedsheet Set,Home & Kitchen,1,1447,1447,CUST-73965,App
UK-2026-102986,2026-04-29,West,Surat,Mirrorless Camera Lite,Electronics,4,30410,121640,CUST-31660,App
UK-2026-100207,2026-01-31,West,Surat,Wireless Earbuds Pro,Electronics,1,2863,2863,CUST-41313,Website
UK-2026-100648,2026-01-10,East,Patna,Leather Wallet,Fashion,2,884,1768,CUST-80886,Marketplace
UK-2026-100014,2026-01-22,Central,Bhopal,Vitamin C Serum,Beauty,2,715,1430,CUST-97589,Website
UK-2026-104850,2026-06-21,North,Noida,Modern Wall Clock,Home & Kitchen,1,832,832,CUST-63782,App
UK-2026-104484,2026-06-06,Central,Raipur,Ethnic Dupatta,Fashion,1,483,483,CUST-95966,Website
UK-2026-101452,2026-03-01,West,Pune,Cycling Helmet,Sports,2,1647,3294,CUST-86378,Website
UK-2026-103532,2026-05-15,West,Pune,Denim Jacket,Fashion,2,2094,4188,CUST-22021,App
UK-2026-101525,2026-03-07,East,Guwahati,Noise-Cancelling Headphones,Electronics,1,9097,9097,CUST-91082,App
UK-2026-104701,2026-06-25,East,Bhubaneswar,Eau de Parfum 100ml,Beauty,1,1976,1976,CUST-78437,Website
UK-2026-103682,2026-05-06,Central,Raipur,Mixer Grinder 750W,Home & Kitchen,1,3327,3327,CUST-52015,Website
UK-2026-103910,2026-05-28,West,Ahmedabad,Modern Wall Clock,Home & Kitchen,1,767,767,CUST-99363,Marketplace
UK-2026-103918,2026-05-15,West,Mumbai,Cycling Helmet,Sports,1,1579,1579,CUST-90679,Marketplace
UK-2026-102051,2026-03-07,South,Kochi,43-inch Smart TV,Electronics,1,26106,26106,CUST-91055,Website
UK-2026-101279,2026-02-14,South,Bengaluru,Robot Vacuum R7,Home & Kitchen,1,18787,18787,CUST-77202,Website
UK-2026-101476,2026-03-11,South,Chennai,Running Sneakers,Fashion,2,2751,5502,CUST-62013,App
UK-2026-103231,2026-05-28,West,Surat,Mirrorless Camera Lite,Electronics,2,27794,55588,CUST-79508,App
UK-2026-101235,2026-02-02,East,Guwahati,Eau de Parfum 100ml,Beauty,2,1927,3854,CUST-54577,App
UK-2026-102905,2026-04-18,Central,Bhopal,Mixer Grinder 750W,Home & Kitchen,1,3299,3299,CUST-77698,Marketplace
UK-2026-100428,2026-01-02,North,Gurugram,Mirrorless Camera Lite,Electronics,1,27843,27843,CUST-52143,Marketplace
UK-2026-104083,2026-06-17,South,Bengaluru,Electric Kettle 1.5L,Home & Kitchen,2,1112,2224,CUST-83174,Marketplace
UK-2026-104005,2026-05-16,South,Bangalore,Electric Kettle 1.5L,Home & Kitchen,1,1134,1134,CUST-13240,Marketplace
UK-2026-104702,2026-06-10,East,Patna,Football Size 5,Sports,2,892,1784,CUST-53170,App
UK-2026-102173,2026-03-22,North,Chandigarh,43-inch Smart TV,Electronics,3,26303,78909,CUST-50093,Marketplace
UK-2026-103891,2026-05-02,East,Calcutta,Slim Fit Jeans,Fashion,1,1644,1644,CUST-94644,Website
UK-2026-104654,2026-06-25,North,Chandigarh,Foldable Treadmill T2,Sports,1,25971,25971,CUST-18288,App
UK-2026-104903,07-06-26,East,Bhubaneswar,Ultrabook Air 14,Electronics,1,30581,30581,CUST-34099,App
UK-2026-102411,2026-04-01,West,Pune,Cricket Bat English Willow,Sports,1,9409,9409,CUST-72424,Website
UK-2026-100587,2026-01-19,South,Cochin,Slim Fit Jeans,Fashion,1,1608,1608,CUST-52289,App
UK-2026-102750,15/04/2026,West,Mumbai,Robot Vacuum R7,Home & Kitchen,1,19112,19112,CUST-26952,App
UK-2026-101167,2026-02-07,Central,Nagpur,Bluetooth Speaker Mini,Electronics,1,1469,1469,CUST-54962,App
UK-2026-101090,2026-02-20,South,Hyderabad,Formal Shirt,Fashion,1,1053,1053,CUST-73966,App
UK-2026-101847,2026-03-23,South,Kochi,Makeup Brush Set,Beauty,1,1271,1271,CUST-33076,Website
UK-2026-103073,2026-04-24,South,Kochi,Robot Vacuum R7,Home & Kitchen,1,19393,19393,CUST-72995,Website
UK-2026-104940,2026-06-24,North,Gurugram,Noise-Cancelling Headphones,Electronics,1,9363,9363,CUST-54681,Website
UK-2026-101828,2026-03-28,South,Bengaluru,Denim Jacket,Fashion,1,2133,2133,CUST-16797,Website
UK-2026-101261,2026-02-03,South,Kochi,43-inch Smart TV,Electronics,1,27034,27034,CUST-80838,Marketplace
UK-2026-104746,2026-06-27,North,Delhi,Football Size 5,Sports,1,905,905,CUST-61593,App
UK-2026-100106,2026-01-27,West,Surat,Wireless Earbuds Pro,Electronics,2,2877,5754,CUST-88240,App
UK-2026-101439,2026-02-27,South,Hyderabad,Smart Watch X2,Electronics,1,4719,4719,CUST-56923,App
UK-2026-104232,2026-06-03,South,BLR,Denim Jacket,Fashion,2,2243,4486,CUST-95854,App
UK-2026-102587,2026-04-10,North,Noida,Electric Kettle 1.5L,Home & Kitchen,4,1097,4388,CUST-59127,Website
UK-2026-104383,2026-06-26,West,Pune,Running Sneakers,Fashion,1,2706,2706,CUST-33496,App
UK-2026-102689,2026-04-10,West,Mumbai,43-inch Smart TV,Electronics,2,25026,50052,CUST-43186,App
UK-2026-100849,2026-02-04,South,Hyderabad,Mixer Grinder 750W,Home & Kitchen,2,3143,6286,CUST-81072,App
UK-2026-100701,"Jan 12, 2026",Central,Nagpur,Wireless Earbuds Pro,Electronics,1,2891,2891,CUST-64746,Marketplace
UK-2026-104269,2026-06-05,North,Delhi,Beard Grooming Kit,Beauty,2,1011,2022,CUST-34468,App
UK-2026-103371,2026-05-18,East,Kolkata,Matte Lipstick Set,Beauty,1,906,906,CUST-27003,App
UK-2026-100940,2026-02-24,North,Chandigarh,Mixer Grinder 750W,Home & Kitchen,1,3455,3455,CUST-30449,App
UK-2026-101744,2026-03-31,North,Chandigarh,Electric Kettle 1.5L,Home & Kitchen,1,1132,1132,CUST-71468,App
UK-2026-101041,"Feb 27, 2026",West,Pune,Running Sneakers,Fashion,1,2675,2675,CUST-71544,App
UK-2026-102657,2026-04-19,North,Gurugram,Mixer Grinder 750W,Home & Kitchen,1,3354,3354,CUST-66538,Website
UK-2026-102935,2026-04-27,South,Bengaluru,Wireless Earbuds Pro,Electronics,1,2962,2962,CUST-62493,App
UK-2026-102602,2026-04-26,Central,Indore,Power Bank 20000mAh   ,Electronics,1,1820,1820,CUST-87484,Marketplace
UK-2026-101540,"Mar 15, 2026",North,Chandigarh,Beard Grooming Kit,Beauty,1,1011,1011,CUST-42951,App
UK-2026-100302,2026-01-19,West,Pune,Cotton Bedsheet Set,Home & Kitchen,1,1405,1405,CUST-20551,App
UK-2026-104468,2026-06-06,North,Gurugram,Cotton Kurta Set,Fashion,1,1290,1290,CUST-61149,Website
UK-2026-103699,2026-05-03,South,Chennai,Football Size 5,Sports,2,887,1774,CUST-85565,Marketplace
UK-2026-100841,2026-02-28,Central,Indore,Football Size 5,Sports,1,857,857,CUST-60821,App
UK-2026-104459,2026-06-28,West,Pune,Leather Wallet,Fashion,1,899,899,CUST-78480,App
UK-2026-102291,2026-04-16,North,Chandigarh,Running Sneakers,Fashion,1,2745,2745,CUST-43390,App
UK-2026-104318,2026-06-16,South,Chennai,Slim Fit Jeans,Fashion,0,1587,1587,CUST-17855,Marketplace
UK-2026-100236,2026-01-30,North,Noida,Ethnic Dupatta,Fashion,1,484,484,CUST-20636,App
UK-2026-100311,2026-01-17,North,Noida,Silk Saree,Fashion,1,3626,"₹3,626",CUST-10140,Website
UK-2026-100878,2026-02-05,West,Ahmedabad,Adjustable Dumbbells 15kg,Sports,1,4752,4752,CUST-20881,App
UK-2026-102403,2026-04-26,East,Patna,Modern Wall Clock,Home & Kitchen,2,776,1552,CUST-93263,App
UK-2026-102481,2026-04-20,West,Ahmedabad,Electric Kettle 1.5L,Home & Kitchen,1,1061,1061,CUST-89462,Website
UK-2026-102412,2026-04-04,North,Delhi,Sunscreen SPF50,Beauty,1,532,532,CUST-63242,Website
UK-2026-102450,2026-04-13,South,Bengaluru,Beard Grooming Kit,Beauty,1,1025,1025,CUST-58375,Website
UK-2026-102251,2026-04-13,South,Bengaluru,Cricket Bat English Willow,Sports,1,8999,8999,CUST-75874,Website
UK-2026-100116,24/01/2026,North,Noida,Yoga Mat Pro,Sports,1,1178,1178,CUST-47695,Website
UK-2026-103092,2026-05-05,South,Chennai,Mirrorless Camera Lite,Electronics,3,30156,90468,CUST-88167,Website
UK-2026-100777,2026-02-09,North,Delhi,Robot Vacuum R7,Home & Kitchen,1,18327,18327,CUST-82512,App
UK-2026-100579,2026-01-29,South,Chennai,Leather Wallet,Fashion,1,872,872,CUST-35330,Website
UK-2026-100811,2026-02-07,West,Mumbai,Gym Gloves,Sports,2,521,"₹1,042",CUST-89738,App
UK-2026-101718,2026-03-19,South,Kochi,Bluetooth Speaker Mini,Electronics,1,1546,1546,CUST-38113,App
UK-2026-103842,2026-05-23,Central,Nagpur,Adjustable Dumbbells 15kg,Sports,2,5244,10488,CUST-85257,Website
UK-2026-104254,2026-06-25,South,Bengaluru,Noise-Cancelling Headphones,Electronics,1,9290,9290,CUST-14229,Marketplace
UK-2026-100225,2026-01-27,West,Mumbai,Makeup Brush Set,Beauty,1,1324,1324,CUST-99810,App
UK-2026-104957,2026-06-08,South,Hyderabad,Smart Watch X2,Electronics,1,4711,4711,CUST-48308,Marketplace
UK-2026-102324,2026-04-10,East,Patna,Makeup Brush Set,Beauty,1,1348,1348,CUST-50824,App
UK-2026-102172,2026-03-28,East,Guwahati,Mirrorless Camera Lite,Electronics,1,28543,"28,543.00",CUST-48400,App
UK-2026-104668,2026-06-17,West,Pune,Ethnic Dupatta,Fashion,1,524,524,CUST-58144,App
UK-2026-103192,2026-05-19,North,Noida,Formal Shirt,Fashion,-1,1070,2140,CUST-22574,Website
UK-2026-100013,2026-01-05,South,Bengaluru,Ionic Hair Dryer,Beauty,1,1811,1811,CUST-33695,Website
UK-2026-104623,2026-06-14,West,Mumbai,Modern Wall Clock,Home & Kitchen,1,797,797,CUST-21406,App
UK-2026-104655,2026-06-02,West,Pune,Mixer Grinder 750W,Home & Kitchen,1,3297,3297,CUST-56217,App
UK-2026-104581,2026-06-06,North,Delhi,Wireless Earbuds Pro,Electronics,2,3053,6106,CUST-58123,Marketplace
UK-2026-103878,26/05/2026,West,Surat,Foldable Treadmill T2,Sports,2,26241,52482,CUST-52769,App
UK-2026-101907,2026-03-14,North,New Delhi,Eau de Parfum 100ml,Beauty,1,1991,1991,CUST-64127,App
UK-2026-100347,2026-01-30,Central,Bhopal,43-inch Smart TV,Electronics,1,25266,25266,CUST-50886,App
UK-2026-102336,2026-04-01,Central,Bhopal,Ethnic Dupatta,Fashion,,481,481,CUST-26686,Website
UK-2026-103061,2026-04-05,East,Bhubaneswar,43-inch Smart TV,Electronics,2,26273,52546,CUST-45684,Marketplace
UK-2026-103060,2026-04-25,West,Pune,Robot Vacuum R7,Home & Kitchen,1,19803,19803,CUST-83848,Website
UK-2026-102459,2026-04-08,Central,Bhopal,Air Fryer 5L,Home & Kitchen,1,5417,5417,CUST-51152,Marketplace
UK-2026-101253,2026-02-14,South,Kochi,Yoga Mat Pro,Sports,-1,1229,1229,CUST-58403,App
UK-2026-100794,2026-02-22,West,Surat,Smart Watch X2,Electronics,1,4566,4566,CUST-14147,App
UK-2026-102909,2026-04-10,East,Bhubaneswar,Running Sneakers,Fashion,1,2684,2684,CUST-41313,Website
UK-2026-104533,2026-06-29,South,Madras,Cotton Kurta Set,Fashion,2,1326,2652,CUST-37348,Marketplace
UK-2026-101330,2026-02-28,North,Gurugram,Mixer Grinder 750W,Home & Kitchen,1,3178,3178,CUST-91691,Website
UK-2026-101477,2026-03-01,South,Hyderabad,Leather Wallet,Fashion,2,897,1794,CUST-28841,App
UK-2026-100472,2026-01-15,Central,Raipur,Mirrorless Camera Lite,Electronics,1,30179,30179,CUST-30101,App
UK-2026-104686,2026-06-22,Central,Indore,Ethnic Dupatta,Fashion,1,523,523,CUST-55789,Marketplace
UK-2026-101556,2026-03-14,South,Kochi,Ultrabook Air 14,Electronics,1,31250,31250,CUST-69893,Marketplace
UK-2026-100908,2026-02-15,North,Chandigarh,Noise-Cancelling Headphones,Electronics,1,8641,8641,CUST-26026,Marketplace
UK-2026-102162,2026-03-06,West,Pune,Yoga Mat Pro,Sports,2,1158,2316,CUST-41774,App
UK-2026-104571,2026-06-25,Central,Nagpur,Slim Fit Jeans,Fashion,4,1604,6416,CUST-55275,App
UK-2026-100532,2026-01-27,North,Gurugram,Non-Stick Cookware Set,Home & Kitchen,2,2963,5926,CUST-21190,App
UK-2026-104001,2026-05-10,South,Hyderabad,Power Bank 20000mAh,Electronics,1,1800,1800,CUST-88012,App
UK-2026-104165,2026-06-07,East,Kolkata,Smart Watch X2,Electronics,1,4553,4553,CUST-91296,Website
UK-2026-103413,2026-05-09,West,Mumbai,Robot Vacuum R7,Home & Kitchen,1,18675,18675,CUST-44126,App
UK-2026-101613,2026-03-08,West,Ahmedabad,Silk Saree,Fashion,1,3466,3466,CUST-75543,Marketplace
UK-2026-101290,2026-02-18,West,Pune,Beard Grooming Kit,Beauty,1,969,969,CUST-67403,App
UK-2026-104180,2026-06-08,West,Surat,Power Bank 20000mAh,Electronics,1,1876,1876,CUST-46777,Marketplace
UK-2026-100750,26/02/2026,South,Bengaluru,Football Size 5,Sports,2,901,1802,CUST-26661,Marketplace
UK-2026-102074,2026-03-29,North,Chandigarh,Sunscreen SPF50,Beauty,3,528,1584,CUST-72990,App
UK-2026-101491,2026-03-22,West,Pune,Bluetooth Speaker Mini,Electronics,1,1540,1540,CUST-77767,Website
UK-2026-101852,2026-03-30,South,Kochi,Ultrabook Air 14,Electronics,1,29919,29919,CUST-73966,Website
UK-2026-104006,2026-05-18,Central,Nagpur,Leather Wallet,Fashion,1,924,924.00,CUST-34239,Marketplace
UK-2026-104974,2026-06-04,Central,Raipur,Noise-Cancelling Headphones,Electronics,2,9196,18392,CUST-54461,Marketplace
UK-2026-100296,2026-01-19,North,Chandigarh,Ultrabook Air 14,Electronics,1,30856,30856,CUST-49894,Website
UK-2026-102419,2026-04-22,East,Patna,Foldable Treadmill T2,Sports,1,23822,,CUST-20608,App
UK-2026-102303,2026-04-12,North,Noida,Cricket Bat English Willow,Sports,1,8698,8698,CUST-96582,Website
UK-2026-100253,"Jan 9, 2026",East,Guwahati,Cycling Helmet,Sports,3,1545,4635,CUST-58403,App
UK-2026-100928,2026-02-13,East,Guwahati,Vitamin C Serum,Beauty,2,712,1424,CUST-71261,App
UK-2026-104452,2026-06-02,East,Patna,Noise-Cancelling Headphones,Electronics,1,9183,9183,CUST-48830,Website
UK-2026-103383,2026-05-14,East,Kolkata,43-inch Smart TV,Electronics,1,25359,25359,CUST-65734,App
UK-2026-101408,2026-02-05,North,Chandigarh,Noise-Cancelling Headphones,Electronics,2,9274,18548,CUST-18125,Marketplace
UK-2026-103582,2026-05-06,South,Bengaluru,Wireless Earbuds Pro,Electronics,1,2862,2862,CUST-58018,Website
UK-2026-103798,2026-05-29,West,Pune,  Cotton Bedsheet Set,Home & Kitchen,1,1388,1388,CUST-40650,Marketplace
UK-2026-102556,2026-04-08,South,Bengaluru,Formal Shirt,Fashion,1,1134,1134,CUST-23465,App
UK-2026-102808,2026-04-11,Central,Indore,Eau de Parfum 100ml,Beauty,2,1951,3902,CUST-40349,App
UK-2026-103635,2026-05-11,North,Noida,Makeup Brush Set,Beauty,2,1353,2706,CUST-61734,App
UK-2026-103427,2026-05-05,Central,Indore,Formal Shirt,Fashion,3,1134,3402,CUST-22101,Website
UK-2026-102678,2026-04-11,West,Pune,Non-Stick Cookware Set,Home & Kitchen,2,2855,5710,CUST-42937,App
UK-2026-103980,2026-05-30,South,Chennai,Football Size 5,Sports,2,920,1840,CUST-58665,Marketplace
UK-2026-102703,2026-04-19,East,Guwahati,Wireless Earbuds Pro,Electronics,2,2933,5866,CUST-87173,Marketplace
UK-2026-104772,2026-06-14,North,Chandigarh,Modern Wall Clock,Home & Kitchen,1,783,783,CUST-94230,Marketplace
UK-2026-101960,2026-03-11,West,Surat,Modern Wall Clock,Home & Kitchen,1,837,837,CUST-48186,App
UK-2026-101565,2026-03-28,South,Kochi,Slim Fit Jeans,Fashion,3,1673,5019,CUST-48250,App
UK-2026-101302,2026-02-22,West,Mumbai,Running Sneakers,Fashion,1,2791,2791,CUST-52964,Website
UK-2026-102746,2026-04-09,East,Patna,Non-Stick Cookware Set,Home & Kitchen,1,2793,2793,CUST-59126,Marketplace
UK-2026-102763,2026-04-20,East,Guwahati,Beard Grooming Kit,Beauty,2,961,1922,CUST-30051,Website
UK-2026-101044,2026-02-09,South,Chennai,Vitamin C Serum,Beauty,2,721,1442,CUST-28132,App
UK-2026-101578,2026-03-15,South,Chennai,Formal Shirt,Fashion,1,1135,1135,CUST-53189,Website
UK-2026-104218,2026-06-10,West,Pune,Ultrabook Air 14,Electronics,1,29647,,CUST-35365,App
UK-2026-103593,2026-05-13,South,Bengaluru,Foldable Treadmill T2,Sports,1,24711,24711,CUST-57487,App
UK-2026-100050,2026-01-23,East,Guwahati,Face Wash Combo,Beauty,2,431,862,CUST-73338,Website
UK-2026-102290,2026-04-12,Central,Nagpur,Cotton Bedsheet Set,Home & Kitchen,-2,1393,2786,CUST-91219,Marketplace
UK-2026-103647,2026-05-25,East,Bhubaneswar,Running Sneakers,Fashion,3,2833,8499,CUST-75973,Marketplace
UK-2026-100883,2026-02-08,Central,Raipur,Non-Stick Cookware Set,Home & Kitchen,2,3037,6074,CUST-69623,App
UK-2026-102920,2026-04-20,North,Chandigarh,Electric Kettle 1.5L,Home & Kitchen,1,1150,1150,CUST-95966,Website
UK-2026-101185,2026-02-26,South,Hyderabad,Running Sneakers,Fashion,1,2893,2893,CUST-64448,App
UK-2026-102700,2026-04-12,West,Surat,Air Fryer 5L,Home & Kitchen,1,5568,5568,CUST-74683,Marketplace
UK-2026-100140,2026-01-09,South,Hyderabad,Formal Shirt,Fashion,1,1072,1072,CUST-23768,Website
UK-2026-104785,2026-06-09,East,Patna,Vitamin C Serum,Beauty,1,664,664,CUST-47498,Marketplace
UK-2026-101953,2026-03-26,North,Gurugram,Running Sneakers,Fashion,1,2729,2729,CUST-93817,App
UK-2026-101347,2026-02-08,West,Mumbai,Air Fryer 5L,Home & Kitchen,1,5744,5744,CUST-77426,App
UK-2026-103550,2026-05-10,South,Bengaluru,Mixer Grinder 750W,Home & Kitchen,1,3365,3365,CUST-94479,Website
UK-2026-104534,2026-06-06,North,Chandigarh,Air Fryer 5L,Home & Kitchen,1,5385,5385,CUST-64220,Website
UK-2026-102166,2026-03-16,West,Pune,Slim Fit Jeans,Fashion,1,1618,1618,CUST-17435,Marketplace
UK-2026-102508,2026-04-30,North,Chandigarh,Bluetooth Speaker Mini,Electronics,1,1449,1449,CUST-33164,App
UK-2026-101818,2026-03-16,South,Kochi,Foldable Treadmill T2,Sports,1,23968,23968,CUST-33135,App
UK-2026-103357,2026-05-05,East,Bhubaneswar,Slim Fit Jeans,Fashion,1,1615,1615,CUST-48964,App
UK-2026-101839,2026-03-28,North,Gurugram,Wireless Earbuds Pro,Electronics,1,2891,2891,CUST-83938,App
UK-2026-104335,2026-06-30,North,Noida,Badminton Racket Set,Sports,4,2498,9992,CUST-72205,Marketplace
UK-2026-103480,2026-05-01,South,Chennai,Running Sneakers,Fashion,2,2891,5782,CUST-81308,Website
UK-2026-103053,2026-04-02,North,Chandigarh,Ethnic Dupatta,Fashion,1,523,523,CUST-10369,App
UK-2026-104859,2026-06-12,East,Guwahati,Sunscreen SPF50,Beauty,1,543,543,CUST-95966,App
UK-2026-101825,2026-03-28,West,Ahmedabad,Modern Wall Clock,Home & Kitchen,1,764,,CUST-79366,App
UK-2026-100905,2026-02-18,South,Hyderabad,43-inch Smart TV,Electronics,1,26013,26013,CUST-48400,Marketplace
UK-2026-102562,2026-04-18,South,Kochi,Noise-Cancelling Headphones,Electronics,1,8924,8924,CUST-22048,Website
UK-2026-100635,2026-01-16,South,Bengaluru,Dinner Set 24pc,Home & Kitchen,4,2496,9984,CUST-60624,App
UK-2026-101941,2026-03-05,South,Bangalore,Ultrabook Air 14,Electronics,2,29874,59748,CUST-32705,App
UK-2026-103870,2026-05-25,South,Kochi,Noise-Cancelling Headphones,Electronics,2,9203,18406,CUST-80289,Marketplace
UK-2026-101420,16-02-26,West,Surat,Wireless Earbuds Pro,Electronics,1,3137,3137,CUST-14211,App
UK-2026-103736,2026-05-15,South,Bengaluru,Slim Fit Jeans,Fashion,1,1584,1584,CUST-98362,Website
UK-2026-103657,2026-05-11,East,Bhubaneswar,MIRRORLESS CAMERA LITE,Electronics,1,27888,27888,CUST-66059,App
UK-2026-101377,2026-02-03,West,Surat,Denim Jacket,Fashion,1,2222,2222,CUST-16665,Website
UK-2026-101826,2026-03-31,North,Delhi,Smart Watch X2,Electronics,1,4316,4316,CUST-53994,Marketplace
UK-2026-101426,2026-02-04,Central,Bhopal,Denim Jacket,Fashion,1,2091,2091,CUST-86575,Website
UK-2026-104984,2026-06-28,South,Kochi,Football Size 5,Sports,2,866,1732,CUST-54681,Website
UK-2026-103391,2026-05-16,East,Guwahati,Non-Stick Cookware Set,Home & Kitchen,2,2764,5528,CUST-21867,App
UK-2026-103478,2026-05-27,West,Pune,Cotton Bedsheet Set,Home & Kitchen,1,1357,1357,CUST-18569,Website
UK-2026-101126,2026-02-05,North,Chandigarh,Air Fryer 5L,Home & Kitchen,2,5761,11522,CUST-77755,App
UK-2026-101104,2026-02-15,South,Hyderabad,Vitamin C Serum,Beauty,1,709,709,CUST-53164,Website
UK-2026-102361,2026-04-30,East,Bhubaneswar,Makeup Brush Set,Beauty,3,1254,3762,CUST-35466,Website
UK-2026-100197,2026-01-17,North,Noida,Mixer Grinder 750W,Home & Kitchen,1,3212,3212,CUST-53969,App
UK-2026-102434,2026-04-06,West,Mumbai,Face Wash Combo,Beauty,4,454,1816,CUST-22679,Website
UK-2026-101453,2026-03-15,West,Pune,Cotton Bedsheet Set,Home & Kitchen,1,1393,1393,CUST-75684,Marketplace
UK-2026-103237,2026-05-07,West,Pune,Vitamin C Serum,Beauty,2,731,1462,CUST-47223,Marketplace
UK-2026-100549,2026-01-18,South,Hyderabad,Matte Lipstick Set,Beauty,1,910,910,CUST-58481,Website
UK-2026-100904,2026-02-02,South,Bengaluru,Sunscreen SPF50,Beauty,1,534,534,CUST-54763,Website
UK-2026-100735,2026-02-27,North,Delhi,Robot Vacuum R7,Home & Kitchen,1,18188,18188,CUST-61593,Marketplace
UK-2026-103661,2026-05-16,East,Guwahati,Non-Stick Cookware Set,Home & Kitchen,1,3019,3019,CUST-80041,Website
UK-2026-101171,2026-02-05,South,Kochi,Leather Wallet,Fashion,2,940,1880,CUST-25847,App
UK-2026-104148,2026-06-18,South,Chennai,Mirrorless Camera Lite,Electronics,1,28928,28928,CUST-51719,Website
UK-2026-102559,2026-04-02,West,Mumbai,Matte Lipstick Set,Beauty,2,860,1720,CUST-75543,Website
UK-2026-101499,2026-03-18,West,Pune,Running Sneakers,Fashion,2,2695,5390,CUST-31584,App
UK-2026-100672,31-01-26,North,Noida,43-inch Smart TV,Electronics,1,26813,26813,CUST-30387,Website
UK-2026-104773,2026-06-12,South,Madras,Leather Wallet,Fashion,1,880,880,CUST-13029,Marketplace
UK-2026-100060,2026-01-07,Central,Indore,Football Size 5,Sports,2,888,1776,CUST-17012,Website
UK-2026-101047,2026-02-03,West,Ahmedabad,Formal Shirt,Fashion,1,1080,1080,CUST-86268,Website
UK-2026-103625,"May 16, 2026",West,Mumbai,Slim Fit Jeans,Fashion,2,1544,3088,CUST-81057,Website
UK-2026-102110,2026-03-31,South,Chennai,Mixer Grinder 750W,Home & Kitchen,1,3254,3254,CUST-16258,App
UK-2026-104393,2026-06-30,North,Chandigarh,Wireless Earbuds Pro,Electronics,2,2939,5878,CUST-60281,Marketplace
UK-2026-101938,2026-03-24,Central,Bhopal,43-inch Smart TV,Electronics,,26334,26334,CUST-32850,App
UK-2026-100461,2026-01-06,West,Pune,Matte Lipstick Set,Beauty,-1,868,868,CUST-11158,Marketplace
UK-2026-101297,2026-02-15,North,Gurugram,Modern Wall Clock,Home & Kitchen,1,833,833,CUST-19955,App
UK-2026-103094,2026-05-08,North,GGN,Slim Fit Jeans,Fashion,1,1593,1593,CUST-83872,App
UK-2026-104912,2026-06-02,North,Delhi,Leather Wallet,Fashion,2,899,1798,CUST-36148,Marketplace
UK-2026-100332,2026-01-14,South,Kochi,Cotton Kurta Set,Fashion,4,1340,5360,CUST-11711,Website
UK-2026-103175,2026-05-15,North,Gurugram,Denim Jacket,Fashion,1,2265,2265,CUST-60821,Marketplace
UK-2026-101895,2026-03-06,Central,Bhopal,Cotton Kurta Set,Fashion,1,1341,1341,CUST-30408,App
UK-2026-100641,2026-01-13,North,Noida,Non-Stick Cookware Set,Home & Kitchen,2,2937,5874,CUST-35558,App
UK-2026-102494,2026-04-14,North,Delhi,Robot Vacuum R7,Home & Kitchen,1,18175,18175,CUST-17855,Website
UK-2026-102581,2026-04-21,North,Noida,Non-Stick Cookware Set,Home & Kitchen,1,2800,2800,CUST-34099,App
UK-2026-103232,2026-05-31,North,Gurugram,Air Fryer 5L,Home & Kitchen,1,5759,"₹5,759",CUST-97296,Website
UK-2026-102025,2026-03-24,West,Mumbai,Face Wash Combo,Beauty,1,466,466,CUST-54431,Website
UK-2026-103913,2026-05-07,East,Kolkata,Foldable Treadmill T2,Sports,1,24087,24087,CUST-97238,App
UK-2026-101697,2026-03-14,South,Hyderabad,Eau de Parfum 100ml,Beauty,2,1939,,CUST-15532,App
UK-2026-100753,2026-02-16,West,Surat,Ultrabook Air 14,Electronics,4,30816,123264,CUST-89129,App
UK-2026-101959,2026-03-02,North,GGN,Non-Stick Cookware Set,Home & Kitchen,2,3004,6008,CUST-65770,App
UK-2026-102415,2026-04-29,South,Kochi,Cotton Kurta Set,Fashion,1,1292,1292,CUST-83701,App
UK-2026-104019,2026-05-09,East,Guwahati,Vitamin C Serum,Beauty,2,667,1334,CUST-40746,App
UK-2026-100938,2026-02-17,South,Kochi,Power Bank 20000mAh,Electronics,1,1755,1755,CUST-18590,Website
UK-2026-103793,"May 5, 2026",South,Bengaluru,Leather Wallet,Fashion,1,857,857,CUST-47687,Marketplace
UK-2026-100476,2026-01-01,North,Chandigarh,Mixer Grinder 750W,Home & Kitchen,1,3274,3274,CUST-73969,App
UK-2026-102058,2026-03-21,West,Surat,Football Size 5,Sports,1,935,935,CUST-85796,App
UK-2026-103942,2026-05-24,North,Noida,Smart Watch X2,Electronics,1,4416,4416,CUST-58328,Website
UK-2026-104287,2026-06-09,Central,Indore,Silk Saree,Fashion,4,3451,13804,CUST-69893,Marketplace
UK-2026-103303,2026-05-20,South,Bengaluru,Denim Jacket,Fashion,2,2281,4562,CUST-85113,Website
UK-2026-103800,2026-05-14,North,Noida,Mixer Grinder 750W,Home & Kitchen,1,3437,3437,CUST-83631,Marketplace
UK-2026-102193,2026-03-07,South,Bengaluru,Running Sneakers,Fashion,1,2816,2816,CUST-73492,App
UK-2026-100953,2026-02-03,South,Bengaluru,Ionic Hair Dryer,Beauty,2,1963,3926,CUST-84672,Website
UK-2026-101333,2026-02-08,West,Mumbai,Power Bank 20000mAh,Electronics,1,1771,1771,CUST-25471,Website
UK-2026-102228,2026-03-06,North,Gurugram,Yoga Mat Pro,Sports,1,1227,1227,CUST-73649,Website
UK-2026-104634,2026-06-05,West,Ahmedabad,Cycling Helmet,Sports,1,1588,1588,CUST-96756,App
UK-2026-101988,2026-03-10,Central,Nagpur,Football Size 5,Sports,1,858,858,CUST-23360,Website
UK-2026-100040,2026-01-04,South,Kochi,  Power Bank 20000mAh,Electronics,1,1801,1801,CUST-15990,Website
UK-2026-103449,2026-05-03,South,Chennai,Mixer Grinder 750W,Home & Kitchen,1,3199,3199,CUST-80991,Marketplace
UK-2026-100201,2026-01-14,North,Chandigarh,Mixer Grinder 750W,Home & Kitchen,1,3257,3257,CUST-71484,Website
UK-2026-102248,2026-04-01,North,Gurugram,Dinner Set 24pc,Home & Kitchen,1,2402,2402,CUST-79230,Website
UK-2026-100577,2026-01-19,East,Patna,Smart Watch X2,Electronics,1,4386,4386,CUST-66538,App
UK-2026-104253,2026-06-12,West,Pune,Adjustable Dumbbells 15kg,Sports,1,4998,4998,CUST-60526,App
UK-2026-100899,2026-02-11,Central,Nagpur,Football Size 5,Sports,3,866,2598,CUST-14418,Website
UK-2026-101274,2026-02-18,South,Hyderabad,Makeup Brush Set,Beauty,1,1247,1247,CUST-44126,App
UK-2026-103618,2026-05-25,North,Chandigarh,Mixer Grinder 750W,Home & Kitchen,1,3134,3134,CUST-86572,App
UK-2026-100832,2026-02-10,East,Guwahati,Denim Jacket,Fashion,1,2248,2248,CUST-13240,App
UK-2026-100855,2026-02-07,West,Ahmedabad,Smart Watch X2,Electronics,1,4513,4513,CUST-85124,Website
UK-2026-102867,2026-04-25,South,Hyderabad,Smart Watch X2,Electronics,3,4511,13533,CUST-48821,Website
UK-2026-101505,2026-03-21,North,Delhi,Slim Fit Jeans,Fashion,3,1642,4926,CUST-25847,Website
UK-2026-102259,30/04/2026,East,Kolkata,Modern Wall Clock,Home & Kitchen,1,779,779,CUST-81019,Marketplace
UK-2026-103641,2026-05-14,South,Bengaluru,Makeup Brush Set,Beauty,2,1308,2616,CUST-38558,App
UK-2026-104226,2026-06-06,West,Pune,Foldable Treadmill T2,Sports,1,25251,25251,CUST-91311,App
UK-2026-100357,2026-01-03,West,Mumbai,Cotton Kurta Set,Fashion,2,1323,2646,CUST-49017,Marketplace
UK-2026-104137,2026-06-30,North,Gurugram,Sunscreen SPF50,Beauty,3,554,1662,CUST-54547,App
UK-2026-103949,2026-05-21,South,Bengaluru,Yoga Mat Pro,Sports,1,1172,1172,CUST-10391,App
UK-2026-100099,2026-01-18,Central,Raipur,Leather Wallet,Fashion,1,936,936,CUST-48186,Website
UK-2026-103051,2026-04-02,North,Delhi,Beard Grooming Kit,Beauty,1,1027,1027,CUST-18724,App
UK-2026-101776,2026-03-29,Central,Raipur,Ultrabook Air 14,Electronics,1,29284,29284,CUST-81464,Marketplace
UK-2026-104140,2026-06-26,Central,Raipur,Ionic Hair Dryer,Beauty,1,1829,1829,CUST-93817,Website
UK-2026-103631,2026-05-25,,Noida,Air Fryer 5L,Home & Kitchen,2,5721,11442,CUST-54953,App
UK-2026-102285,2026-04-08,North,Noida,Modern Wall Clock,Home & Kitchen,1,800,800,CUST-58012,App
UK-2026-101026,2026-02-22,South,Hyderabad,Cricket Bat English Willow,Sports,1,8826,8826,CUST-39964,Website
UK-2026-104943,2026-06-19,West,Ahmedabad,Wireless Earbuds Pro,Electronics,1,2904,2904,CUST-64948,Marketplace
UK-2026-102993,2026-04-02,East,Kolkata,Power Bank 20000mAh,Electronics,1,1764,1764,CUST-71061,Marketplace
UK-2026-100692,2026-01-03,West,Mumbai,Electric Kettle 1.5L,Home & Kitchen,1,1093,"1,093.00",CUST-77544,Website
UK-2026-101325,2026-02-28,North,Noida,Ionic Hair Dryer,Beauty,3,1927,5781,CUST-91349,Website
UK-2026-104409,2026-06-06,East,Kolkata,Ultrabook Air 14,Electronics,2,28754,57508,CUST-72698,Marketplace
UK-2026-102539,2026-04-23,South,Hyderabad,Running Sneakers,Fashion,2,2818,5636,CUST-73338,Website
UK-2026-103595,2026-05-23,South,Kochi,Running Sneakers,Fashion,1,2718,2718,CUST-47745,Website
UK-2026-103722,2026-05-25,East,Guwahati,Running Sneakers,Fashion,2,2845,,CUST-28091,App
UK-2026-100152,2026-01-23,West,Mumbai,Ethnic Dupatta,Fashion,2,493,986,CUST-20137,Website
UK-2026-103995,2026-05-08,Central,Bhopal,Vitamin C Serum,Beauty,1,711,711,CUST-84584,Marketplace
UK-2026-102309,2026-04-22,West,Ahmedabad,Adjustable Dumbbells 15kg,Sports,1,4872,4872,CUST-27000,Website
UK-2026-100080,2026-01-12,Central,Bhopal,Vitamin C Serum,Beauty,1,697,697,CUST-69407,Marketplace
UK-2026-103414,2026-05-28,North,Chandigarh,Dinner Set 24pc,Home & Kitchen,1,2559,2559,CUST-56109,App
UK-2026-100366,2026-01-10,Central,Nagpur,Sunscreen SPF50,Beauty,2,558,1116,CUST-89928,App
UK-2026-104503,2026-06-23,West,Ahmedabad,Mixer Grinder 750W,Home & Kitchen,1,3141,3141,CUST-10391,Marketplace
UK-2026-104035,2026-06-02,Central,Nagpur,Mixer Grinder 750W,Home & Kitchen,2,3141,6282,CUST-95789,App
UK-2026-101123,2026-02-07,West,Pune,Noise-Cancelling Headphones,Electronics,1,8995,,CUST-83367,Website
UK-2026-103313,2026-05-21,North,Delhi,Dinner Set 24pc,Home & Kitchen,1,2481,2481,CUST-81319,App
UK-2026-101117,2026-02-10,South,Bengaluru,Robot Vacuum R7,Home & Kitchen,1,18244,18244,CUST-11184,Website
UK-2026-101746,10-03-26,West,Surat,Cotton Kurta Set,Fashion,1,1286,1286,CUST-88409,App
UK-2026-102384,2026-04-29,,Gurugram,Slim Fit Jeans,Fashion,1,1589,1589,CUST-25060,App
UK-2026-104429,2026-06-25,Central,Nagpur,Beard Grooming Kit,Beauty,1,1014,,CUST-73248,App
UK-2026-103691,2026-05-18,South,Bengaluru,Smart Watch X2,Electronics,1,4543,4543,CUST-85489,App
UK-2026-103546,2026-05-05,South,Bengaluru,Cotton Bedsheet Set,Home & Kitchen,1,1364,1364,CUST-47745,Website
UK-2026-102514,2026-04-07,East,Bhubaneswar,Makeup Brush Set,Beauty,1,1311,1311,CUST-10847,App
UK-2026-100797,2026-02-02,West,Pune,Ionic Hair Dryer,Beauty,1,1975,1975,CUST-28059,Website
UK-2026-101466,2026-03-31,North,Gurugram,Sunscreen SPF50,Beauty,1,538,538,CUST-73679,Marketplace
UK-2026-101034,2026-02-01,East,Kolkata,Leather Wallet,Fashion,1,914,914,CUST-93934,Website
UK-2026-100595,2026-01-28,South,Bengaluru,Electric Kettle 1.5L,Home & Kitchen,2,1116,2232,CUST-66820,App
UK-2026-100629,2026-01-09,North,Noida,Dinner Set 24pc,Home & Kitchen,2,2446,4892,CUST-72698,App
UK-2026-100075,2026-01-30,East,Guwahati,Power Bank 20000mAh,Electronics,1,1716,1716,CUST-76933,App
UK-2026-104236,2026-06-03,South,Chennai,Gym Gloves,Sports,1,515,515,CUST-62935,App
UK-2026-102429,2026-04-07,North,Delhi,Air Fryer 5L,Home & Kitchen,1,5646,5646,CUST-55516,Website
UK-2026-104215,2026-06-20,West,Ahmedabad,Smart Watch X2,Electronics,2,4476,8952,CUST-52858,Marketplace
UK-2026-100132,2026-01-11,Central,Raipur,Power Bank 20000mAh,Electronics,3,1833,5499,CUST-57405,Marketplace
UK-2026-104847,2026-06-03,East,Guwahati,Bluetooth Speaker Mini,Electronics,1,1492,1492,CUST-28841,Marketplace
UK-2026-103332,2026-05-25,East,Kolkata,Cycling Helmet,Sports,1,1544,1544,CUST-30259,Marketplace
UK-2026-101312,2026-02-18,North,Chandigarh,43-inch Smart TV,Electronics,1,25572,25572,CUST-99024,Marketplace
UK-2026-103471,2026-05-04,North,Noida,Electric Kettle 1.5L,Home & Kitchen,1,1084,1084,CUST-70432,Marketplace
UK-2026-100683,2026-01-31,West,Surat,Beard Grooming Kit,Beauty,1,1036,1036,CUST-46088,Website
UK-2026-102669,2026-04-16,South,Hyderabad,Ultrabook Air 14,Electronics,2,31445,62890,CUST-91083,Marketplace
UK-2026-103304,2026-05-11,North,Noida,Leather Wallet,Fashion,2,889,1778,CUST-81569,Marketplace
UK-2026-104424,2026-06-15,North,Delhi,Electric Kettle 1.5L,Home & Kitchen,1,1048,1048,CUST-29983,Website
UK-2026-101387,2026-02-07,North,Chandigarh,Slim Fit Jeans,Fashion,1,1597,1597,CUST-35281,Marketplace
UK-2026-101159,2026-02-09,North,Chandigarh,43-inch Smart TV,Electronics,2,25446,50892,CUST-66555,App
UK-2026-104378,2026-06-27,South,Hyderabad,Electric Kettle 1.5L,Home & Kitchen,1,1056,1056,CUST-52244,Marketplace
UK-2026-100671,2026-01-27,Central,Nagpur,Bluetooth Speaker Mini,Electronics,1,1531,1531,CUST-37066,Marketplace
UK-2026-103983,2026-05-01,West,Pune,Noise-Cancelling Headphones,Electronics,2,9316,18632,CUST-35932,Website
UK-2026-100592,2026-01-12,East,Guwahati,Face Wash Combo,Beauty,1,471,471,CUST-69997,App
UK-2026-104267,2026-06-28,East,Patna,Foldable Treadmill T2,Sports,2,25046,50092,CUST-83009,App
UK-2026-104349,2026-06-18,North,Chandigarh,Sunscreen SPF50,Beauty,2,568,1136,CUST-53911,App
UK-2026-101464,2026-03-21,Central,Indore,Smart Watch X2,Electronics,,4462,4462,CUST-92282,App
UK-2026-100165,23/01/2026,West,Mumbai,Leather Wallet,Fashion,1,908,908,CUST-86217,Website
UK-2026-103467,2026-05-15,South,Hyderabad,Yoga Mat Pro,Sports,1,1227,1227,CUST-73965,App
UK-2026-104696,2026-06-17,South,Chennai,Denim Jacket,Fashion,1,2221,2221,CUST-39105,Website
UK-2026-104744,2026-06-10,North,Noida,Cycling Helmet,Sports,2,1655,3310,CUST-23982,Marketplace
UK-2026-100705,2026-01-15,West,Surat,Denim Jacket,Fashion,1,2274,2274,CUST-91334,App
UK-2026-102449,2026-04-11,East,Kolkata,43-inch Smart TV,Electronics,1,25696,25696,CUST-98665,App
UK-2026-101846,2026-03-19,North,Noida,Ethnic Dupatta,Fashion,1,491,491,CUST-47053,App
UK-2026-100771,2026-02-25,North,Delhi,Mixer Grinder 750W,Home & Kitchen,3,3189,9567,CUST-43305,App
UK-2026-101544,2026-03-24,West,Pune,Dinner Set 24pc,Home & Kitchen,2,2569,5138,CUST-79205,App
UK-2026-103584,2026-05-28,West,Pune,Bluetooth Speaker Mini,Electronics,1,1484,1484,CUST-38399,Marketplace
UK-2026-102237,2026-03-22,West,Mumbai,Formal Shirt,Fashion,1,1126,1126,CUST-29817,Website
UK-2026-100249,2026-01-27,North,Gurugram,Robot Vacuum R7,Home & Kitchen,3,18705,56115,CUST-37745,App
UK-2026-103886,2026-05-27,East,Kolkata,Smart Watch X2,Electronics,1,4542,"₹4,542",CUST-91349,App
UK-2026-104865,2026-06-27,North,Chandigarh,Modern Wall Clock,Home & Kitchen,2,760,1520,CUST-71471,App
UK-2026-100674,2026-01-04,West,Mumbai,Air Fryer 5L,Home & Kitchen,3,5751,17253,CUST-22101,App
UK-2026-103119,2026-05-10,North,Chandigarh,Cotton Kurta Set,Fashion,1,1253,,CUST-39787,Website
UK-2026-102240,2026-03-16,West,Surat,Football Size 5,Sports,2,860,1720,CUST-54681,App
UK-2026-103701,2026-05-30,North,Gurugram,Silk Saree,Fashion,1,3339,3339,CUST-69997,App
UK-2026-103794,2026-05-27,East,Kolkata,Bluetooth Speaker Mini,Electronics,1,1568,1568,CUST-49605,App
UK-2026-104749,2026-06-29,South,Chennai,Ultrabook Air 14,Electronics,1,29593,29593,CUST-92367,Marketplace
UK-2026-103389,2026-05-17,West,Ahmedabad,43-inch Smart TV,Electronics,1,26430,26430,CUST-82357,App
UK-2026-103472,2026-05-21,West,Ahmedabad,RUNNING SNEAKERS,Fashion,2,2773,5546,CUST-50326,App
UK-2026-101976,2026-03-20,North,Noida,Makeup Brush Set,Beauty,1,1261,1261,CUST-25503,App
UK-2026-103152,2026-05-21,South,Kochi,Bluetooth Speaker Mini,Electronics,1,1551,1551,CUST-42551,Marketplace
UK-2026-104308,2026-06-11,North,Noida,Robot Vacuum R7,Home & Kitchen,1,18590,18590,CUST-76002,App
UK-2026-100017,2026-01-21,North,Gurugram,Non-Stick Cookware Set,Home & Kitchen,1,2822,2822,CUST-86572,Website
UK-2026-103408,2026-05-21,West,Pune,Cotton Kurta Set,Fashion,1,1251,1251,CUST-16782,App
UK-2026-101469,2026-03-08,South,Hyderabad,Modern Wall Clock,Home & Kitchen,2,769,1538,CUST-99609,App
UK-2026-104067,2026-06-02,North,Gurugram,Ultrabook Air 14,Electronics,1,31210,31210,CUST-75901,Marketplace
UK-2026-104724,2026-06-08,South,Madras,Leather Wallet,Fashion,1,854,854,CUST-53924,Website
UK-2026-103639,2026-05-12,East,Bhubaneswar,Leather Wallet,Fashion,3,862,2586,CUST-62035,Website
UK-2026-101897,2026-03-26,South,Hyderabad,Mirrorless Camera Lite,Electronics,1,30151,30151,CUST-48186,Marketplace
UK-2026-104052,2026-06-04,West,Ahmedabad,Yoga Mat Pro,Sports,2,1232,2464,CUST-76201,Website
UK-2026-101418,2026-02-04,North,CHANDIGARH,Formal Shirt,Fashion,2,1085,2170,CUST-22446,App
UK-2026-102591,2026-04-16,North,Noida,Noise-Cancelling Headphones,Electronics,1,8924,8924,CUST-72625,Marketplace
UK-2026-104109,2026-06-13,North,Delhi,Cotton Bedsheet Set,Home & Kitchen,-1,1446,1446,CUST-21668,Marketplace
UK-2026-104251,2026-06-18,,Patna,Ionic Hair Dryer,Beauty,4,1846,7384,CUST-43305,App
UK-2026-100098,2026-01-06,South,Kochi,Mirrorless Camera Lite,Electronics,1,27757,27757,CUST-91349,Website
UK-2026-104210,2026-06-22,West,Ahmedabad,Noise-Cancelling Headphones,Electronics,1,9409,9409,CUST-93558,App
UK-2026-103328,2026-05-02,East,Patna,Running Sneakers,Fashion,1,2798,2798,CUST-88783,Website
UK-2026-104535,2026-06-28,East,Patna,Robot Vacuum R7,Home & Kitchen,-1,18249,36498,CUST-84584,Website
UK-2026-104154,2026-06-28,North,Gurugram,Ionic Hair Dryer,Beauty,1,1831,1831,CUST-85124,Website
UK-2026-102395,12-04-26,Central,Indore,Noise-Cancelling Headphones,Electronics,1,9155,9155,CUST-89938,App
UK-2026-100681,2026-01-15,South,Hyderabad,Silk Saree,Fashion,2,3561,7122,CUST-55561,Website
UK-2026-102994,2026-04-16,East,Guwahati,Ultrabook Air 14,Electronics,4,29610,118440,CUST-28985,Website
UK-2026-104002,2026-05-08,West,Mumbai,Bluetooth Speaker Mini,Electronics,1,1448,1448,CUST-97296,Marketplace
UK-2026-101052,2026-02-22,Central,Raipur,Football Size 5,Sports,1,917,917,CUST-44631,Website
UK-2026-104170,2026-06-17,South,Kochi,Yoga Mat Pro,Sports,1,1232,1232,CUST-85963,App
UK-2026-102752,2026-04-28,South,Hyderabad,Air Fryer 5L,Home & Kitchen,1,5247,5247,CUST-27267,App
UK-2026-100025,2026-01-05,Central,Nagpur,Leather Wallet,Fashion,,937,1874,CUST-36165,Marketplace
UK-2026-101208,2026-02-23,South,Hyderabad,Matte Lipstick Set,Beauty,3,936,2808,CUST-61559,App
UK-2026-100757,2026-02-19,South,Bengaluru,Bluetooth Speaker Mini,Electronics,1,1429,1429,CUST-48400,Marketplace
UK-2026-100887,2026-02-09,Central,Indore,Cotton Kurta Set,Fashion,2,1309,2618,CUST-14750,Website
UK-2026-102099,2026-03-28,North,Chandigarh,Badminton Racket Set,Sports,2,2444,4888,CUST-72019,Marketplace
UK-2026-102139,2026-03-26,West,Ahmedabad,Running Sneakers,Fashion,1,2702,2702,CUST-49592,Website
UK-2026-103047,2026-04-29,North,Delhi,Football Size 5,Sports,1,875,875,CUST-78614,App
UK-2026-103244,2026-05-23,North,Noida,Electric Kettle 1.5L,Home & Kitchen,1,1145,1145,CUST-56803,Website
UK-2026-103557,2026-05-15,East,Guwahati,Ionic Hair Dryer,Beauty,1,1826,1826,CUST-32820,App
UK-2026-103002,2026-04-11,West,Mumbai,Eau de Parfum 100ml,Beauty,2,2022,4044,CUST-28123,Website
UK-2026-100812,2026-02-19,South,Hyderabad,Denim Jacket,Fashion,1,2187,2187,CUST-94130,Website
UK-2026-101517,2026-03-29,West,Ahmedabad,Formal Shirt,Fashion,3,1143,3429,CUST-27435,App
UK-2026-101532,2026-03-21,West,Mumbai,Running Sneakers,Fashion,1,2762,2762,CUST-36333,Website
UK-2026-103517,2026-05-12,North,Delhi,Dinner Set 24pc,Home & Kitchen,3,2525,7575,CUST-25883,Website
UK-2026-101263,2026-02-03,West,Pune,43-inch Smart TV,Electronics,1,26899,26899,CUST-69166,Marketplace
UK-2026-103187,2026-05-09,Central,Nagpur,Cotton Bedsheet Set,Home & Kitchen,2,1379,2758,CUST-80894,App
UK-2026-102487,2026-04-05,East,Guwahati,Cycling Helmet,Sports,-1,1584,3168,CUST-21668,App
UK-2026-103504,2026-05-20,South,Hyderabad,43-inch Smart TV,Electronics,1,27268,27268,CUST-34099,Marketplace
UK-2026-102667,2026-04-17,South,Hyderabad,Silk Saree,Fashion,1,3540,3540,CUST-46377,Website
UK-2026-104124,2026-06-19,South,Bengaluru,Mixer Grinder 750W,Home & Kitchen,1,3205,3205,CUST-77010,Marketplace
UK-2026-100677,2026-01-06,North,Gurugram,Slim Fit Jeans,Fashion,1,1632,1632,CUST-80098,App
UK-2026-100646,2026-01-15,East,Patna,Wireless Earbuds Pro,Electronics,1,2990,2990,CUST-80098,App
UK-2026-103540,2026-05-31,North,Gurugram,Mixer Grinder 750W,Home & Kitchen,1,3337,3337,CUST-82066,App
UK-2026-100781,2026-02-01,South,Hyderabad,Modern Wall Clock,Home & Kitchen,1,828,828,CUST-73248,App
UK-2026-104024,2026-06-24,South,Chennai,Ultrabook Air 14,Electronics,1,30948,30948,CUST-54685,Marketplace
UK-2026-100071,2026-01-31,Central,Indore,Bluetooth Speaker Mini,Electronics,1,1501,1501,CUST-31164,Website
UK-2026-101410,2026-02-04,West,Surat,Mirrorless Camera Lite,Electronics,0,30313,30313,CUST-66038,Website
UK-2026-101643,2026-03-23,South,Kochi,Non-Stick Cookware Set,Home & Kitchen,1,2860,2860,CUST-78683,Website
UK-2026-100978,2026-02-11,South,Chennai,Dinner Set 24pc,Home & Kitchen,1,2597,2597,CUST-49318,Website
UK-2026-102428,2026-04-14,North,Chandigarh   ,Gym Gloves,Sports,1,506,506,CUST-16216,App
UK-2026-101519,2026-03-04,Central,Raipur,Electric Kettle 1.5L,Home & Kitchen,2,1064,2128,CUST-70212,Website
UK-2026-103829,2026-05-23,West,Ahmedabad,Silk Saree,Fashion,1,3660,3660,CUST-86378,Website
UK-2026-104524,2026-06-16,Central,Indore,Dinner Set 24pc,Home & Kitchen,3,2498,7494,CUST-92234,Website
UK-2026-100755,2026-02-15,West,Surat,Ultrabook Air 14,Electronics,1,31066,31066,CUST-29543,App
UK-2026-101266,2026-02-17,North,Gurugram,Gym Gloves,Sports,3,504,1512 INR,CUST-94428,App
UK-2026-104365,2026-06-29,North,Delhi,Wireless Earbuds Pro,Electronics,4,2871,11484,CUST-44671,Website
UK-2026-102331,2026-04-01,East,Bhubaneswar,Mirrorless Camera Lite,Electronics,1,30347,30347,CUST-81072,App
UK-2026-104941,2026-06-03,South,Hyderabad,Electric Kettle 1.5L,Home & Kitchen,1,1124,1124,CUST-46947,App
UK-2026-101595,2026-03-27,North,Chandigarh,modern wall clock,Home & Kitchen,1,818,818,CUST-64862,App
UK-2026-102295,2026-04-09,West,Ahmedabad,Robot Vacuum R7,Home & Kitchen,2,19762,39524,CUST-93093,App
UK-2026-101768,2026-03-25,West,Ahmedabad,Vitamin C Serum,Beauty,1,725,725,CUST-53189,Website
UK-2026-100690,2026-01-14,North,Chandigarh,Bluetooth Speaker Mini,Electronics,1,1573,,CUST-46113,App
UK-2026-102720,2026-04-30,East,Calcutta,Running Sneakers,Fashion,1,2881,2881,CUST-47397,Marketplace
UK-2026-102742,2026-04-08,North,Gurugram,Smart Watch X2,Electronics,1,4612,4612,CUST-27355,App
UK-2026-103583,2026-05-30,North,Noida,Robot Vacuum R7,Home & Kitchen,1,18449,18449,CUST-81308,App
UK-2026-104361,06-06-26,Central,Raipur,Running Sneakers,Fashion,1,2844,2844,CUST-18189,Marketplace
UK-2026-104783,2026-06-02,West,Surat,Football Size 5,Sports,1,871,871,CUST-86076,Website
UK-2026-101870,2026-03-18,South,Hyderabad,Silk Saree,Fashion,1,3348,3348,CUST-81108,App
UK-2026-100976,2026-02-18,East,Patna,Cotton Bedsheet Set,Home & Kitchen,4,1449,5796,CUST-86974,Website
UK-2026-100817,2026-02-13,North,Chandigarh,Leather Wallet,Fashion,2,893,1786,CUST-98362,App
UK-2026-100749,2026-02-10,North,Chandigarh,Vitamin C Serum,Beauty,1,665,665,CUST-24099,Website
UK-2026-104451,2026-06-15,West,Surat,Ionic Hair Dryer,Beauty,1,1901,1901,CUST-86378,App
UK-2026-100182,2026-01-22,Central,Nagpur,Slim Fit Jeans,Fashion,2,1657,3314,CUST-53911,Website
UK-2026-100478,2026-01-28,East,Kolkata,Leather Wallet,Fashion,3,876,2628,CUST-51893,App
UK-2026-100512,2026-01-02,West,Mumbai,Ultrabook Air 14,Electronics,2,30816,61632,CUST-79366,App
UK-2026-103012,2026-04-10,South,Chennai,Eau de Parfum 100ml,Beauty,2,2099,4198,CUST-16797,App
UK-2026-103240,2026-05-31,East,Guwahati,Silk Saree,Fashion,1,3544,3544,CUST-65127,App
UK-2026-101766,2026-03-03,South,Bangalore,43-inch Smart TV,Electronics,1,26009,26009,CUST-18649,App
UK-2026-104477,2026-06-26,East,Guwahati,Ultrabook Air 14,Electronics,1,30646,30646,CUST-39960,App
UK-2026-102103,2026-03-01,South,Chennai,Non-Stick Cookware Set,Home & Kitchen,1,2894,2894,CUST-66555,App
UK-2026-100497,2026-01-14,North,Noida,Mirrorless Camera Lite,Electronics,1,29593,29593,CUST-84000,App
UK-2026-103434,2026-05-27,West,Pune,Dinner Set 24pc,Home & Kitchen,2,2404,4808 INR,CUST-90901,App
UK-2026-101241,2026-02-28,Central,Indore,Robot Vacuum R7,Home & Kitchen,1,19518,19518,CUST-82440,Website
UK-2026-101076,2026-02-10,North,Gurugram,Smart Watch X2,Electronics,1,4532,4532,CUST-43947,Marketplace
UK-2026-104705,2026-06-14,West,Ahmedabad,Cotton Kurta Set,Fashion,1,1338,1338,CUST-72318,Website
UK-2026-101061,18-02-26,North,Noida,Wireless Earbuds Pro,Electronics,2,2929,5858,CUST-94282,Website
UK-2026-100949,2026-02-18,Central,Bhopal,Foldable Treadmill T2,Sports,1,23779,23779,CUST-76396,Website
UK-2026-102276,"Apr 16, 2026",North,Delhi,Wireless Earbuds Pro,Electronics,1,2945,2945,CUST-42815,Website
UK-2026-101880,2026-03-25,North,Chandigarh,Makeup Brush Set,Beauty,1,1271,1271,CUST-54962,Website
UK-2026-103575,2026-05-02,Central,Indore,Power Bank 20000mAh,Electronics,1,1883,1883,CUST-89983,Marketplace
UK-2026-104892,2026-06-22,North,Delhi,Denim Jacket,Fashion,1,2231,2231,CUST-88527,Website
UK-2026-101183,2026-02-02,West,Pune,Smart Watch X2,Electronics,1,4606,4606,CUST-49318,App
UK-2026-104961,2026-06-16,West,Surat,Ultrabook Air 14,Electronics,1,29870,29870,CUST-36319,Marketplace
UK-2026-104013,2026-05-18,North,Noida,Air Fryer 5L,Home & Kitchen,2,5430,10860,CUST-27248,App
UK-2026-103999,2026-05-08,North,Noida,Noise-Cancelling Headphones,Electronics,1,9319,9319,CUST-77291,Marketplace
UK-2026-104278,2026-06-14,Central,Bhopal,Mirrorless Camera Lite,Electronics,1,29705,29705,CUST-59869,App
UK-2026-101683,2026-03-04,Central,Indore,Dinner Set 24pc,Home & Kitchen,3,2415,"₹7,245",CUST-87194,App
UK-2026-103816,2026-05-09,South,Hyderabad,Cycling Helmet,Sports,1,1560,1560,CUST-77588,Website
UK-2026-101864,2026-03-15,Central,Nagpur,Cotton Kurta Set,Fashion,2,1265,2530,CUST-36945,App
UK-2026-101905,2026-03-07,North,Chandigarh,Denim Jacket,Fashion,2,2208,4416,CUST-27513,App
UK-2026-101381,2026-02-11,North,Chandigarh,Slim Fit Jeans,Fashion,1,1557,1557,CUST-30449,App
UK-2026-100001,2026-01-22,Central,Bhopal,Smart Watch X2,Electronics,1,4532,4532,CUST-90415,Website
UK-2026-100638,2026-01-21,North,Gurugram,Eau de Parfum 100ml,Beauty,3,1917,5751,CUST-72109,Website
UK-2026-103990,2026-05-25,East,Kolkata,adjustable dumbbells 15kg,Sports,1,4991,4991,CUST-48821,App
UK-2026-103775,2026-05-13,South,Kochi,Slim Fit Jeans,Fashion,2,1650,3300,CUST-31855,App
UK-2026-104091,2026-06-21,Central,Indore,Formal Shirt,Fashion,1,1143,1143,CUST-44671,App
UK-2026-103747,2026-05-24,Central,Nagpur,Smart Watch X2,Electronics,1,4659,4659,CUST-93934,App
UK-2026-103675,2026-05-06,East,Guwahati,Makeup Brush Set,Beauty,1,1253,1253,CUST-47218,App
UK-2026-101879,2026-03-29,North,Delhi,  Modern Wall Clock,Home & Kitchen,1,791,791,CUST-49150,Marketplace
UK-2026-102537,2026-04-18,West,Pune,Matte Lipstick Set,Beauty,-1,858,858,CUST-25983,App
UK-2026-103111,2026-05-04,North,Noida,Running Sneakers,Fashion,2,2817,5634,CUST-49281,App
UK-2026-100505,2026-01-03,West,Ahmedabad,Badminton Racket Set,Sports,1,2617,2617,CUST-56453,App
UK-2026-104288,2026-06-19,South,Chennai,Cotton Kurta Set,Fashion,2,1263,2526,CUST-45102,Marketplace
UK-2026-103151,2026-05-29,South,Kochi,Leather Wallet,Fashion,1,930,930,CUST-47218,Website
UK-2026-104947,2026-06-18,South,Madras,Badminton Racket Set,Sports,2,2392,4784,CUST-40731,App
UK-2026-101048,2026-02-25,South,Chennai,Ethnic Dupatta,Fashion,1,483,483,CUST-12501,Marketplace
UK-2026-101886,2026-03-02,West,Pune,Slim Fit Jeans,Fashion,1,1617,1617,CUST-27451,Website
UK-2026-102964,2026-04-17,South,Chennai,Leather Wallet,Fashion,1,942,942,CUST-60284,App
UK-2026-102151,2026-03-06,North,New Delhi,Modern Wall Clock,Home & Kitchen,2,824,1648,CUST-49229,Website
UK-2026-104648,2026-06-24,West,  Ahmedabad,Beard Grooming Kit,Beauty,1,961,961,CUST-79433,Marketplace
UK-2026-100523,2026-01-08,North,Gurugram,Running Sneakers,Fashion,1,2780,2780,CUST-23963,Website
UK-2026-100578,2026-01-10,East,Kolkata,Noise-Cancelling Headphones,Electronics,1,8733,8733,CUST-89638,Website
UK-2026-100384,2026-01-30,South,Chennai,Sunscreen SPF50,Beauty,1,553,553,CUST-45384,App
UK-2026-102605,2026-04-24,East,Patna,Cotton Kurta Set,Fashion,1,1279,1279,CUST-24088,App
UK-2026-104803,2026-06-05,South,Kochi,Makeup Brush Set,Beauty,1,1346,1346,CUST-50772,App
UK-2026-100527,2026-01-19,North,Chandigarh,Ultrabook Air 14,Electronics,2,30247,60494,CUST-69893,Website
UK-2026-103128,2026-05-24,Central,Raipur,Cycling Helmet,Sports,3,1617,4851,CUST-48367,Website
UK-2026-102461,2026-04-08,Central,Indore,Power Bank 20000mAh,Electronics,1,1831,1831,CUST-62811,Website
UK-2026-101004,2026-02-17,West,Mumbai,Smart Watch X2,Electronics,1,4587,4587,CUST-75302,Marketplace
UK-2026-104680,2026-06-06,West,Mumbai,Running Sneakers,Fashion,1,2857,2857,CUST-56907,App
UK-2026-100535,2026-01-18,South,Hyderabad,Adjustable Dumbbells 15kg,Sports,1,4998,4998,CUST-21247,Marketplace
UK-2026-103248,2026-05-11,South,Chennai,Beard Grooming Kit,Beauty,1,956,956,CUST-21776,App
UK-2026-100566,2026-01-06,East,Patna,Bluetooth Speaker Mini,Electronics,2,1450,2900,CUST-72546,Website
UK-2026-103158,"May 2, 2026",Central,Nagpur,Leather Wallet,Fashion,1,901,901,CUST-16258,Website
UK-2026-104547,2026-06-13,South,Hyderabad,Dinner Set 24pc,Home & Kitchen,2,2384,4768,CUST-24473,Marketplace
UK-2026-101894,2026-03-26,East,Kolkata,Electric Kettle 1.5L,Home & Kitchen,1,1056,1056 INR,CUST-49673,Website
UK-2026-101484,2026-03-22,Central,Indore,Non-Stick Cookware Set,Home & Kitchen,2,2958,5916,CUST-67333,App
UK-2026-103174,2026-05-17,South,Kochi,Ethnic Dupatta,Fashion,1,501,501,CUST-89638,App
UK-2026-100057,2026-01-06,South,Bengaluru,Cricket Bat English Willow,Sports,1,9445,9445,CUST-24180,App
UK-2026-102076,2026-03-02,East,Bhubaneswar,Modern Wall Clock,Home & Kitchen,1,807,807,CUST-91596,Website
UK-2026-102068,2026-03-28,South,Bengaluru,Ethnic Dupatta,Fashion,3,491,1473,CUST-94949,App
UK-2026-104732,2026-06-05,South,Hyderabad,Leather Wallet,Fashion,1,896,896 INR,CUST-61593,App
UK-2026-100354,2026-01-26,North,Delhi,Cotton Kurta Set,Fashion,1,1352,1352,CUST-54962,App
UK-2026-104087,2026-06-16,North,Gurugram,Leather Wallet,Fashion,1,860,860,CUST-69739,Website
UK-2026-100487,2026-01-26,South,Bengaluru,Noise-Cancelling Headphones,Electronics,1,8772,8772,CUST-58864,App
UK-2026-102831,2026-04-09,Central,Raipur,Eau de Parfum 100ml,Beauty,1,2041,2041,CUST-84763,Website
UK-2026-102957,2026-04-15,South,Bengaluru,Ionic Hair Dryer,Beauty,3,1991,5973,CUST-47585,Website
UK-2026-100473,2026-01-30,North,Chandigarh,Dinner Set 24pc,Home & Kitchen,1,2469,2469,CUST-11093,App
UK-2026-100586,2026-01-14,North,Delhi,Power Bank 20000mAh,Electronics,2,1744,3488,CUST-32640,Marketplace
UK-2026-100637,2026-01-25,Central,Bhopal,Bluetooth Speaker Mini,Electronics,1,1445,1445,CUST-85489,Marketplace
UK-2026-104293,2026-06-07,South,Hyderabad,Cycling Helmet,Sports,4,1530,6120,CUST-23670,Website
UK-2026-102729,04-04-26,Central,Bhopal,Dinner Set 24pc,Home & Kitchen,1,2428,2428,CUST-39610,App
UK-2026-101097,2026-02-06,West,Ahmedabad,Cotton Bedsheet Set,Home & Kitchen,2,1444,2888,CUST-28091,Marketplace
UK-2026-101392,2026-02-07,South,Kochi,Gym Gloves,Sports,1,486,486,CUST-18724,Website
UK-2026-100110,2026-01-16,South,Hyderabad,Sunscreen SPF50,Beauty,4,534,2136,CUST-21776,App
UK-2026-104926,2026-06-26,South,Hyderabad,Cotton Bedsheet Set,Home & Kitchen,1,1406,1406,CUST-31855,Marketplace
UK-2026-101866,2026-03-13,East,Guwahati,Denim Jacket,Fashion,1,2226,2226,CUST-54962,Website
UK-2026-103931,2026-05-16,North,Chandigarh,Power Bank 20000mAh,Electronics,2,1825,3650,CUST-56595,Marketplace
UK-2026-102761,2026-04-17,South,Kochi,Ethnic Dupatta,Fashion,2,478,956,CUST-59127,App
UK-2026-100298,2026-01-17,South,Bengaluru,Face Wash Combo,Beauty,4,428,1712,CUST-70221,Website
UK-2026-101458,2026-03-19,East,Bhubaneswar,Mixer Grinder 750W,Home & Kitchen,2,3338,6676,CUST-22983,Website
UK-2026-103121,2026-05-23,West,Pune,Ultrabook Air 14,Electronics,1,28733,28733,CUST-56217,Marketplace
UK-2026-100235,2026-01-29,East,Kolkata,Air Fryer 5L,Home & Kitchen,1,5284,5284,CUST-17496,Website
UK-2026-102515,2026-04-30,West,Surat,Running Sneakers,Fashion,2,2929,5858,CUST-72205,App
UK-2026-103663,2026-05-07,East,Patna,Noise-Cancelling Headphones,Electronics,1,9262,9262,CUST-36098,Website
UK-2026-100394,08/01/2026,East,Kolkata,Formal Shirt,Fashion,1,1097,1097,CUST-33164,App
UK-2026-103436,2026-05-11,South,Kochi,Makeup Brush Set,Beauty,-1,1250,1250,CUST-53994,App
UK-2026-103318,2026-05-06,South,Kochi,Mirrorless Camera Lite,Electronics,1,29559,29559,CUST-30266,Website
UK-2026-101007,2026-02-05,North,Gurugram,Air Fryer 5L,Home & Kitchen,1,5240,5240,CUST-85751,App
UK-2026-104457,2026-06-23,East,Kolkata,Noise-Cancelling Headphones,Electronics,1,9252,9252,CUST-78752,Marketplace
UK-2026-104699,2026-06-28,East,Patna,Formal Shirt,Fashion,1,1148,1148,CUST-21668,App
UK-2026-104895,2026-06-18,South,Kochi,Mixer Grinder 750W,Home & Kitchen,1,3282,3282,CUST-56964,App
UK-2026-102961,2026-04-29,East,Bhubaneswar,Football Size 5,Sports,1,866,866,CUST-63782,Website
UK-2026-104356,2026-06-01,South,Bengaluru,Slim Fit Jeans,Fashion,1,1618,1618,CUST-47614,Website
UK-2026-102033,2026-03-04,West,Mumbai,Beard Grooming Kit,Beauty,1,972,972,CUST-28985,App
UK-2026-100971,2026-02-14,Central,Nagpur,Smart Watch X2,Electronics,1,4352,4352,CUST-27466,Website
UK-2026-102614,2026-04-11,East,Kolkata,Noise-Cancelling Headphones,Electronics,1,9417,9417,CUST-80838,Marketplace
UK-2026-101361,2026-02-01,East,Patna,Wireless Earbuds Pro,Electronics,1,2901,2901,CUST-29795,App
UK-2026-100469,2026-01-09,West,Ahmedabad,Football Size 5,Sports,2,933,1866,CUST-62587,App
UK-2026-100977,2026-02-17,South,Kochi,Electric Kettle 1.5L,Home & Kitchen,2,1057,2114,CUST-46039,App
UK-2026-101900,2026-03-30,Central,Indore,Leather Wallet,Fashion,2,855,1710,CUST-50251,App
UK-2026-104000,2026-05-11,North,Gurugram,Denim Jacket,Fashion,1,2243,2243,CUST-59611,App
UK-2026-102522,"Apr 29, 2026",Central,Nagpur,Foldable Treadmill T2,Sports,1,24430,24430,CUST-58770,Marketplace
UK-2026-102947,2026-04-06,North,Chandigarh,Noise-Cancelling Headphones,Electronics,2,8938,17876,CUST-77185,Marketplace
UK-2026-103770,2026-05-28,West,Pune,Mirrorless Camera Lite,Electronics,2,28750,57500,CUST-37891,Marketplace
UK-2026-104099,2026-06-11,South,Kochi,Smart Watch X2,Electronics,1,4585,4585,CUST-87808,Marketplace
UK-2026-104463,2026-06-17,North,Chandigarh,Mixer Grinder 750W,Home & Kitchen,1,3366,3366,CUST-82464,App
UK-2026-101001,2026-02-28,North,Chandigarh,Bluetooth Speaker Mini,Electronics,2,1434,2868,CUST-69997,Marketplace
UK-2026-101127,2026-02-25,North,Delhi,Smart Watch X2,Electronics,2,4480,8960,CUST-46300,App
UK-2026-100367,2026-01-05,South,Chennai,Smart Watch X2,Electronics,2,4559,9118,CUST-48347,Marketplace
UK-2026-104395,2026-06-30,North,Delhi,Denim Jacket,Fashion,1,2101,"₹2,101",CUST-18724,Website
UK-2026-100410,2026-01-06,Central,Raipur,Foldable Treadmill T2,Sports,1,23883,23883,CUST-84000,Website
UK-2026-103001,2026-04-14,North,Noida,Cotton Kurta Set,Fashion,2,1241,2482,CUST-47302,Website
UK-2026-103380,2026-05-28,North,Delhi,Bluetooth Speaker Mini,Electronics,1,1492,1492,CUST-18724,App
UK-2026-103390,2026-05-25,South,Kochi,Smart Watch X2,Electronics,1,4454,4454,CUST-20119,Marketplace
UK-2026-102776,2026-04-09,South,Hyderabad,Cricket Bat English Willow,Sports,1,8646,8646,CUST-13933,Marketplace
UK-2026-101136,"Feb 12, 2026",South,Bengaluru,Cotton Kurta Set,Fashion,3,1343,4029,CUST-11330,Website
UK-2026-103005,2026-04-20,Central,Bhopal,Robot Vacuum R7,Home & Kitchen,1,18919,18919,CUST-84015,Website
UK-2026-101071,2026-02-18,West,Surat,Vitamin C Serum,Beauty,2,713,1426,CUST-34468,App
UK-2026-102036,2026-03-05,South,Hyderabad,43-inch Smart TV,Electronics,1,24886,24886,CUST-39999,Marketplace
UK-2026-103669,2026-05-21,Central,Indore,Electric Kettle 1.5L,Home & Kitchen,1,1075,1075,CUST-20423,App
UK-2026-102385,2026-04-01,North,Chandigarh,43-inch Smart TV,Electronics,1,26388,26388,CUST-31216,Marketplace
UK-2026-103880,2026-05-28,North,Gurugram,Robot Vacuum R7,Home & Kitchen,4,19486,77944,CUST-37745,App
UK-2026-103223,2026-05-11,West,Pune,Modern Wall Clock,Home & Kitchen,1,819,819,CUST-16216,App
UK-2026-100344,2026-01-07,South,Chennai,Ethnic Dupatta,Fashion,1,488,488,CUST-23987,Website
UK-2026-100289,2026-01-26,North,Gurugram,Bluetooth Speaker Mini,Electronics,1,1553,1553,CUST-54681,Marketplace
UK-2026-104706,2026-06-05,Central,Raipur,Leather Wallet,Fashion,2,875,1750,CUST-19037,Marketplace
UK-2026-102912,2026-04-17,East,Patna,Sunscreen SPF50,Beauty,2,547,1094,CUST-57123,Marketplace
UK-2026-103947,2026-05-07,Central,Raipur,Electric Kettle 1.5L,Home & Kitchen,1,1097,1097,CUST-82054,Website
UK-2026-101340,2026-02-07,North,Noida,Mirrorless Camera Lite,Electronics,1,28259,28259,CUST-94282,App
UK-2026-104008,2026-05-14,East,Patna,Sunscreen SPF50,Beauty,1,562,562,CUST-91635,App
UK-2026-104676,2026-06-12,North,Chandigarh,Power Bank 20000mAh,Electronics,1,1742,1742,CUST-94680,Website
UK-2026-102704,2026-04-22,South,Hyderabad,Power Bank 20000mAh,Electronics,2,1741,3482,CUST-23148,Website
UK-2026-104201,"Jun 20, 2026",North,Gurugram,Cotton Kurta Set,Fashion,1,1291,1291,CUST-79522,App
UK-2026-104597,2026-06-09,Central,Bhopal,Sunscreen SPF50,Beauty,1,536,536,CUST-20919,App
UK-2026-104855,2026-06-05,West,Surat,Cotton Bedsheet Set,Home & Kitchen,1,1454,1454,CUST-50093,App
UK-2026-102075,2026-03-05,West,Surat,Cotton Bedsheet Set,Home & Kitchen,1,1467,1467,CUST-10686,App
UK-2026-103442,2026-05-09,East,Kolkata,Noise-Cancelling Headphones,Electronics,3,9272,27816,CUST-53416,Website
UK-2026-101135,2026-02-09,North,Gurugram,Bluetooth Speaker Mini,Electronics,1,1543,1543,CUST-50852,Website
UK-2026-104629,2026-06-16,North,Noida,Yoga Mat Pro,Sports,3,1151,3453,CUST-32336,App
UK-2026-104975,2026-06-10,North,Noida,Vitamin C Serum,Beauty,2,710,1420,CUST-83174,App
UK-2026-102391,2026-04-13,West,Surat,Dinner Set 24pc,Home & Kitchen,1,2435,2435,CUST-26719,App
UK-2026-102437,2026-04-14,East,Kolkata,Running Sneakers,Fashion,2,2704,5408,CUST-53530,App
UK-2026-104270,2026-06-25,Central,Nagpur,Ionic Hair Dryer,Beauty,2,1990,3980,CUST-74316,App
UK-2026-104311,2026-06-21,South,Chennai,Modern Wall Clock,Home & Kitchen,1,825,825,CUST-45542,App
UK-2026-102810,2026-04-09,East,Kolkata,Smart Watch X2,Electronics,1,4326,4326,CUST-88167,Marketplace
UK-2026-102471,2026-04-05,South,Chennai,Non-Stick Cookware Set,Home & Kitchen,1,2905,2905,CUST-50546,App
UK-2026-102362,2026-04-22,,Chandigarh,Gym Gloves,Sports,1,522,522,CUST-73878,Website
UK-2026-104935,2026-06-29,North,Chandigarh,Smart Watch X2,Electronics,1,4719,4719,CUST-20182,Marketplace
UK-2026-104925,2026-06-01,West,Mumbai,43-inch Smart TV,Electronics,1,26434,26434,CUST-95794,Website
UK-2026-102610,2026-04-09,North,Chandigarh,Electric Kettle 1.5L,Home & Kitchen,1,1153,1153,CUST-34468,Marketplace
UK-2026-104314,2026-06-03,Central,Nagpur,Cotton Bedsheet Set,Home & Kitchen,4,1329,5316,CUST-81887,Marketplace
UK-2026-102649,2026-04-02,East,Kolkata,NON-STICK COOKWARE SET,Home & Kitchen,1,2989,2989,CUST-72995,Website
UK-2026-102208,2026-03-14,South,Chennai,Cotton Bedsheet Set,Home & Kitchen,2,1364,2728,CUST-75874,Website
UK-2026-101819,2026-03-22,West,Mumbai,Robot Vacuum R7,Home & Kitchen,1,19500,19500,CUST-86217,App
UK-2026-100434,2026-01-16,West,Surat,Running Sneakers,Fashion,1,2855,2855,CUST-96372,Website
UK-2026-101166,2026-02-06,South,Bengaluru,Mixer Grinder 750W,Home & Kitchen,1,3213,3213,CUST-56611,Marketplace
UK-2026-101957,28/03/2026,South,Bengaluru,43-inch Smart TV,Electronics,1,26100,26100,CUST-28091,Marketplace
UK-2026-104310,2026-06-04,North,Chandigarh,Mirrorless Camera Lite,Electronics,1,29834,29834,CUST-34176,App
UK-2026-104182,2026-06-14,North,Gurgaon,Mixer Grinder 750W,Home & Kitchen,2,3239,6478,CUST-58640,Website
UK-2026-104420,2026-06-29,South,Hyderabad,Cotton Bedsheet Set,Home & Kitchen,1,1432,1432,CUST-39959,Website
UK-2026-101816,2026-03-02,East,Guwahati,Eau de Parfum 100ml,Beauty,1,2091,2091,CUST-64330,App
UK-2026-103176,2026-05-23,East,Guwahati,Football Size 5,Sports,2,855,1710,CUST-92389,App
UK-2026-103195,10/05/2026,West,Pune,Power Bank 20000mAh,Electronics,3,1812,5436,CUST-12819,App
UK-2026-101397,2026-02-24,North,Chandigarh,Mirrorless Camera Lite,Electronics,1,28339,28339,CUST-69853,Website
UK-2026-103871,2026-05-28,South,Bengaluru,Mirrorless Camera Lite,Electronics,2,28057,56114,CUST-91083,App
UK-2026-102741,2026-04-25,North,Noida,Leather Wallet,Fashion,1,900,900,CUST-96274,Website
UK-2026-102161,2026-03-12,West,Ahmedabad,Denim Jacket,Fashion,1,2259,2259,CUST-29543,App
UK-2026-102745,2026-04-28,East,Guwahati,Slim Fit Jeans,Fashion,2,1655,3310,CUST-95789,App
UK-2026-104235,2026-06-10,South,Kochi,Ultrabook Air 14,Electronics,1,28518,28518,CUST-93643,App
UK-2026-104760,2026-06-03,South,Kochi,Ionic Hair Dryer,Beauty,1,1871,1871,CUST-11184,Marketplace
UK-2026-101158,2026-02-22,East,Bhubaneswar,Non-Stick Cookware Set,Home & Kitchen,1,2801,2801,CUST-46263,App
UK-2026-100972,2026-02-07,North,Chandigarh,Gym Gloves,Sports,2,498,996,CUST-13072,App
UK-2026-104079,2026-06-25,North,Noida,Adjustable Dumbbells 15kg,Sports,1,4769,4769,CUST-84524,App
UK-2026-103027,2026-04-20,West,Surat,Gym Gloves,Sports,2,496,992,CUST-52289,App
UK-2026-104136,2026-06-21,West,Surat,Gym Gloves,Sports,1,523,523,CUST-35276,Marketplace
UK-2026-101336,2026-02-03,East,Bhubaneswar,Slim Fit Jeans,Fashion,2,1662,3324,CUST-63002,App
UK-2026-101512,2026-03-20,North,Chandigarh,Mixer Grinder 750W,Home & Kitchen,1,3310,3310,CUST-15004,App
UK-2026-104385,2026-06-21,South,Kochi,Power Bank 20000mAh,Electronics,2,1826,3652,CUST-54763,App
UK-2026-102857,2026-04-10,West,Mumbai,Cycling Helmet,Sports,1,1632,1632,CUST-79078,App
UK-2026-103808,2026-05-12,North,Gurugram,43-inch Smart TV,Electronics,1,26041,26041,CUST-48361,Marketplace
UK-2026-102863,2026-04-18,South,Kochi,Noise-Cancelling Headphones,Electronics,1,8600,8600,CUST-90759,Website
UK-2026-102876,2026-04-26,East,Patna,Foldable Treadmill T2,Sports,1,24853,24853,CUST-71124,Marketplace
UK-2026-100530,2026-01-25,East,Guwahati,Gym Gloves,Sports,1,482,482,CUST-35515,Website
UK-2026-103668,2026-05-01,North,Chandigarh,Modern Wall Clock,Home & Kitchen,1,777,777,CUST-65828,Marketplace
UK-2026-104558,2026-06-23,East,Bhubaneswar,Matte Lipstick Set,Beauty,2,904,1808,CUST-90024,App
UK-2026-102455,2026-04-25,North,Chandigarh,Matte Lipstick Set,Beauty,1,922,922,CUST-38141,App
UK-2026-103198,2026-05-29,South,Hyderabad,Cycling Helmet,Sports,2,1577,3154,CUST-67893,App
UK-2026-103535,2026-05-21,West,Pune,Ethnic Dupatta,Fashion,2,484,968,CUST-36945,Website
UK-2026-102672,2026-04-02,West,Surat,Denim Jacket,Fashion,2,2292,4584,CUST-35515,Website
UK-2026-100900,2026-02-01,North,Chandigarh,Power Bank 20000mAh,Electronics,3,1724,5172,CUST-22960,App
UK-2026-102585,2026-04-11,South,Hyderabad,Noise-Cancelling Headphones,Electronics,1,8613,8613,CUST-30924,Website
UK-2026-100171,2026-01-29,South,Chennai,Ethnic Dupatta,Fashion,3,477,1431,CUST-86076,App
UK-2026-102694,08-04-26,East,Guwahati,Ethnic Dupatta,Fashion,1,499,499,CUST-87710,App
UK-2026-103177,2026-05-10,South,Hyderabad,Football Size 5,Sports,1,910,910,CUST-64594,Marketplace
UK-2026-102296,2026-04-02,West,Ahmedabad,Smart Watch X2,Electronics,1,4575,,CUST-93375,Website
UK-2026-104545,2026-06-18,South,Chennai,Leather Wallet,Fashion,1,875,875,CUST-38656,App
UK-2026-103233,2026-05-19,North,Gurugram,Silk Saree,Fashion,3,3575,10725,CUST-54862,App
UK-2026-101059,2026-02-22,North,Chandigarh,Air Fryer 5L,Home & Kitchen,1,5594,5594,CUST-22767,App
UK-2026-103864,2026-05-10,West,Surat,Electric Kettle 1.5L   ,Home & Kitchen,1,1090,1090,CUST-35352,Website
UK-2026-104176,2026-06-22,North,Delhi,Football Size 5,Sports,1,866,866,CUST-49017,Website
UK-2026-104020,2026-05-18,East,Patna,Power Bank 20000mAh,Electronics,1,1787,1787,CUST-19361,App
UK-2026-100720,2026-01-25,North,Chandigarh,Denim Jacket,Fashion,1,2185,2185,CUST-86211,App
UK-2026-103966,2026-05-17,South,Kochi,Ultrabook Air 14,Electronics,2,30393,60786,CUST-21406,App
UK-2026-101197,2026-02-26,South,Kochi,Mirrorless Camera Lite,Electronics,1,30066,30066,CUST-86524,Marketplace
UK-2026-104247,2026-06-12,North,Noida,Dinner Set 24pc,Home & Kitchen,1,2413,2413,CUST-22667,App
UK-2026-100297,2026-01-29,West,Pune,Ionic Hair Dryer,Beauty,1,1962,1962,CUST-10043,App
UK-2026-102210,2026-03-29,South,Madras,Running Sneakers,Fashion,1,2852,2852,CUST-87613,App
UK-2026-104213,2026-06-12,South,Kochi,Smart Watch X2,Electronics,3,4597,13791,CUST-49735,App
UK-2026-102621,2026-04-21,North,Chandigarh,Yoga Mat Pro,Sports,1,1215,1215,CUST-22800,Marketplace
UK-2026-104453,2026-06-05,South,Chennai,Noise-Cancelling Headphones,Electronics,2,8985,17970,CUST-21319,App
UK-2026-101413,2026-02-12,North,Noida,Power Bank 20000mAh,Electronics,1,1746,1746,CUST-39554,Website
UK-2026-102387,2026-04-27,West,Surat   ,Smart Watch X2,Electronics,1,4664,4664,CUST-31584,App
UK-2026-102613,2026-04-10,North,Gurugram,Noise-Cancelling Headphones,Electronics,2,8667,17334,CUST-79366,Website
UK-2026-100922,2026-02-11,North,Delhi,Sunscreen SPF50,Beauty,1,522,522,CUST-49318,App
UK-2026-102490,2026-04-29,North,Noida,Badminton Racket Set,Sports,1,2620,2620,CUST-43393,Marketplace
UK-2026-102799,2026-04-20,Central,Raipur,Ionic Hair Dryer,Beauty,1,1806,1806,CUST-32640,Website
UK-2026-100601,2026-01-20,Central,Raipur,Makeup Brush Set,Beauty,1,1292,1292,CUST-98476,App
UK-2026-102664,2026-04-07,East,Patna,Eau de Parfum 100ml,Beauty,1,2098,2098,CUST-73930,Website
UK-2026-104833,2026-06-02,South,Kochi,Football Size 5,Sports,2,911,1822,CUST-49265,App
UK-2026-103649,2026-05-26,North,Chandigarh,Mixer Grinder 750W,Home & Kitchen,2,3194,6388,CUST-84763,Marketplace
UK-2026-101579,2026-03-22,Central,Bhopal,Robot Vacuum R7,Home & Kitchen,1,19059,19059,CUST-37319,Website
UK-2026-102782,2026-04-07,South,Cochin,Yoga Mat Pro,Sports,2,1215,2430,CUST-50546,App
UK-2026-103549,2026-05-11,South,Kochi,Formal Shirt,Fashion,1,1133,1133,CUST-86162,Marketplace
UK-2026-102034,2026-03-03,South,Bengaluru,Wireless Earbuds Pro,Electronics,1,2895,2895,CUST-24314,App
UK-2026-103208,2026-05-25,West,Surat,Bluetooth Speaker Mini,Electronics,1,1461,1461,CUST-14768,Website
UK-2026-101569,12/03/2026,North,Chandigarh,Air Fryer 5L,Home & Kitchen,1,5358,5358,CUST-30449,App
UK-2026-104573,2026-06-10,South,Kochi,Smart Watch X2,Electronics,1,4452,4452,CUST-10210,App
UK-2026-104867,2026-06-04,North,Gurugram,Ultrabook Air 14,Electronics,1,31439,31439,CUST-23640,App
UK-2026-102555,2026-04-27,North,Gurugram,Air Fryer 5L,Home & Kitchen,3,5400,16200,CUST-70465,Marketplace
UK-2026-102791,2026-04-28,South,Cochin,Cricket Bat English Willow,Sports,1,8601,8601,CUST-81392,App
UK-2026-103566,2026-05-20,South,Kochi,Electric Kettle 1.5L,Home & Kitchen,1,1087,1087,CUST-16656,App
UK-2026-102349,2026-04-11,East,Bhubaneswar,Face Wash Combo,Beauty,-1,433,866,CUST-16375,App
UK-2026-100779,2026-02-15,West,Surat,Bluetooth Speaker Mini,Electronics,2,1436,2872,CUST-46348,Website
UK-2026-102851,2026-04-03,Central,Nagpur,Denim Jacket,Fashion,0,2124,2124,CUST-80991,App
UK-2026-102102,2026-03-20,West,Mumbai,Mixer Grinder 750W,Home & Kitchen,1,3233,3233,CUST-59930,App
UK-2026-103316,2026-05-03,Central,Indore,Eau de Parfum 100ml,Beauty,1,1997,1997,CUST-48424,App
UK-2026-100625,2026-01-23,North,Noida,Dinner Set 24pc,Home & Kitchen,1,2394,2394,CUST-72133,App
UK-2026-100084,2026-01-21,North,Gurugram,Noise-Cancelling Headphones,Electronics,1,9151,9151,CUST-26983,Marketplace
UK-2026-101797,2026-03-09,North,Gurugram,Silk Saree,Fashion,1,3642,3642,CUST-12819,App
UK-2026-102679,2026-04-04,East,Guwahati,Slim Fit Jeans,Fashion,2,1674,3348,CUST-97703,Website
UK-2026-100085,2026-01-30,North,Gurugram,Yoga Mat Pro,Sports,1,1152,1152,CUST-62113,App
UK-2026-101510,2026-03-18,North,Gurugram,Cotton Bedsheet Set,Home & Kitchen,4,1440,5760,CUST-40582,App
UK-2026-101531,2026-03-28,East,Kolkata,Non-Stick Cookware Set,Home & Kitchen,1,2885,2885,CUST-69837,Website
UK-2026-101863,2026-03-31,North,Delhi,Badminton Racket Set,Sports,1,2543,2543,CUST-48836,App
UK-2026-103339,2026-05-21,South,Bengaluru,Wireless Earbuds Pro,Electronics,1,3125,3125,CUST-94028,App
UK-2026-102213,2026-03-02,West,Surat,43-inch Smart TV,Electronics,1,26568,26568,CUST-84202,App
UK-2026-104458,2026-06-21,East,Guwahati,Formal Shirt,Fashion,2,1055,2110,CUST-22048,App
UK-2026-101805,2026-03-17,South,Hyderabad,Slim Fit Jeans,Fashion,1,1534,1534,CUST-65127,Website
UK-2026-101748,2026-03-03,South,Bengaluru,Cricket Bat English Willow,Sports,1,9429,9429,CUST-88149,Marketplace
UK-2026-102709,2026-04-25,West,Surat,Mixer Grinder 750W,Home & Kitchen,2,3276,6552,CUST-58144,Website
UK-2026-103751,2026-05-31,East,Patna,Wireless Earbuds Pro,Electronics,1,2906,2906,CUST-78683,Website
UK-2026-101883,2026-03-22,South,Kochi,Dinner Set 24pc,Home & Kitchen,1,2442,2442,CUST-74193,Website
UK-2026-103888,2026-05-27,North,Gurugram,Electric Kettle 1.5L,Home & Kitchen,1,1100,1100,CUST-16240,Marketplace
UK-2026-104938,2026-06-18,West,Pune,Ethnic Dupatta,Fashion,1,503,503,CUST-97291,App
UK-2026-100426,2026-01-08,North,Noida,Wireless Earbuds Pro,Electronics,4,2983,11932,CUST-95981,Website
UK-2026-100842,2026-02-03,South,Hyderabad,Ethnic Dupatta,Fashion,2,500,1000,CUST-45239,App
UK-2026-102400,2026-04-10,East,Bhubaneswar,Modern Wall Clock,Home & Kitchen,1,812,812,CUST-14642,Website
UK-2026-102016,2026-03-18,North,Gurugram,Non-Stick Cookware Set,Home & Kitchen,1,2838,2838,CUST-49605,Marketplace
UK-2026-104872,2026-06-16,West,Ahmedabad,Face Wash Combo,Beauty,1,462,462,CUST-98961,App
UK-2026-100655,2026-01-21,North,  Chandigarh,Running Sneakers,Fashion,1,2714,2714,CUST-32640,Website
UK-2026-100489,2026-01-26,West,Mumbai,Running Sneakers,Fashion,3,2933,8799,CUST-59611,Website
UK-2026-100209,2026-01-17,East,Kolkata,Cycling Helmet,Sports,2,1666,3332,CUST-85818,Website
UK-2026-104252,2026-06-08,West,Surat   ,43-inch Smart TV,Electronics,2,26720,53440,CUST-64220,Website
UK-2026-103539,2026-05-09,South,Chennai,Denim Jacket,Fashion,1,2286,2286,CUST-35631,Marketplace
UK-2026-103841,2026-05-09,Central,Indore,Wireless Earbuds Pro,Electronics,1,3122,3122,CUST-31464,App
UK-2026-102808,2026-04-11,Central,Indore,Eau de Parfum 100ml,Beauty,2,1951,3902,CUST-40349,App
UK-2026-104352,2026-06-14,South,Chennai,Ultrabook Air 14,Electronics,1,30696,30696,CUST-86268,App
UK-2026-101772,2026-03-31,West,Ahmedabad,Yoga Mat Pro,Sports,2,1180,2360,CUST-94892,Website
UK-2026-102674,2026-04-15,Central,Nagpur,Gym Gloves,Sports,1,512,512,CUST-53170,Website
UK-2026-102233,2026-03-02,North,Noida,Cotton Kurta Set,Fashion,1,1243,1243,CUST-17012,Website
UK-2026-102967,2026-04-16,South,Cochin,Denim Jacket,Fashion,1,2275,2275,CUST-59564,Website
UK-2026-103037,2026-04-28,South,Hyderabad,COTTON KURTA SET,Fashion,1,1323,1323,CUST-58375,App
UK-2026-102136,2026-03-26,East,Patna,Wireless Earbuds Pro,Electronics,1,2960,2960,CUST-77807,App
UK-2026-102500,2026-04-25,East,Patna,Silk Saree,Fashion,1,3667,3667,CUST-49017,Website
UK-2026-100990,2026-02-20,East,Patna,Mirrorless Camera Lite,Electronics,1,28679,28679,CUST-85559,App
UK-2026-103658,2026-05-31,North,Chandigarh,Silk Saree,Fashion,2,3526,7052,CUST-94716,Marketplace
UK-2026-101153,2026-02-27,South,Chennai,Non-Stick Cookware Set,Home & Kitchen,1,2953,2953,CUST-61116,App
UK-2026-102665,2026-04-07,West,Mumbai,Power Bank 20000mAh,Electronics,1,1888,1888,CUST-83258,Website
UK-2026-104639,2026-06-22,Central,Nagpur,Leather Wallet,Fashion,1,922,,CUST-27497,App
UK-2026-101610,2026-03-15,South,Kochi,Electric Kettle 1.5L,Home & Kitchen,2,1135,2270,CUST-65785,Website
UK-2026-102693,2026-04-12,North,Gurugram,Sunscreen SPF50,Beauty,1,552,552,CUST-62530,Website
UK-2026-104764,2026-06-13,East,Guwahati,Adjustable Dumbbells 15kg,Sports,2,4761,9522,CUST-35558,Website
UK-2026-102332,2026-04-15,North,Noida,Cricket Bat English Willow,Sports,1,9153,9153,CUST-42902,App
UK-2026-100227,2026-01-18,Central,Nagpur,Running Sneakers,Fashion,1,2794,2794,CUST-36997,App
UK-2026-104271,2026-06-25,North,Noida,Adjustable Dumbbells 15kg,Sports,1,5164,5164,CUST-58135,Marketplace
UK-2026-103263,2026-05-25,West,Surat,Ethnic Dupatta,Fashion,1,478,478,CUST-44330,Marketplace
UK-2026-102417,2026-04-25,South,Chennai,Wireless Earbuds Pro,Electronics,1,3137,3137,CUST-30101,Website
UK-2026-101229,2026-02-23,East,Bhubaneswar,Mixer Grinder 750W,Home & Kitchen,1,3262,3262,CUST-12328,App
UK-2026-101689,2026-03-07,South,Bengaluru,Electric Kettle 1.5L,Home & Kitchen,1,1107,1107,CUST-92956,Website
UK-2026-100336,2026-01-18,South,Madras,Electric Kettle 1.5L,Home & Kitchen,1,1092,1092,CUST-20859,App
UK-2026-102204,2026-03-08,South,Kochi,Ultrabook Air 14,Electronics,1,29548,29548,CUST-30082,App
UK-2026-100799,18-02-26,North,Noida,Bluetooth Speaker Mini,Electronics,2,1455,2910,CUST-78437,Marketplace
UK-2026-104952,2026-06-09,Central,Bhopal,Wireless Earbuds Pro,Electronics,1,3101,3101,CUST-74683,App
UK-2026-102066,2026-03-22,Central,Raipur,Mirrorless Camera Lite,Electronics,1,27640,27640,CUST-19865,App
UK-2026-102550,2026-04-28,South,Chennai,Smart Watch X2,Electronics,2,4375,8750,CUST-46474,Website
UK-2026-103984,2026-05-12,East,Kolkata,Sunscreen SPF50,Beauty,2,553,1106,CUST-63712,App
UK-2026-103377,2026-05-06,North,New Delhi,Noise-Cancelling Headphones,Electronics,1,8793,8793,CUST-84439,Marketplace
UK-2026-104983,2026-06-02,South,Kochi,Mirrorless Camera Lite,Electronics,1,28349,28349,CUST-85559,Website
UK-2026-102182,2026-03-01,South,Bengaluru,Formal Shirt,Fashion,2,1112,2224,CUST-66640,App
UK-2026-100053,2026-01-26,East,Guwahati,Football Size 5,Sports,2,915,1830,CUST-71965,Website
UK-2026-100480,2026-01-20,North,Noida,Cotton Kurta Set,Fashion,,1299,2598,CUST-46113,Website
UK-2026-103367,2026-05-20,Central,Bhopal,Beard Grooming Kit,Beauty,1,1014,1014,CUST-61487,App
UK-2026-104355,2026-06-06,East,Patna,Cricket Bat English Willow,Sports,1,8817,8817,CUST-26143,Marketplace
UK-2026-100460,2026-01-16,East,Guwahati,Noise-Cancelling Headphones,Electronics,1,9033,9033,CUST-93134,Marketplace
UK-2026-102195,2026-03-27,North,Noida,Power Bank 20000mAh,Electronics,1,1863,1863,CUST-18590,Website
UK-2026-104863,2026-06-06,West,Mumbai,Cotton Bedsheet Set,Home & Kitchen,1,1384,1384,CUST-77108,App
UK-2026-102886,2026-04-15,East,Guwahati,Robot Vacuum R7,Home & Kitchen,2,18928,37856,CUST-27377,App
UK-2026-100081,2026-01-12,West,Surat,Ethnic Dupatta,Fashion,1,493,493,CUST-49801,Website
UK-2026-104913,2026-06-12,South,Hyderabad,Power Bank 20000mAh,Electronics,1,1870,1870,CUST-70189,Marketplace
UK-2026-103956,2026-05-08,North,Delhi,Cricket Bat English Willow,Sports,1,8553,8553,CUST-60821,Website
UK-2026-102719,2026-04-17,West,Mumbai,Cricket Bat English Willow,Sports,2,9248,18496,CUST-10832,App
UK-2026-102283,2026-04-22,South,Chennai,Yoga Mat Pro,Sports,1,1223,1223,CUST-32705,Website
UK-2026-100743,2026-02-22,South,Hyderabad,Mixer Grinder 750W,Home & Kitchen,1,3312,3312,CUST-39468,App
UK-2026-100597,2026-01-19,,Patna,Silk Saree,Fashion,1,3480,3480,CUST-17455,App
UK-2026-100554,2026-01-11,East,Bhubaneswar,Air Fryer 5L,Home & Kitchen,1,5272,5272,CUST-23360,App
UK-2026-102611,2026-04-04,South,Chennai,Foldable Treadmill T2,Sports,2,25314,50628,CUST-82422,Marketplace
UK-2026-102817,2026-04-11,South,Kochi,Face Wash Combo,Beauty,2,471,942,CUST-83872,Marketplace
UK-2026-100660,2026-01-28,South,Hyderabad,Cotton Bedsheet Set,Home & Kitchen,1,1417,1417,CUST-70189,Marketplace
UK-2026-101503,2026-03-27,East,Patna,Power Bank 20000mAh,Electronics,1,1844,1844,CUST-45342,Marketplace
UK-2026-100974,2026-02-09,North,Gurugram,Gym Gloves,Sports,2,478,956,CUST-52289,Website
UK-2026-102330,2026-04-28,South,Bengaluru,Bluetooth Speaker Mini,Electronics,1,1520,1520,CUST-84000,App
UK-2026-104871,2026-06-07,South,Chennai,Sunscreen SPF50,Beauty,2,547,1094,CUST-56389,Marketplace
UK-2026-104433,2026-06-02,South,Bangalore,Ultrabook Air 14,Electronics,1,31016,31016,CUST-97062,Marketplace
UK-2026-103004,2026-04-04,North,Noida,43-inch Smart TV,Electronics,1,25339,25339,CUST-45384,Marketplace
UK-2026-102942,2026-04-28,South,Kochi,Football Size 5,Sports,1,879,879,CUST-11212,App
UK-2026-104360,2026-06-30,East,Patna,Ethnic Dupatta,Fashion,1,483,483,CUST-25818,App
UK-2026-102126,2026-03-24,West,Ahmedabad,43-inch Smart TV,Electronics,,24798,49596,CUST-80886,Marketplace
UK-2026-104202,2026-06-11,North,Delhi,Air Fryer 5L,Home & Kitchen,1,5540,5540,CUST-27355,Website
UK-2026-100163,2026-01-23,North,Gurugram,Ultrabook Air 14,Electronics,3,30411,91233,CUST-44126,Website
UK-2026-100039,2026-01-13,West,Pune,Smart Watch X2,Electronics,1,4700,4700,CUST-90415,App
UK-2026-101194,2026-02-28,Central,Bhopal,Foldable Treadmill T2,Sports,1,24507,24507,CUST-69206,Website
UK-2026-104394,2026-06-24,West,Mumbai,Vitamin C Serum,Beauty,1,702,702,CUST-79522,Marketplace
UK-2026-103344,2026-05-11,West,Surat,Face Wash Combo,Beauty,1,455,455,CUST-57253,App
UK-2026-104133,2026-06-08,South,Bengaluru,Smart Watch X2,Electronics,3,4443,13329,CUST-95458,Website
UK-2026-103166,2026-05-06,South,Kochi,Cotton Kurta Set,Fashion,1,1240,1240,CUST-53164,Marketplace
UK-2026-102065,2026-03-18,South,Hyderabad,Foldable Treadmill T2,Sports,2,25473,50946,CUST-12885,App
UK-2026-101045,2026-02-04,West,Surat,Dinner Set 24pc,Home & Kitchen,1,2535,2535,CUST-23670,Marketplace
UK-2026-103426,2026-05-15,West,Ahmedabad,Noise-Cancelling Headphones,Electronics,2,9068,18136,CUST-37598,App
UK-2026-101713,2026-03-13,West,Mumbai,Ultrabook Air 14,Electronics,1,30233,30233,CUST-73272,Marketplace
UK-2026-100910,2026-02-04,North,Chandigarh,Gym Gloves,Sports,2,486,972,CUST-56923,App
UK-2026-102216,2026-03-31,West,Mumbai,Foldable Treadmill T2,Sports,1,24201,24201,CUST-39746,App
UK-2026-100063,2026-01-20,West,Mumbai,Mirrorless Camera Lite,Electronics,2,29605,59210,CUST-12448,App
UK-2026-100520,2026-01-22,South,Hyderabad,Badminton Racket Set,Sports,4,2591,10364,CUST-53969,App
UK-2026-102965,2026-04-30,South,Hyderabad,Smart Watch X2,Electronics,1,4295,4295,CUST-19149,Website
UK-2026-104153,2026-06-01,South,Hyderabad,Adjustable Dumbbells 15kg,Sports,2,5144,10288,CUST-11212,Marketplace
UK-2026-102579,2026-04-01,South,Hyderabad,Mixer Grinder 750W,Home & Kitchen,2,3167,6334,CUST-65785,Website
UK-2026-102898,2026-04-19,South,Hyderabad,Denim Jacket,Fashion,1,2190,2190,CUST-37891,App
UK-2026-102733,2026-04-09,East,Patna,Matte Lipstick Set,Beauty,1,907,907,CUST-83003,App
UK-2026-102571,2026-04-02,South,Chennai,Cotton Kurta Set,Fashion,1,1256,1256,CUST-32850,App
UK-2026-102586,2026-04-04,North,Noida,Ultrabook Air 14,Electronics,1,29673,29673,CUST-16216,Marketplace
UK-2026-102742,2026-04-08,North,Gurugram,Smart Watch X2,Electronics,1,4612,4612,CUST-27355,App
UK-2026-102232,2026-03-25,North,Gurugram,Robot Vacuum R7,Home & Kitchen,1,19487,19487,CUST-47131,Marketplace
UK-2026-101648,2026-03-29,West,Pune,Mixer Grinder 750W,Home & Kitchen,1,3377,3377,CUST-71984,App
UK-2026-104740,2026-06-01,West,Mumbai,Cotton Kurta Set,Fashion,1,1284,1284,CUST-66842,App
UK-2026-100860,2026-02-04,South,Kochi,Cotton Bedsheet Set,Home & Kitchen,1,1463,1463,CUST-18043,Website
UK-2026-103954,2026-05-15,South,Chennai,Mixer Grinder 750W,Home & Kitchen,2,3155,6310,CUST-98502,App
UK-2026-101385,2026-02-03,Central,Bhopal,Formal Shirt,Fashion,2,1118,2236,CUST-88527,App
UK-2026-102218,2026-03-19,West,Mumbai,Sunscreen SPF50,Beauty,1,541,541,CUST-98936,Website
UK-2026-101046,2026-02-17,West,Ahmedabad,Smart Watch X2,Electronics,1,4612,4612,CUST-46039,Marketplace
UK-2026-103452,2026-05-18,South,Chennai,Mirrorless Camera Lite,Electronics,2,28081,56162,CUST-76949,App
UK-2026-101910,2026-03-20,West,Surat,Dinner Set 24pc,Home & Kitchen,1,2508,2508,CUST-31469,App
UK-2026-102262,2026-04-11,West,Mumbai,Power Bank 20000mAh,Electronics,1,1749,1749,CUST-73931,Website
UK-2026-102955,2026-04-22,South,  Chennai,Mirrorless Camera Lite,Electronics,2,30400,60800,CUST-45092,Website
UK-2026-101726,2026-03-02,South,Kochi,Slim Fit Jeans,Fashion,4,1532,6128,CUST-54763,App
UK-2026-100649,2026-01-25,West,Ahmedabad,Robot Vacuum R7,Home & Kitchen,1,19303,,CUST-24910,App
UK-2026-101122,2026-02-16,North,Gurugram,Makeup Brush Set,Beauty,1,1292,1292,CUST-41268,Website
UK-2026-102533,2026-04-01,East,Guwahati,Running Sneakers,Fashion,1,2816,2816,CUST-34099,App
UK-2026-104016,2026-05-18,Central,Indore,Ultrabook Air 14,Electronics,1,29891,29891,CUST-99706,Marketplace
UK-2026-104615,04-06-26,West,Mumbai,Power Bank 20000mAh,Electronics,2,1810,3620,CUST-13212,Marketplace
UK-2026-101240,2026-02-26,West,Surat,Robot Vacuum R7,Home & Kitchen,2,19541,39082,CUST-97463,Website
UK-2026-103354,2026-05-12,North,Chandigarh,Foldable Treadmill T2,Sports,1,23751,23751,CUST-87192,App
UK-2026-100068,2026-01-01,Central,Indore,Cotton Kurta Set,Fashion,2,1272,2544,CUST-39105,App
UK-2026-101527,2026-03-20,West,Pune,Running Sneakers,Fashion,1,2925,2925,CUST-69893,App
UK-2026-103164,2026-05-17,West,Mumbai,Non-Stick Cookware Set,Home & Kitchen,1,2768,2768,CUST-87173,App
UK-2026-100570,"Jan 15, 2026",West,Pune,Formal Shirt,Fashion,2,1111,2222,CUST-17413,App
UK-2026-104807,2026-06-09,North,Delhi,Silk Saree,Fashion,1,3649,3649,CUST-30658,App
UK-2026-102000,2026-03-03,North,Delhi,Mirrorless Camera Lite,Electronics,3,29629,88887,CUST-23450,App
UK-2026-100083,2026-01-13,North,Chandigarh,Ethnic Dupatta,Fashion,3,476,1428,CUST-68192,App
UK-2026-104125,2026-06-18,South,Chennai,Denim Jacket,Fashion,1,2097,2097,CUST-61734,Marketplace
UK-2026-103265,2026-05-01,East,Guwahati,Bluetooth Speaker Mini,Electronics,1,1542,1542,CUST-42416,App
UK-2026-104638,2026-06-26,North,Gurugram,Cotton Bedsheet Set,Home & Kitchen,1,1418,1418,CUST-71316,Marketplace
UK-2026-100823,2026-02-25,Central,Bhopal,Cotton Bedsheet Set,Home & Kitchen,1,1393,1393,CUST-88527,Website
UK-2026-100539,2026-01-23,South,Bengaluru,Cotton Kurta Set,Fashion,1,1293,1293,CUST-16841,Website
UK-2026-103671,2026-05-14,North,Delhi,Non-Stick Cookware Set,Home & Kitchen,1,2941,2941,CUST-20448,App
UK-2026-103023,2026-04-26,North,Delhi,Gym Gloves,Sports,1,523,523,CUST-21867,Marketplace
UK-2026-103474,2026-05-24,South,Chennai,Running Sneakers,Fashion,1,2933,2933,CUST-33496,App
UK-2026-102177,2026-03-27,South,Bengaluru,Non-Stick Cookware Set,Home & Kitchen,4,2943,11772,CUST-60189,App
UK-2026-104150,2026-06-07,West,Mumbai,43-inch Smart TV,Electronics,3,26914,80742,CUST-57253,Marketplace
UK-2026-100242,2026-01-03,South,Hyderabad,Football Size 5,Sports,1,936,936,CUST-17416,App
UK-2026-104858,2026-06-18,Central,Nagpur,Cotton Bedsheet Set,Home & Kitchen,2,1417,2834,CUST-80819,App
UK-2026-104025,2026-06-09,North,Gurugram,Air Fryer 5L,Home & Kitchen,2,5689,11378,CUST-18041,Marketplace
UK-2026-102155,2026-03-20,Central,Nagpur,Running Sneakers,Fashion,1,2838,2838,CUST-56109,Website
UK-2026-101835,2026-03-10,East,Bhubaneswar,Denim Jacket,Fashion,1,2191,2191,CUST-19037,Website
UK-2026-103437,2026-05-04,Central,Nagpur,Modern Wall Clock,Home & Kitchen,1,789,789,CUST-36098,Website
UK-2026-101005,2026-02-18,North,Delhi,Wireless Earbuds Pro,Electronics,1,3013,3013,CUST-27377,Marketplace
UK-2026-102002,2026-03-23,East,Bhubaneswar,Yoga Mat Pro,Sports,1,1242,1242,CUST-48250,App
UK-2026-100043,2026-01-18,West,Surat,Air Fryer 5L,Home & Kitchen,2,5299,10598,CUST-15653,Website
UK-2026-103803,2026-05-03,West,Ahmedabad,Robot Vacuum R7,Home & Kitchen,1,18896,18896,CUST-87484,App
UK-2026-103196,2026-05-02,West,Surat,Beard Grooming Kit,Beauty,1,1027,1027,CUST-71388,Website
UK-2026-101170,2026-02-11,South,Hyderabad,Dinner Set 24pc,Home & Kitchen,1,2515,2515,CUST-77767,App
UK-2026-104980,2026-06-29,West,Pune,Modern Wall Clock,Home & Kitchen,1,775,775,CUST-57613,Website
UK-2026-101778,2026-03-12,South,Kochi,Mixer Grinder 750W,Home & Kitchen,1,3308,3308,CUST-83367,Website
UK-2026-104683,2026-06-04,Central,Bhopal,Face Wash Combo,Beauty,1,447,447,CUST-69375,Marketplace
UK-2026-103689,2026-05-22,South,Bengaluru,Badminton Racket Set,Sports,1,2399,2399,CUST-12885,Website
UK-2026-101307,2026-02-13,Central,Nagpur,Power Bank 20000mAh,Electronics,1,1723,1723,CUST-80819,App
UK-2026-100963,2026-02-12,North,Chandigarh,Mixer Grinder 750W,Home & Kitchen,,3204,3204,CUST-39787,Website
UK-2026-102963,2026-04-26,South,Hyderabad,Cotton Kurta Set,Fashion,1,1332,1332,CUST-10283,App
UK-2026-104312,2026-06-15,West,Surat,Beard Grooming Kit,Beauty,1,961,961,CUST-95906,Website
UK-2026-100653,2026-01-05,Central,Raipur,Ionic Hair Dryer,Beauty,2,1864,3728,CUST-59094,Website
UK-2026-103353,2026-05-25,East,Bhubaneswar,Silk Saree,Fashion,1,3373,3373,CUST-63366,App
UK-2026-102086,2026-03-12,South,Chennai,NON-STICK COOKWARE SET,Home & Kitchen,1,2804,2804,CUST-44061,App
UK-2026-103762,2026-05-23,West,Ahmedabad,Air Fryer 5L,Home & Kitchen,1,5524,5524,CUST-54461,App
UK-2026-100534,2026-01-29,South,Chennai,Modern Wall Clock,Home & Kitchen,1,779,779,CUST-80407,App
UK-2026-101807,2026-03-01,West,Ahmedabad,Wireless Earbuds Pro,Electronics,1,2997,2997,CUST-16977,App
UK-2026-103489,2026-05-28,North,Gurugram,Badminton Racket Set,Sports,4,2445,9780,CUST-84861,App
UK-2026-100415,"Jan 4, 2026",North,Chandigarh,Slim Fit Jeans,Fashion,1,1644,1644,CUST-32613,Marketplace
UK-2026-101053,2026-02-24,West,Ahmedabad,Air Fryer 5L,Home & Kitchen,1,5462,5462,CUST-42937,App
UK-2026-103441,2026-05-19,East,Bhubaneswar,43-inch Smart TV,Electronics,1,24904,24904,CUST-88213,Website
UK-2026-102420,2026-04-05,South,Bengaluru,Cricket Bat English Willow,Sports,0,9005,9005,CUST-70199,App
UK-2026-102931,2026-04-23,South,Kochi,Formal Shirt,Fashion,1,1056,1056,CUST-79412,App
UK-2026-104933,2026-06-23,South,Hyderabad,43-inch Smart TV,Electronics,1,27074,27074,CUST-14768,Marketplace
UK-2026-102568,2026-04-25,North,Noida,Adjustable Dumbbells 15kg,Sports,3,5221,15663,CUST-55694,Marketplace
UK-2026-100271,02-01-26,North,Gurugram,Non-Stick Cookware Set,Home & Kitchen,2,2780,5560,CUST-96756,App
UK-2026-102413,2026-04-26,East,Patna,Dinner Set 24pc,Home & Kitchen,2,2401,4802,CUST-73930,Marketplace
UK-2026-103458,2026-05-18,North,Noida,Adjustable Dumbbells 15kg,Sports,1,5016,5016,CUST-69623,App
UK-2026-102907,22/04/2026,South,Hyderabad,Denim Jacket,Fashion,1,2199,2199,CUST-88663,Marketplace
UK-2026-103468,2026-05-15,West,Surat,Leather Wallet,Fashion,2,930,1860 INR,CUST-71261,App
UK-2026-100687,2026-01-21,North,Gurugram,Leather Wallet,Fashion,2,900,1800,CUST-43361,App
UK-2026-102908,2026-04-06,South,Bengaluru,Robot Vacuum R7,Home & Kitchen,1,18621,18621,CUST-72906,App
UK-2026-102756,2026-04-15,North,Gurugram,Badminton Racket Set,Sports,1,2374,2374,CUST-72019,Website
UK-2026-104754,2026-06-02,North,Chandigarh,Power Bank 20000mAh,Electronics,1,1805,1805,CUST-20119,Marketplace
UK-2026-104580,2026-06-02,West,Ahmedabad,Adjustable Dumbbells 15kg,Sports,1,5102,5102,CUST-70966,Website
UK-2026-101485,2026-03-21,East,Guwahati,Yoga Mat Pro,Sports,1,1212,1212,CUST-26238,Marketplace
UK-2026-100493,2026-01-25,North,Gurugram,Power Bank 20000mAh,Electronics,2,1788,3576,CUST-69853,Marketplace
UK-2026-102085,2026-03-28,North,Chandigarh,Cycling Helmet,Sports,1,1522,1522,CUST-91240,Website
UK-2026-100451,2026-01-07,East,Bhubaneswar,Cotton Kurta Set,Fashion,2,1293,2586,CUST-19945,Marketplace
UK-2026-104077,2026-06-09,East,Kolkata,Ultrabook Air 14,Electronics,2,30708,61416,CUST-95794,Marketplace
UK-2026-102094,2026-03-08,South,Kochi,Modern Wall Clock,Home & Kitchen,1,825,825,CUST-49255,App
UK-2026-102174,2026-03-27,South,Bengaluru,Cotton Kurta Set,Fashion,1,1280,1280,CUST-87405,App
UK-2026-103476,2026-05-11,North,Delhi,Foldable Treadmill T2,Sports,2,25298,50596,CUST-55704,Marketplace
UK-2026-103257,2026-05-04,South,Bengaluru,Badminton Racket Set,Sports,1,2485,2485,CUST-70509,Website
UK-2026-101917,2026-03-18,South,Kochi,Adjustable Dumbbells 15kg,Sports,2,5242,10484,CUST-11728,App
UK-2026-104757,2026-06-06,South,BLR,Wireless Earbuds Pro,Electronics,2,2854,5708,CUST-48858,App
UK-2026-104632,2026-06-02,West,Surat,Mixer Grinder 750W,Home & Kitchen,1,3368,3368,CUST-51567,Marketplace
UK-2026-101741,2026-03-09,Central,Nagpur,Ionic Hair Dryer,Beauty,,1889,1889,CUST-90801,Website
UK-2026-103041,2026-04-13,North,Delhi,Formal Shirt,Fashion,1,1126,1126,CUST-48524,Website
UK-2026-102661,2026-04-29,Central,Bhopal,Mixer Grinder 750W,Home & Kitchen,1,3417,3417,CUST-79546,Website
UK-2026-104689,2026-06-13,South,Chennai,Noise-Cancelling Headphones,Electronics,1,9113,9113,CUST-18724,App
UK-2026-104904,"Jun 6, 2026",West,Mumbai,Running Sneakers,Fashion,1,2844,2844,CUST-48666,App
UK-2026-104881,2026-06-21,West,Surat,Electric Kettle 1.5L,Home & Kitchen,1,1119,1119,CUST-61593,App
UK-2026-104616,2026-06-15,West,Ahmedabad,Wireless Earbuds Pro,Electronics,1,3025,3025,CUST-85349,App
UK-2026-101811,2026-03-31,West,Surat,Mirrorless Camera Lite,Electronics,2,27865,55730,CUST-43226,App
UK-2026-104521,2026-06-10,Central,Bhopal,Mirrorless Camera Lite,Electronics,1,29717,29717,CUST-87808,Website
UK-2026-104851,2026-06-18,North,Noida,Wireless Earbuds Pro,Electronics,2,2962,5924,CUST-82344,Website
UK-2026-101628,2026-03-01,Central,Bhopal,Denim Jacket,Fashion,2,2094,"4,188.00",CUST-93817,App
UK-2026-100078,2026-01-21,East,Kolkata,Silk Saree,Fashion,1,3388,3388 INR,CUST-64484,Website
UK-2026-103507,2026-05-06,North,Chandigarh,Mixer Grinder 750W,Home & Kitchen,1,3313,3313,CUST-23450,Website
UK-2026-101681,2026-03-02,East,Guwahati,Power Bank 20000mAh,Electronics,1,1779,,CUST-29677,Website
UK-2026-104444,2026-06-08,East,Bhubaneswar,Power Bank 20000mAh,Electronics,1,1812,1812,CUST-11093,Marketplace
UK-2026-104241,2026-06-20,West,Ahmedabad,Noise-Cancelling Headphones,Electronics,3,8631,25893,CUST-11012,Marketplace
UK-2026-100988,2026-02-13,East,Guwahati,Denim Jacket,Fashion,1,2193,2193,CUST-18734,Marketplace
UK-2026-104853,2026-06-28,North,Noida,Sunscreen SPF50,Beauty,2,542,1084,CUST-39257,App
UK-2026-102106,2026-03-13,South,Hyderabad,Vitamin C Serum,Beauty,1,679,679,CUST-82119,Website
UK-2026-104090,2026-06-17,West,Mumbai,Ultrabook Air 14,Electronics,3,31479,94437,CUST-92154,Marketplace
UK-2026-103333,16-05-26,Central,Raipur,Air Fryer 5L,Home & Kitchen,1,5411,5411,CUST-86575,App
UK-2026-100386,2026-01-27,South,Bengaluru,Dinner Set 24pc,Home & Kitchen,2,2405,4810,CUST-98476,App
UK-2026-101351,2026-02-26,West,Mumbai,Foldable Treadmill T2,Sports,1,26010,26010,CUST-27497,Website
UK-2026-103490,2026-05-15,West,Mumbai,Non-Stick Cookware Set,Home & Kitchen,2,2974,5948,CUST-96905,App
UK-2026-101186,2026-02-21,West,Ahmedabad,Non-Stick Cookware Set,Home & Kitchen,1,2868,2868,CUST-85113,App
UK-2026-101935,2026-03-20,South,Hyderabad,Gym Gloves,Sports,1,480,480,CUST-36872,Website
UK-2026-101922,2026-03-08,Central,Bhopal,Bluetooth Speaker Mini,Electronics,3,1444,4332,CUST-97291,App
UK-2026-104212,2026-06-08,South,Kochi,Mirrorless Camera Lite,Electronics,2,28247,56494,CUST-71471,Marketplace
UK-2026-101147,2026-02-05,Central,Bhopal,Sunscreen SPF50,Beauty,2,542,1084,CUST-54577,Website
UK-2026-103406,2026-05-24,North,Noida,Ionic Hair Dryer,Beauty,1,1843,1843,CUST-10693,App
UK-2026-100758,2026-02-22,South,Kochi,Smart Watch X2,Electronics,1,4556,4556,CUST-55182,App
UK-2026-103106,2026-05-26,South,Kochi,43-inch Smart TV,Electronics,1,27147,27147,CUST-51567,Marketplace
UK-2026-104223,2026-06-07,East,Kolkata,Smart Watch X2,Electronics,1,4663,4663,CUST-49983,Marketplace
UK-2026-100827,2026-02-10,South,Bengaluru,Modern Wall Clock,Home & Kitchen,3,815,2445,CUST-77814,App
UK-2026-104304,2026-06-02,North,Delhi,Badminton Racket Set,Sports,1,2568,2568,CUST-45547,Website
UK-2026-101329,2026-02-07,North,Gurugram,Eau de Parfum 100ml,Beauty,1,1939,1939,CUST-74686,Marketplace
UK-2026-101632,"Mar 22, 2026",South,Hyderabad,Non-Stick Cookware Set,Home & Kitchen,1,2939,2939,CUST-35251,App
UK-2026-104040,2026-06-26,South,Kochi,Mirrorless Camera Lite,Electronics,2,30011,60022,CUST-22101,Marketplace
UK-2026-104804,2026-06-12,West,Mumbai,Leather Wallet,Fashion,1,871,871,CUST-52769,App
UK-2026-100239,2026-01-19,South,Kochi,Eau de Parfum 100ml,Beauty,1,2075,2075,CUST-21521,App
UK-2026-102680,2026-04-29,North,Gurugram,Non-Stick Cookware Set,Home & Kitchen,2,2912,5824,CUST-54755,App
UK-2026-100518,2026-01-28,South,Kochi,Robot Vacuum R7,Home & Kitchen,1,18856,18856,CUST-49066,App
UK-2026-100471,2026-01-13,South,Hyderabad,Air Fryer 5L,Home & Kitchen,2,5443,10886,CUST-77767,Website
UK-2026-100583,2026-01-07,West,Mumbai,NON-STICK COOKWARE SET,Home & Kitchen,1,2856,2856,CUST-46255,App
UK-2026-102956,2026-04-21,West,Surat,Running Sneakers,Fashion,1,2906,2906,CUST-88213,Marketplace
UK-2026-100002,2026-01-03,West,Ahmedabad,Yoga Mat Pro,Sports,1,1236,1236,CUST-86962,Website
UK-2026-100341,2026-01-13,East,Kolkata,Modern Wall Clock,Home & Kitchen,1,786,786,CUST-78959,App
UK-2026-103646,2026-05-19,West,Pune,Beard Grooming Kit,Beauty,1,1001,1001,CUST-29983,Marketplace
UK-2026-103987,2026-05-01,South,Bengaluru,Makeup Brush Set,Beauty,1,1352,1352,CUST-10832,App
UK-2026-104476,2026-06-24,West,Mumbai,Electric Kettle 1.5L,Home & Kitchen,1,1132,1132,CUST-66609,App
UK-2026-104470,2026-06-20,North,Gurugram,Matte Lipstick Set,Beauty,2,880,1760,CUST-65820,Website
UK-2026-104540,2026-06-20,West,Ahmedabad,Electric Kettle 1.5L,Home & Kitchen,4,1124,4496,CUST-53911,Website
UK-2026-100045,2026-01-21,West,Surat,Non-Stick Cookware Set,Home & Kitchen,2,2761,5522,CUST-97203,App
UK-2026-104038,2026-06-19,South,Bengaluru,Robot Vacuum R7,Home & Kitchen,3,19323,57969,CUST-65421,App
UK-2026-102108,2026-03-31,South,Bengaluru,Slim Fit Jeans,Fashion,1,1539,1539,CUST-23465,Marketplace
UK-2026-100915,2026-02-27,West,Mumbai,Adjustable Dumbbells 15kg,Sports,1,5017,5017,CUST-63957,Website
UK-2026-102663,2026-04-26,West,Mumbai,Makeup Brush Set,Beauty,1,1300,1300,CUST-79252,Website
UK-2026-103571,2026-05-15,East,Patna,Ultrabook Air 14,Electronics,1,28611,28611,CUST-72275,Website
UK-2026-101079,2026-02-07,West,Surat,Makeup Brush Set,Beauty,1,1324,1324,CUST-36533,Marketplace
UK-2026-100230,2026-01-05,North,Delhi,Power Bank 20000mAh,Electronics,1,1743,"₹1,743",CUST-90603,App
UK-2026-104753,2026-06-04,North,Gurugram,Ultrabook Air 14,Electronics,2,30035,60070,CUST-71984,Marketplace
UK-2026-102771,2026-04-13,East,Guwahati,Slim Fit Jeans,Fashion,2,1584,3168,CUST-44671,Website
UK-2026-101098,2026-02-06,South,Bengaluru,Robot Vacuum R7,Home & Kitchen,1,19827,19827,CUST-72019,App
UK-2026-103336,2026-05-02,West,Pune,Sunscreen SPF50,Beauty,1,544,544,CUST-29586,Website
UK-2026-104915,"Jun 25, 2026",North,Chandigarh,Ultrabook Air 14,Electronics,1,31003,31003,CUST-16167,Website
UK-2026-101073,2026-02-06,East,Bhubaneswar,Silk Saree,Fashion,2,3491,6982,CUST-72894,App
UK-2026-104759,2026-06-12,West,Pune,Dinner Set 24pc,Home & Kitchen,1,2610,2610,CUST-45102,Marketplace
UK-2026-104999,2026-06-19,South,Hyderabad,Beard Grooming Kit,Beauty,1,987,987,CUST-71124,Marketplace
UK-2026-100097,2026-01-31,North,Noida,Bluetooth Speaker Mini,Electronics,1,1511,1511,CUST-73099,App
UK-2026-102966,2026-04-08,West,Surat,Formal Shirt,Fashion,1,1106,1106,CUST-12410,App
UK-2026-103243,2026-05-13,South,Bengaluru,Robot Vacuum R7,Home & Kitchen,1,19455,19455,CUST-20601,Marketplace
UK-2026-101920,2026-03-24,North,Delhi,Air Fryer 5L,Home & Kitchen,3,5441,16323,CUST-95854,App
UK-2026-101000,2026-02-03,South,Hyderabad,Leather Wallet,Fashion,3,869,2607,CUST-90391,App
UK-2026-103036,2026-04-03,East,Patna,Leather Wallet,Fashion,1,877,877,CUST-88409,App
UK-2026-101631,2026-03-20,South,Chennai,Smart Watch X2,Electronics,3,4325,12975,CUST-26686,Marketplace
UK-2026-101386,2026-02-02,South,Hyderabad,Power Bank 20000mAh,Electronics,3,1758,5274,CUST-56109,Marketplace
UK-2026-103098,2026-05-15,South,Bengaluru,Mirrorless Camera Lite,Electronics,2,28856,"₹57,712",CUST-90679,Website
UK-2026-104568,2026-06-02,Central,Raipur,Dinner Set 24pc,Home & Kitchen,2,2502,5004,CUST-25503,App
UK-2026-104375,2026-06-09,East,Kolkata,Yoga Mat Pro,Sports,1,1178,1178,CUST-25163,App
UK-2026-104960,2026-06-30,North,Chandigarh,Air Fryer 5L,Home & Kitchen,1,5592,5592,CUST-16143,Website
UK-2026-103645,2026-05-05,South,Kochi,Mixer Grinder 750W,Home & Kitchen,1,3153,3153,CUST-36849,Website
UK-2026-100933,2026-02-18,South,Chennai,Beard Grooming Kit,Beauty,1,951,951,CUST-40992,Website
UK-2026-102698,2026-04-14,West,Ahmedabad,Slim Fit Jeans,Fashion,1,1615,1615,CUST-22669,App
UK-2026-104805,2026-06-21,South,Hyderabad,Running Sneakers,Fashion,4,2692,10768,CUST-10832,App
UK-2026-102242,2026-04-10,South,Kochi,Beard Grooming Kit,Beauty,1,974,974,CUST-27377,Website
UK-2026-101031,2026-02-27,West,Mumbai,Slim Fit Jeans,Fashion,1,1532,1532,CUST-30924,App
UK-2026-102580,2026-04-20,East,Guwahati,Robot Vacuum R7,Home & Kitchen,2,19352,38704,CUST-66038,Marketplace
UK-2026-101862,2026-03-30,Central,Indore,Cotton Kurta Set,Fashion,2,1308,2616,CUST-86575,App
UK-2026-103985,2026-05-18,East,Bhubaneswar,Slim Fit Jeans,Fashion,1,1615,1615,CUST-89041,Marketplace
UK-2026-102176,2026-03-14,North,Noida,Eau de Parfum 100ml,Beauty,1,1973,1973,CUST-58852,App
UK-2026-101211,2026-02-09,North,Gurugram,Non-Stick Cookware Set,Home & Kitchen,1,2915,2915,CUST-70432,Marketplace
UK-2026-103477,2026-05-16,South,Kochi,Cricket Bat English Willow,Sports,1,9041,9041,CUST-40872,Marketplace
UK-2026-102301,2026-04-30,North,Gurugram,Electric Kettle 1.5L,Home & Kitchen,2,1134,2268,CUST-64464,Website
UK-2026-102277,2026-04-20,North,Delhi,Vitamin C Serum,Beauty,1,724,724,CUST-45342,App
UK-2026-104455,2026-06-28,South,Bangalore,Sunscreen SPF50,Beauty,1,539,539,CUST-35631,Marketplace
UK-2026-101692,2026-03-23,North,Delhi,Cotton Kurta Set,Fashion,1,1281,1281,CUST-85468,Marketplace
UK-2026-103347,2026-05-26,South,Hyderabad,Mirrorless Camera Lite,Electronics,1,28266,28266,CUST-39493,Website
UK-2026-100147,2026-01-06,East,Patna,Bluetooth Speaker Mini,Electronics,1,1527,1527,CUST-36872,Marketplace
UK-2026-104844,2026-06-28,South,Bengaluru,Modern Wall Clock,Home & Kitchen,2,787,1574,CUST-65770,App
UK-2026-104555,2026-06-28,South,Kochi,Modern Wall Clock,Home & Kitchen,3,797,2391,CUST-31209,Website
UK-2026-104958,2026-06-19,West,Pune,Slim Fit Jeans,Fashion,1,1600,1600,CUST-82464,Website
UK-2026-103623,2026-05-15,South,Bengaluru,Beard Grooming Kit,Beauty,1,1006,1006,CUST-20919,Website
UK-2026-103782,2026-05-16,South,Chennai   ,Ultrabook Air 14,Electronics,1,30389,30389,CUST-37745,App
UK-2026-104874,2026-06-10,South,Hyderabad,Gym Gloves,Sports,1,492,492,CUST-72560,App
UK-2026-101857,2026-03-02,East,Patna,Cotton Bedsheet Set,Home & Kitchen,1,1344,1344,CUST-19149,Website
UK-2026-103315,2026-05-30,Central,Raipur   ,Robot Vacuum R7,Home & Kitchen,1,19231,19231,CUST-52015,Marketplace
UK-2026-100688,2026-01-11,West,Ahmedabad,Dinner Set 24pc,Home & Kitchen,1,2388,2388,CUST-71682,Marketplace
UK-2026-103473,2026-05-17,West,Mumbai,Foldable Treadmill T2,Sports,1,24718,24718,CUST-73966,App
UK-2026-104026,2026-06-15,Central,Indore,Electric Kettle 1.5L,Home & Kitchen,1,1076,1076,CUST-92401,Website
UK-2026-104111,2026-06-25,West,Ahmedabad,Badminton Racket Set,Sports,1,2450,2450,CUST-33164,Website
UK-2026-100884,2026-02-04,West,Ahmedabad,Sunscreen SPF50,Beauty,1,537,537,CUST-41122,Website
UK-2026-103868,2026-05-05,Central,Raipur,Noise-Cancelling Headphones,Electronics,3,8884,26652,CUST-65967,Marketplace
UK-2026-102633,2026-04-30,South,Hyderabad,Eau de Parfum 100ml,Beauty,2,2077,4154,CUST-22669,Website
UK-2026-102281,2026-04-23,South,Bengaluru,Slim Fit Jeans,Fashion,1,1677,1677,CUST-14033,Website
UK-2026-101037,2026-02-11,Central,Nagpur,Modern Wall Clock,Home & Kitchen,1,808,808,CUST-50541,App
UK-2026-103260,2026-05-20,West,Surat,Adjustable Dumbbells 15kg,Sports,1,5214,5214,CUST-54685,Marketplace
UK-2026-101558,2026-03-31,West,Ahmedabad,Ultrabook Air 14,Electronics,1,30502,30502,CUST-71471,App
UK-2026-100730,2026-02-22,West,Mumbai,Formal Shirt,Fashion,1,1082,1082,CUST-96603,Marketplace
UK-2026-104600,2026-06-30,South,Hyderabad,Adjustable Dumbbells 15kg,Sports,1,5105,5105,CUST-94644,App
UK-2026-103236,2026-05-13,North,Chandigarh,Cotton Kurta Set,Fashion,1,1338,1338,CUST-10084,Website
UK-2026-103015,2026-04-23,West,Ahmedabad,Ultrabook Air 14,Electronics,,30246,30246,CUST-93215,Website
UK-2026-101606,2026-03-20,North,Noida,Dinner Set 24pc,Home & Kitchen,1,2445,2445,CUST-43492,Website
UK-2026-104537,2026-06-16,West,Pune,Robot Vacuum R7,Home & Kitchen,1,18919,18919,CUST-85745,App
UK-2026-101326,2026-02-08,South,Kochi,Robot Vacuum R7,Home & Kitchen,2,18633,37266,CUST-92401,Website
UK-2026-101545,2026-03-15,South,Chennai,Cotton Bedsheet Set,Home & Kitchen,1,1348,1348,CUST-24384,App
UK-2026-102769,2026-04-13,South,Hyderabad,Formal Shirt,Fashion,1,1152,1152,CUST-93263,Marketplace
UK-2026-101657,2026-03-19,North,chandigarh,Modern Wall Clock,Home & Kitchen,1,832,832,CUST-90198,Website
UK-2026-100413,2026-01-17,West,Pune,Electric Kettle 1.5L,Home & Kitchen,1,1093,1093,CUST-60801,App
UK-2026-102529,2026-04-27,West,Ahmedabad,43-inch Smart TV,Electronics,1,27093,27093,CUST-31835,App
UK-2026-102572,2026-04-07,East,Bhubaneswar,Smart Watch X2,Electronics,2,4551,9102,CUST-30423,Marketplace
UK-2026-100122,2026-01-05,Central,Bhopal,Gym Gloves,Sports,1,505,505,CUST-79324,App
UK-2026-102604,2026-04-06,North,Gurugram,Air Fryer 5L,Home & Kitchen,3,5254,15762,CUST-77807,Website
UK-2026-102938,2026-04-29,North,Chandigarh,Noise-Cancelling Headphones,Electronics,1,9217,9217,CUST-48243,App
UK-2026-103867,2026-05-10,North,Gurugram,Sunscreen SPF50,Beauty,2,538,1076,CUST-16841,Marketplace
UK-2026-101001,2026-02-28,North,Chandigarh,Bluetooth Speaker Mini,Electronics,2,1434,2868,CUST-69997,Marketplace
UK-2026-102762,2026-04-20,South,Hyderabad,Noise-Cancelling Headphones,Electronics,1,8835,8835,CUST-22767,App
UK-2026-101637,2026-03-17,North,Chandigarh,Vitamin C Serum,Beauty,1,678,678,CUST-43947,Website
UK-2026-100955,2026-02-15,East,Kolkata,Smart Watch X2,Electronics,1,4479,4479,CUST-66394,Website
UK-2026-101459,2026-03-19,East,Bhubaneswar,Running Sneakers,Fashion,2,2712,5424,CUST-46142,App
UK-2026-101701,2026-03-02,West,Surat,Ultrabook Air 14,Electronics,1,31131,,CUST-50331,Marketplace
UK-2026-104171,2026-06-24,North,Gurugram,Matte Lipstick Set,Beauty,2,894,1788,CUST-60520,Website
UK-2026-102788,2026-04-01,North,Gurugram,Electric Kettle 1.5L,Home & Kitchen,3,1119,3357,CUST-86717,Website
UK-2026-100567,2026-01-31,South,Hyderabad,Sunscreen SPF50,Beauty,1,551,551,CUST-64725,Website
UK-2026-103275,2026-05-14,East,Bhubaneswar,Formal Shirt,Fashion,1,1073,1073,CUST-78267,App
UK-2026-103614,2026-05-25,South,Kochi,Electric Kettle 1.5L,Home & Kitchen,1,1151,1151,CUST-86699,Marketplace
UK-2026-104611,2026-06-19,East,Kolkata,Yoga Mat Pro,Sports,4,1240,4960,CUST-77133,App
UK-2026-104931,2026-06-26,South,Chennai,Bluetooth Speaker Mini,Electronics,2,1532,3064,CUST-21190,App
UK-2026-101319,2026-02-11,East,Bhubaneswar,Electric Kettle 1.5L,Home & Kitchen,2,1056,2112,CUST-32640,Website
UK-2026-103078,2026-04-13,East,Kolkata,Dinner Set 24pc,Home & Kitchen,1,2500,2500,CUST-75302,Marketplace
UK-2026-103664,2026-05-18,South,Chennai,Mixer Grinder 750W,Home & Kitchen,1,3412,3412,CUST-73777,App
UK-2026-100957,2026-02-15,West,Ahmedabad,Denim Jacket,Fashion,2,2126,4252,CUST-72424,App
UK-2026-103211,2026-05-12,East,Kolkata,Formal Shirt,Fashion,1,1116,1116,CUST-63963,App
UK-2026-104784,2026-06-19,Central,Indore,Mirrorless Camera Lite,Electronics,2,30010,60020,CUST-20086,Marketplace
UK-2026-103834,2026-05-26,North,Delhi,Denim Jacket,Fashion,3,2253,6759,CUST-64220,App
UK-2026-100382,2026-01-11,South,Kochi,Dinner Set 24pc,Home & Kitchen,1,2451,2451,CUST-30205,Marketplace
UK-2026-100561,2026-01-27,South,Bengaluru,Power Bank 20000mAh,Electronics,0,1730,1730,CUST-58665,App
UK-2026-100882,2026-02-16,North,Noida,Cricket Bat English Willow,Sports,1,8982,8982,CUST-75302,App
UK-2026-102921,2026-04-05,North,Noida,Wireless Earbuds Pro,Electronics,1,3030,3030,CUST-57193,App
UK-2026-101203,2026-02-09,,Gurugram,Leather Wallet,Fashion,2,912,1824,CUST-65421,Website
UK-2026-102373,2026-04-24,North,Noida,Yoga Mat Pro,Sports,1,1160,1160,CUST-85468,Marketplace
UK-2026-101868,2026-03-23,West,Surat,Football Size 5,Sports,1,881,881,CUST-49450,Website
UK-2026-100391,2026-01-15,Central,Raipur,Wireless Earbuds Pro,Electronics,1,3142,3142,CUST-77185,Website
UK-2026-101615,2026-03-20,South,Chennai,Modern Wall Clock,Home & Kitchen,2,790,1580,CUST-52967,App
UK-2026-100543,2026-01-11,North,Noida,Cotton Kurta Set,Fashion,1,1283,1283,CUST-17286,Website
UK-2026-104840,2026-06-16,South,BLR,Bluetooth Speaker Mini,Electronics,2,1567,3134,CUST-64464,Website
UK-2026-104181,2026-06-24,West,Ahmedabad,Smart Watch X2,Electronics,2,4318,8636,CUST-68493,Website
UK-2026-104284,2026-06-28,South,Hyderabad,Slim Fit Jeans,Fashion,1,1520,1520,CUST-65799,App
UK-2026-102612,2026-04-20,South,Hyderabad,Smart Watch X2,Electronics,1,4568,4568,CUST-20551,App
UK-2026-104053,2026-06-12,South,Hyderabad,Cotton Bedsheet Set,Home & Kitchen,1,1377,1377,CUST-56803,App
UK-2026-104543,2026-06-01,West,Surat,Wireless Earbuds Pro,Electronics,2,2962,,CUST-65127,Marketplace
UK-2026-104289,2026-06-13,North,Chandigarh,Vitamin C Serum,Beauty,1,730,730,CUST-48367,Website
UK-2026-100113,2026-01-16,West,Ahmedabad,Cotton Bedsheet Set,Home & Kitchen,1,1432,1432,CUST-85431,Website
UK-2026-104741,2026-06-29,West,Mumbai,Vitamin C Serum,Beauty,1,695,695,CUST-71124,App
UK-2026-101538,2026-03-25,East,Guwahati,Mirrorless Camera Lite,Electronics,1,28992,28992,CUST-34176,App
UK-2026-101963,2026-03-13,,Mumbai,Cotton Kurta Set,Fashion,1,1302,1302,CUST-10391,Website
UK-2026-102505,2026-04-19,North,GGN,Makeup Brush Set,Beauty,1,1289,1289,CUST-74746,Website
UK-2026-102887,2026-04-13,North,Chandigarh,Mixer Grinder 750W,Home & Kitchen,1,3142,3142,CUST-91296,App
UK-2026-103256,2026-05-15,East,Guwahati,Badminton Racket Set,Sports,2,2526,5052,CUST-81204,App
UK-2026-103394,2026-05-01,Central,Nagpur,Slim Fit Jeans,Fashion,1,1581,1581,CUST-92234,Marketplace
UK-2026-102113,2026-03-16,North,Delhi,Wireless Earbuds Pro,Electronics,2,3044,6088,CUST-81308,App
UK-2026-102535,2026-04-28,South,Kochi,Cycling Helmet,Sports,2,1535,3070,CUST-55646,Website
UK-2026-103422,2026-05-08,North,Chandigarh,Wireless Earbuds Pro,Electronics,3,2914,8742,CUST-50541,App
UK-2026-103940,2026-05-28,Central,Nagpur,Vitamin C Serum,Beauty,1,709,709,CUST-97703,Website
UK-2026-103938,2026-05-11,West,Pune,Beard Grooming Kit,Beauty,1,1038,1038,CUST-53170,Website
UK-2026-101662,2026-03-03,West,Pune,Ultrabook Air 14,Electronics,1,29208,29208,CUST-44105,Website
UK-2026-101130,2026-02-08,West,Surat,Eau de Parfum 100ml,Beauty,1,2059,2059,CUST-98268,Website
UK-2026-101946,2026-03-23,South,Chennai,Robot Vacuum R7,Home & Kitchen,1,19167,19167,CUST-97203,App
UK-2026-101446,2026-02-05,South,Bengaluru,Football Size 5,Sports,1,870,870,CUST-32832,App
UK-2026-101092,2026-02-04,South,Kochi,Cricket Bat English Willow,Sports,4,9004,36016,CUST-24018,Marketplace
UK-2026-104145,2026-06-20,South,Hyderabad,Slim Fit Jeans,Fashion,2,1519,3038,CUST-79230,Marketplace
UK-2026-101272,2026-02-23,South,Chennai,43-inch Smart TV,Electronics,2,25495,50990,CUST-63964,Website
UK-2026-100128,2026-01-18,North,Delhi,Yoga Mat Pro,Sports,1,1142,1142,CUST-67947,Website
UK-2026-103423,2026-05-14,West,Surat,Silk Saree,Fashion,2,3501,7002,CUST-93632,Marketplace
UK-2026-101704,06-03-26,West,Surat,Foldable Treadmill T2,Sports,1,23805,23805,CUST-39964,App
UK-2026-101443,2026-02-25,Central,Bhopal,Air Fryer 5L,Home & Kitchen,1,5718,5718,CUST-69997,Website
UK-2026-100623,2026-01-06,Central,Nagpur,Cotton Bedsheet Set,Home & Kitchen,0,1452,1452,CUST-71007,Website
UK-2026-100174,2026-01-19,North,Chandigarh,Mixer Grinder 750W,Home & Kitchen,1,3454,,CUST-99802,App
UK-2026-102787,2026-04-16,North,Noida,Foldable Treadmill T2,Sports,1,24307,24307,CUST-89462,Website
UK-2026-101577,02-03-26,North,Gurugram,Dinner Set 24pc,Home & Kitchen,1,2540,2540,CUST-48347,Website
UK-2026-104733,2026-06-20,West,Surat,Football Size 5,Sports,1,905,905,CUST-60284,Website
UK-2026-100252,2026-01-01,West,Pune,Vitamin C Serum,Beauty,1,702,702,CUST-95789,Website
UK-2026-101269,2026-02-13,Central,Raipur,Running Sneakers,Fashion,1,2753,2753,CUST-92401,Marketplace
UK-2026-104614,2026-06-01,South,Chennai,Mirrorless Camera Lite,Electronics,1,29881,29881,CUST-45357,App
UK-2026-100361,2026-01-09,North,Chandigarh,Robot Vacuum R7,Home & Kitchen,1,19556,19556,CUST-49017,Website
UK-2026-101848,2026-03-31,South,Hyderabad,Power Bank 20000mAh,Electronics,2,1883,3766,CUST-85124,App
UK-2026-100462,2026-01-18,North,Chandigarh,Vitamin C Serum,Beauty,1,716,,CUST-62935,Website
UK-2026-100631,2026-01-29,Central,Bhopal,Cycling Helmet,Sports,1,1656,1656,CUST-71468,Marketplace
UK-2026-101236,2026-02-05,West,Pune,Formal Shirt,Fashion,2,1052,2104,CUST-90603,Website
UK-2026-104015,2026-05-31,East,Bhubaneswar,Cycling Helmet,Sports,1,1551,1551,CUST-14633,App
UK-2026-104513,30-06-26,Central,Raipur,Robot Vacuum R7,Home & Kitchen,1,18504,18504,CUST-68869,App
UK-2026-101465,2026-03-27,South,Cochin,Football Size 5,Sports,1,871,871,CUST-71316,Website
UK-2026-102524,2026-04-24,East,Kolkata,Yoga Mat Pro,Sports,1,1195,1195,CUST-14252,Marketplace
UK-2026-104103,2026-06-10,South,Chennai,Modern Wall Clock,Home & Kitchen,1,786,786,CUST-86962,Website
UK-2026-102655,2026-04-18,Central,Nagpur,Silk Saree,Fashion,1,3452,3452,CUST-61917,App
UK-2026-104924,2026-06-06,East,Bhubaneswar,Noise-Cancelling Headphones,Electronics,1,8941,8941,CUST-40021,App
UK-2026-102199,2026-03-02,North,Chandigarh,43-inch Smart TV,Electronics,1,26133,26133,CUST-90259,App
UK-2026-100722,2026-02-09,West,Surat,Air Fryer 5L,Home & Kitchen,2,5321,10642,CUST-47312,App
UK-2026-104721,15/06/2026,Central,Indore,Mixer Grinder 750W,Home & Kitchen,1,3243,3243,CUST-63869,Marketplace
UK-2026-103149,2026-05-05,North,Noida,Cricket Bat English Willow,Sports,1,9438,9438,CUST-70988,App
UK-2026-100402,2026-01-02,North,Chandigarh,Ethnic Dupatta,Fashion,1,490,490,CUST-64948,Marketplace
UK-2026-103974,2026-05-16,South,Kochi,Slim Fit Jeans,Fashion,1,1532,1532,CUST-37745,App
UK-2026-103846,2026-05-14,North,Delhi,Makeup Brush Set,Beauty,1,1355,1355,CUST-98665,App
UK-2026-103016,2026-04-22,South,Kochi,Makeup Brush Set,Beauty,1,1244,1244,CUST-10641,Website
UK-2026-102652,"Apr 12, 2026",West,Surat,Noise-Cancelling Headphones,Electronics,1,8611,8611,CUST-16258,Marketplace
UK-2026-102597,2026-04-29,North,Chandigarh,Cotton Bedsheet Set,Home & Kitchen,1,1375,1375,CUST-51818,Marketplace
UK-2026-101942,2026-03-23,South,Bengaluru,Denim Jacket,Fashion,1,2154,2154,CUST-42937,Website
UK-2026-100223,2026-01-08,South,Bengaluru,Cotton Kurta Set,Fashion,2,1249,2498,CUST-47357,App
UK-2026-100240,2026-01-05,South,Bengaluru,Mixer Grinder 750W,Home & Kitchen,2,3292,6584,CUST-23484,App
UK-2026-101656,2026-03-29,South,Bengaluru,Formal Shirt,Fashion,1,1130,1130,CUST-88527,App
UK-2026-101735,2026-03-25,West,Surat,Ethnic Dupatta,Fashion,1,475,475,CUST-99655,App
UK-2026-103356,2026-05-14,South,Bengaluru,Noise-Cancelling Headphones,Electronics,3,8581,25743,CUST-58870,App
UK-2026-103666,2026-05-24,East,Patna,Air Fryer 5L,Home & Kitchen,2,5532,11064,CUST-97046,Website
UK-2026-103178,2026-05-02,Central,Bhopal,Bluetooth Speaker Mini,Electronics,4,1450,5800,CUST-33083,Website
UK-2026-103733,2026-05-09,South,Chennai,Air Fryer 5L,Home & Kitchen,3,5767,17301,CUST-88114,Marketplace
UK-2026-100669,2026-01-13,East,Bhubaneswar,Sunscreen SPF50,Beauty,1,537,537,CUST-81204,Marketplace
UK-2026-100021,2026-01-11,South,Hyderabad,Ultrabook Air 14,Electronics,3,30139,90417,CUST-38399,Website
UK-2026-102189,"Mar 20, 2026",South,Bengaluru,Ionic Hair Dryer,Beauty,1,1932,1932,CUST-14211,Website
UK-2026-101884,2026-03-31,South,Hyderabad,Cotton Kurta Set,Fashion,2,1316,2632,CUST-57721,App
UK-2026-103729,2026-05-25,North,Gurugram,Smart Watch X2,Electronics,1,4285,4285 INR,CUST-99802,App
UK-2026-101018,2026-02-24,Central,Nagpur,Matte Lipstick Set,Beauty,1,934,934,CUST-68277,Marketplace
UK-2026-100647,2026-01-10,East,Guwahati,Smart Watch X2,Electronics,2,4652,9304,CUST-91296,Marketplace
UK-2026-103605,2026-05-19,Central,Raipur,Smart Watch X2,Electronics,1,4496,4496,CUST-10321,Marketplace
UK-2026-104343,2026-06-26,West,Pune,Ionic Hair Dryer,Beauty,1,1924,1924,CUST-70988,Website
UK-2026-102348,2026-04-06,South,Chennai,Makeup Brush Set,Beauty,2,1236,2472,CUST-93422,Website
UK-2026-102673,2026-04-21,North,Delhi,Face Wash Combo,Beauty,1,471,471,CUST-73417,Website
UK-2026-103952,2026-05-28,North,Delhi,Leather Wallet,Fashion,1,899,899,CUST-61854,App
UK-2026-102726,2026-04-06,South,Kochi,Noise-Cancelling Headphones,Electronics,3,9039,27117,CUST-85349,Marketplace
UK-2026-100712,2026-01-17,Central,Bhopal,Formal Shirt,Fashion,4,1137,4548,CUST-17709,App
UK-2026-100175,2026-01-07,West,Ahmedabad,Robot Vacuum R7,Home & Kitchen,1,18329,18329,CUST-97692,App
UK-2026-100526,2026-01-15,West,Mumbai,Ultrabook Air 14,Electronics,2,30791,61582,CUST-82344,Website
UK-2026-103013,2026-04-06,North,Delhi,Leather Wallet,Fashion,1,873,873,CUST-70987,Website
UK-2026-100115,2026-01-23,West,Mumbai,Dinner Set 24pc,Home & Kitchen,2,2481,4962,CUST-71061,Marketplace
UK-2026-101665,2026-03-29,Central,Indore,Modern Wall Clock,Home & Kitchen,2,772,1544,CUST-53817,Marketplace
UK-2026-100857,2026-02-26,Central,Nagpur,Ethnic Dupatta,Fashion,1,499,499,CUST-81019,Website
UK-2026-100924,2026-02-09,South,Madras,Mirrorless Camera Lite,Electronics,1,28914,28914,CUST-27466,App
UK-2026-100780,2026-02-21,Central,Bhopal,Cotton Kurta Set,Fashion,1,1244,1244,CUST-89938,Website
UK-2026-100337,2026-01-27,North,  Noida,Noise-Cancelling Headphones,Electronics,1,8700,8700,CUST-98337,App
UK-2026-104222,2026-06-18,South,Chennai,Ultrabook Air 14,Electronics,3,30549,91647,CUST-61593,Marketplace
UK-2026-101433,2026-02-24,North,Delhi,Mixer Grinder 750W,Home & Kitchen,3,3422,10266,CUST-68628,Marketplace
UK-2026-103759,2026-05-31,West,Pune,Mixer Grinder 750W,Home & Kitchen,1,3383,3383,CUST-34532,App
UK-2026-100691,2026-01-08,South,Chennai,Slim Fit Jeans,Fashion,1,1668,1668,CUST-92367,App
UK-2026-101204,2026-02-17,South,Kochi,Robot Vacuum R7,Home & Kitchen,1,18250,18250,CUST-56907,Website
UK-2026-104258,2026-06-23,North,Noida,Dinner Set 24pc,Home & Kitchen,1,2456,2456,CUST-38313,App
UK-2026-104242,2026-06-04,North,Chandigarh,Air Fryer 5L,Home & Kitchen,1,5511,5511,CUST-94949,Marketplace
UK-2026-103757,2026-05-04,East,Bhubaneswar,Silk Saree,Fashion,1,3387,3387,CUST-66538,App
UK-2026-102135,2026-03-11,South,Chennai,Smart Watch X2,Electronics,1,4547,4547,CUST-46687,App
UK-2026-103769,2026-05-18,South,Hyderabad,Modern Wall Clock,Home & Kitchen,2,810,1620,CUST-57613,App
UK-2026-103281,2026-05-06,Central,Raipur,Power Bank 20000mAh,Electronics,1,1807,1807,CUST-43863,App
UK-2026-102140,03/03/2026,Central,Bhopal,Silk Saree,Fashion,1,3488,3488,CUST-50772,App
UK-2026-100630,2026-01-24,West,Surat,Cricket Bat English Willow,Sports,1,9310,9310,CUST-16665,Website
UK-2026-103578,2026-05-05,West,Mumbai,Smart Watch X2,Electronics,2,4325,8650,CUST-14252,Marketplace
UK-2026-104487,2026-06-13,South,Madras,Yoga Mat Pro,Sports,3,1210,3630,CUST-57721,Marketplace
UK-2026-101607,2026-03-20,South,Hyderabad,Badminton Racket Set,Sports,1,2575,2575,CUST-60801,Marketplace
UK-2026-103435,2026-05-21,West,Pune,Matte Lipstick Set,Beauty,1,935,935,CUST-15582,App
UK-2026-101448,2026-02-24,South,Hyderabad,Mirrorless Camera Lite,Electronics,2,29195,58390,CUST-42951,Marketplace
UK-2026-101295,2026-02-13,East,Bhubaneswar,Slim Fit Jeans,Fashion,1,1657,1657,CUST-97703,Website
UK-2026-101179,2026-02-01,West,Mumbai,Football Size 5,Sports,1,894,894,CUST-59094,Website
UK-2026-103131,2026-05-12,West,Mumbai,Denim Jacket,Fashion,1,2133,2133,CUST-10643,Marketplace
UK-2026-102924,2026-04-08,South,BLR,Air Fryer 5L,Home & Kitchen,2,5339,10678,CUST-98908,App
UK-2026-100042,2026-01-04,East,Patna,Yoga Mat Pro,Sports,1,1143,1143,CUST-17709,App
UK-2026-102043,2026-03-04,West,Ahmedabad,Mirrorless Camera Lite,Electronics,2,28585,57170,CUST-38356,App
UK-2026-104281,2026-06-25,South,Hyderabad,43-inch Smart TV,Electronics,1,26992,26992,CUST-82066,Marketplace
UK-2026-101677,2026-03-30,North,Noida,Silk Saree,Fashion,-1,3327,3327,CUST-10686,App
UK-2026-103767,2026-05-26,Central,Bhopal,Foldable Treadmill T2,Sports,1,24653,24653,CUST-63461,App
UK-2026-102635,2026-04-22,Central,Bhopal,Cotton Bedsheet Set,Home & Kitchen,1,1360,1360,CUST-18590,Marketplace
UK-2026-102757,2026-04-26,Central,Indore,Formal Shirt,Fashion,1,1047,1047,CUST-16022,App
UK-2026-104642,2026-06-25,East,Guwahati,Beard Grooming Kit,Beauty,2,970,1940,CUST-14633,App
UK-2026-103117,2026-05-12,North,Noida,Smart Watch X2,Electronics,1,4528,4528,CUST-16665,Marketplace
UK-2026-104955,2026-06-30,West,Ahmedabad,Running Sneakers,Fashion,1,2781,2781,CUST-72906,Marketplace
UK-2026-103929,2026-05-20,West,Pune,Badminton Racket Set,Sports,1,2400,2400,CUST-42504,Marketplace
UK-2026-104117,2026-06-18,South,Hyderabad,Cricket Bat English Willow,Sports,1,8820,8820,CUST-19695,App
UK-2026-100769,2026-02-25,North,Delhi,Mirrorless Camera Lite,Electronics,1,28545,28545,CUST-86106,App
UK-2026-101841,2026-03-17,North,Delhi,Cotton Kurta Set,Fashion,1,1337,1337,CUST-94068,Website
UK-2026-100466,2026-01-16,West,Mumbai,Mixer Grinder 750W,Home & Kitchen,1,3305,3305,CUST-77619,Website
UK-2026-102337,2026-04-30,North,Chandigarh,Non-Stick Cookware Set,Home & Kitchen,,2765,2765,CUST-85257,Website
UK-2026-103346,2026-05-23,South,Kochi,Noise-Cancelling Headphones,Electronics,1,9342,9342,CUST-21867,Marketplace
UK-2026-100768,2026-02-05,South,Bengaluru,Bluetooth Speaker Mini,Electronics,1,1551,1551,CUST-96796,Marketplace
UK-2026-100080,2026-01-12,Central,Bhopal,Vitamin C Serum,Beauty,1,697,697,CUST-69407,Marketplace
UK-2026-101120,2026-02-25,North,Noida,Denim Jacket,Fashion,3,2207,6621 INR,CUST-39960,App
UK-2026-101986,2026-03-21,East,Kolkata,Slim Fit Jeans,Fashion,1,1567,1567,CUST-68709,App
UK-2026-103680,2026-05-22,South,Bengaluru,Air Fryer 5L,Home & Kitchen,1,5464,5464,CUST-30983,Website
UK-2026-101773,2026-03-26,North,Chandigarh,Mirrorless Camera Lite,Electronics,2,30140,60280,CUST-63784,App
UK-2026-102425,2026-04-02,East,Guwahati,Mixer Grinder 750W,Home & Kitchen,1,3205,3205,CUST-59018,App
UK-2026-104546,2026-06-17,South,Chennai,Denim Jacket,Fashion,1,2176,2176,CUST-23420,Marketplace
UK-2026-101536,2026-03-11,West,Ahmedabad,Formal Shirt,Fashion,1,1121,,CUST-91296,Website
UK-2026-100482,2026-01-12,South,Kochi,Silk Saree,Fashion,2,3453,6906,CUST-48558,Website
UK-2026-103780,2026-05-23,,Patna,Bluetooth Speaker Mini,Electronics,1,1523,1523,CUST-13307,App
UK-2026-101350,2026-02-03,South,Kochi,Vitamin C Serum,Beauty,1,671,671,CUST-28985,App
UK-2026-101069,2026-02-15,Central,Bhopal,Electric Kettle 1.5L,Home & Kitchen,1,1082,1082,CUST-57123,App
UK-2026-104693,2026-06-08,North,Gurugram,Noise-Cancelling Headphones,Electronics,1,9038,9038,CUST-23982,App
UK-2026-104989,2026-06-30,South,Kochi,Non-Stick Cookware Set,Home & Kitchen,1,2877,2877,CUST-74789,App
UK-2026-102593,2026-04-02,West,Pune,Formal Shirt,Fashion,1,1121,1121,CUST-83258,Website
UK-2026-104778,2026-06-25,East,Bhubaneswar,Vitamin C Serum,Beauty,1,716,716,CUST-59564,App
UK-2026-103718,2026-05-19,West,Pune,Wireless Earbuds Pro,Electronics,1,2908,2908,CUST-58532,Marketplace
UK-2026-103595,2026-05-23,South,Kochi,Running Sneakers,Fashion,1,2718,2718,CUST-47745,Website
UK-2026-102917,2026-04-09,East,Guwahati,Cricket Bat English Willow,Sports,2,9378,18756,CUST-48558,App
UK-2026-100365,2026-01-13,South,Kochi,Beard Grooming Kit,Beauty,1,983,983,CUST-54259,App
UK-2026-100695,2026-01-27,East,Bhubaneswar,Face Wash Combo,Beauty,,467,1401,CUST-42551,App
UK-2026-100167,2026-01-01,Central,Raipur,Leather Wallet,Fashion,1,900,900,CUST-57968,App
UK-2026-100018,2026-01-24,South,Kochi,Ionic Hair Dryer,Beauty,1,1859,1859,CUST-40992,App
UK-2026-101395,2026-02-22,West,Mumbai,Smart Watch X2,Electronics,1,4636,4636 INR,CUST-10523,App
UK-2026-101798,2026-03-31,South,Chennai,Ethnic Dupatta,Fashion,1,513,513,CUST-88012,Website
UK-2026-103052,2026-04-26,North,Gurugram,Mirrorless Camera Lite,Electronics,2,29104,58208,CUST-84439,App
UK-2026-100270,2026-01-10,South,Chennai,Football Size 5,Sports,2,913,1826,CUST-73777,App
UK-2026-104323,2026-06-17,Central,Raipur,Noise-Cancelling Headphones,Electronics,1,9316,9316,CUST-98961,App
UK-2026-101738,2026-03-11,West,Pune,Ionic Hair Dryer,Beauty,2,1904,3808,CUST-88783,Website
UK-2026-100837,2026-02-12,Central,Raipur,Ethnic Dupatta,Fashion,2,499,998,CUST-18412,Marketplace
UK-2026-101371,2026-02-14,South,Chennai,43-inch Smart TV,Electronics,1,25989,25989,CUST-10391,Marketplace
UK-2026-102915,2026-04-13,West,Ahmedabad,Power Bank 20000mAh,Electronics,4,1790,7160,CUST-16143,Website
UK-2026-103088,2026-04-20,West,Surat,Dinner Set 24pc,Home & Kitchen,1,2461,2461,CUST-65168,Website
UK-2026-103417,2026-05-27,Central,Nagpur,Eau de Parfum 100ml,Beauty,1,2048,2048,CUST-63002,App
UK-2026-101038,2026-02-09,North,Delhi,Beard Grooming Kit,Beauty,1,1006,1006,CUST-91324,App
UK-2026-102874,2026-04-04,Central,Bhopal,  Silk Saree,Fashion,1,3643,3643,CUST-65321,Marketplace
UK-2026-101952,2026-03-15,West,Surat,Football Size 5,Sports,1,908,908,CUST-19195,App
UK-2026-104207,2026-06-04,South,Hyderabad,Running Sneakers,Fashion,1,2697,2697,CUST-69392,App
UK-2026-100947,15-02-26,South,Hyderabad,Silk Saree,Fashion,1,3590,3590,CUST-89320,Website
UK-2026-102641,2026-04-22,West,Pune,Ultrabook Air 14,Electronics,2,29754,59508,CUST-12037,Marketplace
UK-2026-101668,2026-03-07,South,Bengaluru,Cotton Kurta Set,Fashion,1,1238,1238,CUST-53252,App
UK-2026-104481,2026-06-19,West,Mumbai,Bluetooth Speaker Mini,Electronics,2,1537,3074,CUST-68192,Marketplace
UK-2026-100388,2026-01-24,North,Delhi,Electric Kettle 1.5L,Home & Kitchen,3,1105,3315,CUST-52143,App
UK-2026-102477,2026-04-16,West,Ahmedabad,Foldable Treadmill T2,Sports,1,26244,26244,CUST-85349,Website
UK-2026-102334,2026-04-10,West,Mumbai,Face Wash Combo,Beauty,1,465,465,CUST-86801,App
UK-2026-102599,2026-04-15,North,Noida   ,Wireless Earbuds Pro,Electronics,1,2982,2982,CUST-30388,Marketplace
UK-2026-102026,2026-03-13,North,Chandigarh,Mixer Grinder 750W,Home & Kitchen,1,3259,3259,CUST-86962,App
UK-2026-103978,2026-05-16,West,Mumbai,Modern Wall Clock,Home & Kitchen,1,785,785,CUST-33938,App
UK-2026-103021,2026-04-23,West,Mumbai,Electric Kettle 1.5L,Home & Kitchen,1,1119,1119,CUST-29677,App
UK-2026-104700,2026-06-23,South,Chennai,Ethnic Dupatta,Fashion,1,512,512,CUST-10200,Marketplace
UK-2026-100935,2026-02-02,South,Hyderabad,Denim Jacket,Fashion,1,2305,2305,CUST-87808,App
UK-2026-102659,2026-04-05,East,  Bhubaneswar,Bluetooth Speaker Mini,Electronics,1,1496,1496,CUST-67759,App
UK-2026-104787,2026-06-21,West,Mumbai,Sunscreen SPF50,Beauty,1,552,552,CUST-71461,Website
UK-2026-102105,2026-03-05,South,Bengaluru,Face Wash Combo,Beauty,1,448,448,CUST-42951,Website
UK-2026-102814,2026-04-21,South,Bengaluru,Sunscreen SPF50,Beauty,1,574,574,CUST-12852,App
UK-2026-103161,2026-05-12,West,Mumbai,Adjustable Dumbbells 15kg,Sports,1,4761,4761,CUST-50677,App
UK-2026-102297,2026-04-21,North,Gurugram,Smart Watch X2,Electronics,1,4405,4405,CUST-43972,Marketplace
UK-2026-102344,2026-04-17,South,Chennai,Ultrabook Air 14,Electronics,1,30218,30218,CUST-49801,Marketplace
UK-2026-103934,2026-05-19,West,Pune,Sunscreen SPF50,Beauty,2,559,1118,CUST-87450,Website
UK-2026-104142,2026-06-21,Central,Bhopal,Face Wash Combo,Beauty,2,462,924,CUST-61958,Website
UK-2026-101634,2026-03-22,South,Chennai,Robot Vacuum R7,Home & Kitchen,2,19765,39530,CUST-15990,Website
UK-2026-101830,2026-03-14,North,Gurugram,Vitamin C Serum,Beauty,2,732,1464,CUST-29097,Website
UK-2026-104570,2026-06-26,Central,Indore,Non-Stick Cookware Set,Home & Kitchen,1,2810,2810,CUST-20317,Website
UK-2026-100728,2026-02-01,South,Kochi,Non-Stick Cookware Set,Home & Kitchen,1,2954,2954,CUST-11335,App
UK-2026-103724,28-05-26,North,Delhi,Ethnic Dupatta,Fashion,1,518,518,CUST-34099,App
UK-2026-102617,2026-04-03,West,Mumbai,Mirrorless Camera Lite,Electronics,1,29595,29595,CUST-40650,App
UK-2026-102885,2026-04-11,West,Ahmedabad,Sunscreen SPF50,Beauty,1,566,566,CUST-94908,Marketplace
UK-2026-103153,2026-05-10,West,Surat,Dinner Set 24pc,Home & Kitchen,2,2624,5248,CUST-88268,App
UK-2026-104722,2026-06-10,East,Guwahati,Power Bank 20000mAh,Electronics,1,1867,1867 INR,CUST-73338,Marketplace
UK-2026-100604,2026-01-25,East,Guwahati,Dinner Set 24pc,Home & Kitchen,1,2566,2566,CUST-22301,App
UK-2026-101597,2026-03-06,North,Gurugram,Ultrabook Air 14,Electronics,3,29528,88584,CUST-89041,App
UK-2026-101310,2026-02-20,South,Kochi,Badminton Racket Set,Sports,2,2444,4888,CUST-38399,Marketplace
UK-2026-100005,2026-01-12,South,Hyderabad,Slim Fit Jeans,Fashion,1,1576,1576,CUST-81800,App
UK-2026-101833,2026-03-07,North,Noida,Denim Jacket,Fashion,1,2130,2130,CUST-54431,Website
UK-2026-101758,2026-03-11,South,Bengaluru,Ultrabook Air 14,Electronics,1,31414,31414,CUST-78683,Website
UK-2026-103464,2026-05-12,West,Bombay,Robot Vacuum R7,Home & Kitchen,1,19307,19307,CUST-17286,App
UK-2026-102575,2026-04-04,North,Chandigarh,Badminton Racket Set,Sports,2,2430,4860,CUST-42100,Marketplace
UK-2026-101015,2026-02-22,Central,Raipur,Cotton Kurta Set,Fashion,1,1267,1267,CUST-18448,App
UK-2026-102416,2026-04-08,West,Surat,Cycling Helmet,Sports,1,1608,1608,CUST-39157,Website
UK-2026-100003,2026-01-15,South,Kochi,Wireless Earbuds Pro,Electronics,1,2912,2912,CUST-10543,Website
UK-2026-104237,29/06/2026,West,Pune,Adjustable Dumbbells 15kg,Sports,1,4871,4871,CUST-39105,Website
UK-2026-100319,2026-01-29,South,Kochi,Modern Wall Clock,Home & Kitchen,1,806,806,CUST-91847,Website
UK-2026-104469,2026-06-13,South,Chennai,Wireless Earbuds Pro,Electronics,4,3124,12496,CUST-76396,Marketplace
UK-2026-102008,2026-03-30,South,Bengaluru,Smart Watch X2,Electronics,3,4522,13566,CUST-81057,Marketplace
UK-2026-102368,2026-04-04,North,Gurugram,Adjustable Dumbbells 15kg,Sports,4,4921,19684,CUST-76863,App
UK-2026-100126,2026-01-20,West,Ahmedabad,Ionic Hair Dryer,Beauty,1,1936,1936,CUST-17285,App
UK-2026-102590,2026-04-04,South,Chennai,Mixer Grinder 750W,Home & Kitchen,1,3172,3172,CUST-29206,App
UK-2026-102574,2026-04-10,South,Kochi,Modern Wall Clock,Home & Kitchen,2,827,1654,CUST-23640,App
UK-2026-101309,2026-02-20,South,Hyderabad,Mixer Grinder 750W,Home & Kitchen,2,3153,6306,CUST-41313,App
UK-2026-100662,2026-01-30,South,Kochi,Denim Jacket,Fashion,1,2226,2226,CUST-72019,App
UK-2026-102008,2026-03-30,South,Bengaluru,Smart Watch X2,Electronics,3,4522,13566,CUST-81057,Marketplace
UK-2026-103650,2026-05-29,South,Kochi,Sunscreen SPF50,Beauty,4,566,2264,CUST-42903,Website
UK-2026-102721,2026-04-01,South,Hyderabad,Electric Kettle 1.5L,Home & Kitchen,1,1087,1087,CUST-79702,Website
UK-2026-100612,12/01/2026,East,Patna,Mirrorless Camera Lite,Electronics,1,30097,30097,CUST-58505,Website
UK-2026-104227,2026-06-17,West,Mumbai,43-inch Smart TV,Electronics,1,25383,25383,CUST-50532,App
UK-2026-101364,2026-02-19,South,Kochi,Air Fryer 5L,Home & Kitchen,1,5773,5773,CUST-58864,App
UK-2026-100605,2026-01-11,South,Bengaluru,Sunscreen SPF50,Beauty,1,573,573,CUST-36582,Marketplace
UK-2026-104134,2026-06-21,West,Bombay,Cotton Kurta Set,Fashion,2,1298,2596,CUST-30924,Website
UK-2026-104942,2026-06-24,North,Noida,Beard Grooming Kit,Beauty,2,968,1936,CUST-62493,App
UK-2026-101400,2026-02-24,Central,Raipur,Cotton Kurta Set,Fashion,3,1244,3732,CUST-79522,App
UK-2026-102927,2026-04-25,South,Hyderabad,Ionic Hair Dryer,Beauty,1,1821,1821,CUST-99876,Marketplace
UK-2026-102122,2026-03-06,North,Chandigarh,Ethnic Dupatta,Fashion,2,500,1000,CUST-93263,Website
UK-2026-101885,2026-03-16,East,Guwahati,Ethnic Dupatta,Fashion,1,507,,CUST-71007,Website
UK-2026-104441,2026-06-11,West,Surat,Ultrabook Air 14,Electronics,1,28765,28765,CUST-72148,App
UK-2026-103140,2026-05-05,North,Gurugram,Foldable Treadmill T2,Sports,2,25898,51796,CUST-31584,App
UK-2026-104855,2026-06-05,West,Surat,Cotton Bedsheet Set,Home & Kitchen,1,1454,1454,CUST-50093,App
UK-2026-104507,2026-06-11,West,Pune,Football Size 5,Sports,1,876,876,CUST-46106,Website
UK-2026-103982,2026-05-30,East,Patna,Cotton Kurta Set,Fashion,2,1242,2484,CUST-13399,App
UK-2026-101283,2026-02-02,West,Mumbai,Vitamin C Serum,Beauty,1,723,723,CUST-19037,Website
UK-2026-100545,2026-01-25,West,Mumbai,Mixer Grinder 750W,Home & Kitchen,1,3424,3424,CUST-50215,Marketplace
UK-2026-102028,2026-03-04,South,Hyderabad,Ethnic Dupatta,Fashion,2,522,"₹1,044",CUST-84752,Website
UK-2026-101215,2026-02-09,West,Ahmedabad,Cycling Helmet,Sports,2,1610,3220,CUST-34468,Website
UK-2026-103806,2026-05-06,North,Gurugram,Face Wash Combo,Beauty,1,466,466,CUST-12841,App
UK-2026-103702,"May 12, 2026",North,Noida,Cotton Bedsheet Set,Home & Kitchen,1,1459,1459,CUST-30408,App
UK-2026-100425,2026-01-17,West,Ahmedabad,Electric Kettle 1.5L,Home & Kitchen,1,1048,1048,CUST-84152,App
UK-2026-103690,2026-05-06,South,Kochi,Electric Kettle 1.5L,Home & Kitchen,2,1075,2150,CUST-25818,Website
UK-2026-103358,2026-05-07,South,Bengaluru,Ionic Hair Dryer,Beauty,1,1933,1933,CUST-32850,App
UK-2026-104499,2026-06-11,Central,Indore,Face Wash Combo,Beauty,2,436,872,CUST-63461,App
UK-2026-103030,2026-04-29,South,Hyderabad,Cycling Helmet,Sports,2,1530,3060,CUST-81019,Website
UK-2026-101943,30/03/2026,South,Kochi,Vitamin C Serum,Beauty,1,723,723,CUST-66131,App
UK-2026-102249,2026-04-24,Central,Indore,vitamin c serum,Beauty,1,665,665,CUST-71113,App
UK-2026-102904,2026-04-21,Central,Indore,Noise-Cancelling Headphones,Electronics,1,8571,8571,CUST-60821,App
UK-2026-103314,2026-05-08,North,New Delhi,Robot Vacuum R7,Home & Kitchen,1,18401,18401,CUST-80886,App
UK-2026-103087,2026-04-18,East,Guwahati,Dinner Set 24pc,Home & Kitchen,2,2597,5194,CUST-49281,Marketplace
UK-2026-100569,2026-01-12,South,Chennai,Cotton Bedsheet Set,Home & Kitchen,1,1436,1436,CUST-28685,App
UK-2026-101498,2026-03-15,Central,Indore,Cotton Bedsheet Set,Home & Kitchen,1,1440,1440,CUST-19037,Website
UK-2026-100387,2026-01-28,East,Bhubaneswar,Face Wash Combo,Beauty,3,441,1323,CUST-23420,Website
UK-2026-102842,2026-04-24,East,Kolkata,Mirrorless Camera Lite,Electronics,1,29420,29420,CUST-94892,App
UK-2026-102370,2026-04-08,North,Gurugram,Power Bank 20000mAh,Electronics,4,1733,6932,CUST-64988,Website
UK-2026-101243,2026-02-08,Central,Indore,Mixer Grinder 750W,Home & Kitchen,2,3369,6738,CUST-27473,Marketplace
UK-2026-101967,2026-03-12,West,Pune,Smart Watch X2,Electronics,,4340,17360,CUST-33135,Website
UK-2026-101844,2026-03-19,South,Chennai,Leather Wallet,Fashion,1,873,873,CUST-71388,Marketplace
UK-2026-102670,2026-04-03,East,Patna,Vitamin C Serum,Beauty,2,700,1400,CUST-73323,App
UK-2026-100941,2026-02-06,West,Ahmedabad,Ultrabook Air 14,Electronics,2,30365,60730,CUST-63601,App
UK-2026-104650,2026-06-20,West,Ahmedabad,Makeup Brush Set,Beauty,1,1302,1302,CUST-73605,Website
UK-2026-100733,2026-02-04,West,Mumbai,Ultrabook Air 14,Electronics,1,30332,30332,CUST-49255,App
UK-2026-104157,2026-06-12,West,Mumbai,Eau de Parfum 100ml,Beauty,1,2098,2098,CUST-19955,Website
UK-2026-103488,2026-05-14,West,Surat,Power Bank 20000mAh,Electronics,1,1845,1845,CUST-49281,Marketplace
UK-2026-104437,2026-06-19,North,Gurugram,Robot Vacuum R7,Home & Kitchen,1,18320,18320,CUST-91139,App
UK-2026-103564,2026-05-07,West,Mumbai,Gym Gloves,Sports,1,506,506,CUST-94130,App
UK-2026-102682,2026-04-19,Central,Bhopal,Cotton Kurta Set,Fashion,1,1300,1300,CUST-56316,App
UK-2026-101513,2026-03-23,West,Mumbai,Smart Watch X2,Electronics,1,4593,4593,CUST-15990,Marketplace
UK-2026-100572,2026-01-10,North,Gurugram,Football Size 5,Sports,1,919,919,CUST-12923,Website
UK-2026-103225,2026-05-19,South,Kochi,Foldable Treadmill T2,Sports,1,23805,23805,CUST-53189,App
UK-2026-102052,2026-03-18,West,Ahmedabad,Denim Jacket,Fashion,1,2109,2109,CUST-24384,Website
UK-2026-100077,2026-01-19,Central,Bhopal,Non-Stick Cookware Set,Home & Kitchen,1,2918,"2,918.00",CUST-50093,App
UK-2026-102525,2026-04-12,Central,Raipur,Yoga Mat Pro,Sports,2,1191,2382,CUST-13282,Website
UK-2026-101921,2026-03-19,Central,Nagpur,Robot Vacuum R7,Home & Kitchen,1,18357,18357,CUST-24076,App
UK-2026-100702,2026-01-26,North,Chandigarh,Sunscreen SPF50,Beauty,1,543,543,CUST-97296,App
UK-2026-103711,2026-05-15,South,Kochi,Electric Kettle 1.5L,Home & Kitchen,1,1134,1134,CUST-51689,App
UK-2026-102143,2026-03-24,North,Delhi,Leather Wallet,Fashion,1,905,905,CUST-33281,App
UK-2026-103973,2026-05-25,North,Delhi,Noise-Cancelling Headphones,Electronics,1,8959,8959,CUST-19279,Marketplace
UK-2026-100447,2026-01-08,West,Surat,Cotton Kurta Set,Fashion,1,1303,1303,CUST-97291,App
UK-2026-103713,2026-05-16,South,Hyderabad,Cycling Helmet,Sports,1,1565,1565,CUST-57634,Marketplace
UK-2026-101596,2026-03-15,North,Delhi,Running Sneakers,Fashion,1,2890,2890,CUST-51748,App
UK-2026-104902,2026-06-08,South,Kochi,43-inch Smart TV,Electronics,1,26998,26998,CUST-86974,App
UK-2026-103451,2026-05-12,South,Cochin,Running Sneakers,Fashion,4,2915,11660,CUST-30924,Website
UK-2026-100708,2026-01-28,East,Guwahati,Robot Vacuum R7,Home & Kitchen,1,19536,19536,CUST-46300,App
UK-2026-101165,2026-02-08,South,Hyderabad,Robot Vacuum R7,Home & Kitchen,1,19033,19033,CUST-88201,App
UK-2026-100022,2026-01-12,East,Kolkata,Dinner Set 24pc,Home & Kitchen,1,2578,2578,CUST-21190,App
UK-2026-101605,2026-03-08,South,Bengaluru,Vitamin C Serum,Beauty,1,733,733,CUST-63009,Website
UK-2026-104399,2026-06-12,West,Pune,Sunscreen SPF50,Beauty,2,564,1128,CUST-12252,Marketplace
UK-2026-102465,2026-04-12,North,Gurugram,Air Fryer 5L,Home & Kitchen,2,5722,11444,CUST-15536,Marketplace
UK-2026-103071,2026-04-11,Central,Bhopal,Robot Vacuum R7,Home & Kitchen,1,18975,18975,CUST-95794,Website
UK-2026-100529,"Jan 5, 2026",North,Delhi,Ethnic Dupatta,Fashion,1,518,518,CUST-80041,Website
UK-2026-103524,2026-05-11,,Surat,Adjustable Dumbbells 15kg,Sports,1,4973,4973,CUST-10140,Website
UK-2026-102118,2026-03-24,North,Gurugram,Mixer Grinder 750W,Home & Kitchen,1,3276,3276,CUST-56595,App
UK-2026-104277,2026-06-22,South,Chennai,Robot Vacuum R7,Home & Kitchen,1,19432,19432,CUST-47302,Website
UK-2026-103293,2026-05-28,East,Guwahati,Cotton Bedsheet Set,Home & Kitchen,2,1380,2760,CUST-35597,App
UK-2026-101619,2026-03-02,South,Hyderabad,Air Fryer 5L,Home & Kitchen,1,5589,5589,CUST-46088,Website
UK-2026-103950,2026-05-30,West,Mumbai,Cotton Kurta Set,Fashion,1,1235,1235,CUST-26522,Website
UK-2026-104579,2026-06-16,West,Surat,Non-Stick Cookware Set,Home & Kitchen,1,2988,2988,CUST-18625,App
UK-2026-101324,27-02-26,South,Hyderabad,Noise-Cancelling Headphones,Electronics,1,8846,8846,CUST-48782,Marketplace
UK-2026-102877,2026-04-16,South,Hyderabad,Wireless Earbuds Pro,Electronics,1,2950,2950,CUST-89730,Marketplace
UK-2026-103665,2026-05-04,North,Gurugram,Face Wash Combo,Beauty,2,442,884,CUST-48558,App
UK-2026-104285,2026-06-18,,Guwahati,Denim Jacket,Fashion,1,2122,2122,CUST-53817,App
UK-2026-104276,2026-06-17,Central,Raipur,Football Size 5,Sports,2,900,1800,CUST-18288,App
UK-2026-104781,2026-06-07,West,Mumbai,Noise-Cancelling Headphones,Electronics,1,9421,9421,CUST-53767,Website
UK-2026-101280,2026-02-28,Central,Indore,Football Size 5,Sports,2,938,1876,CUST-33135,Website
UK-2026-104307,2026-06-01,North,Gurugram,Wireless Earbuds Pro,Electronics,2,3071,6142,CUST-58770,Website
UK-2026-103811,2026-05-29,North,Chandigarh,Cotton Kurta Set,Fashion,1,1322,1322,CUST-78383,Marketplace
UK-2026-102267,2026-04-08,West,Pune,43-inch Smart TV,Electronics,1,25454,25454,CUST-72424,App
UK-2026-103374,2026-05-26,North,Delhi,Leather Wallet,Fashion,1,890,890,CUST-38980,Marketplace
UK-2026-104649,2026-06-04,South,Kochi,Slim Fit Jeans,Fashion,2,1559,3118,CUST-87104,Marketplace
UK-2026-102578,2026-04-10,North,Delhi,Wireless Earbuds Pro,Electronics,1,2953,2953,CUST-22101,Website
UK-2026-103138,2026-05-07,West,Ahmedabad,smart watch x2,Electronics,1,4406,4406,CUST-16737,Website
UK-2026-100064,2026-01-21,East,Patna,Football Size 5,Sports,1,869,869,CUST-22099,App
UK-2026-104852,2026-06-04,West,Ahmedabad,Eau de Parfum 100ml,Beauty,1,2003,2003,CUST-57193,Website
UK-2026-103726,"May 27, 2026",South,Bengaluru,Vitamin C Serum,Beauty,2,681,1362,CUST-83045,App
UK-2026-103266,2026-05-31,South,Hyderabad,Slim Fit Jeans,Fashion,2,1542,3084,CUST-10658,Website
UK-2026-101903,2026-03-09,North,Delhi,Noise-Cancelling Headphones,Electronics,3,9246,27738,CUST-16258,App
UK-2026-104344,2026-06-27,North,Chandigarh,Foldable Treadmill T2,Sports,1,26028,26028,CUST-89462,Marketplace
UK-2026-100560,2026-01-09,West,Mumbai,Makeup Brush Set,Beauty,3,1311,3933,CUST-18448,Website
UK-2026-102157,2026-03-20,Central,Nagpur,Eau de Parfum 100ml,Beauty,1,1973,1973,CUST-91334,App
UK-2026-100610,2026-01-13,South,Bengaluru,Silk Saree,Fashion,1,3489,3489,CUST-36148,App
UK-2026-103137,25/05/2026,South,Chennai,Modern Wall Clock,Home & Kitchen,1,767,767,CUST-11184,Marketplace
UK-2026-104854,2026-06-08,Central,Bhopal,Football Size 5,Sports,1,886,886,CUST-47727,Marketplace
UK-2026-100888,2026-02-16,South,Chennai,Running Sneakers,Fashion,1,2884,2884,CUST-36668,App
UK-2026-103173,2026-05-29,West,Pune,Noise-Cancelling Headphones,Electronics,1,9317,9317,CUST-29297,Marketplace
UK-2026-103330,2026-05-24,Central,Nagpur,Matte Lipstick Set,Beauty,1,902,902,CUST-73719,Website
UK-2026-100886,2026-02-21,East,Bhubaneswar,Power Bank 20000mAh,Electronics,1,1825,1825,CUST-43459,Marketplace
UK-2026-100930,2026-02-26,South,Chennai,Formal Shirt,Fashion,1,1049,1049,CUST-97770,Marketplace
UK-2026-103054,2026-04-15,West,Pune,Cotton Bedsheet Set,Home & Kitchen,1,1423,1423,CUST-17668,App
UK-2026-104495,2026-06-19,South,Chennai,Cotton Bedsheet Set,Home & Kitchen,2,1414,2828,CUST-39257,App
UK-2026-103364,2026-05-24,North,Chandigarh,Ultrabook Air 14,Electronics,1,28887,28887,CUST-47687,Marketplace
UK-2026-104239,2026-06-15,South,Hyderabad,Football Size 5,Sports,2,880,1760,CUST-95170,App
UK-2026-101608,2026-03-24,East,Guwahati,Foldable Treadmill T2,Sports,3,24722,74166,CUST-23055,App
UK-2026-101403,2026-02-03,North,Chandigarh,Bluetooth Speaker Mini,Electronics,1,1530,1530,CUST-15856,Website
UK-2026-100651,2026-01-18,East,patna,Makeup Brush Set,Beauty,1,1284,1284,CUST-15856,Website
UK-2026-104074,2026-06-25,East,Patna,Slim Fit Jeans,Fashion,2,1558,3116,CUST-94949,Marketplace
UK-2026-102980,2026-04-10,East,Patna,Football Size 5,Sports,3,883,2649,CUST-39746,App
UK-2026-100266,2026-01-26,West,Mumbai,Mixer Grinder 750W,Home & Kitchen,2,3237,6474,CUST-92302,App
UK-2026-103602,2026-05-04,West,Mumbai,Dinner Set 24pc,Home & Kitchen,1,2609,2609,CUST-98668,App
UK-2026-100775,2026-02-11,West,Mumbai,Ethnic Dupatta,Fashion,1,517,517,CUST-90171,App
UK-2026-104707,2026-06-05,North,Delhi,Ionic Hair Dryer,Beauty,2,1846,3692,CUST-32361,App
UK-2026-104827,2026-06-13,South,Hyderabad,Silk Saree,Fashion,2,3467,6934,CUST-86076,Website
UK-2026-104779,2026-06-10,West,Ahmedabad,Slim Fit Jeans,Fashion,1,1564,1564,CUST-88194,Website
UK-2026-101872,2026-03-19,South,Hyderabad,Matte Lipstick Set,Beauty,1,864,,CUST-48858,Website
UK-2026-103993,2026-05-20,South,Chennai,Badminton Racket Set,Sports,1,2513,2513,CUST-65820,App
UK-2026-104298,2026-06-07,North,Gurugram,43-inch Smart TV,Electronics,1,24727,24727,CUST-58032,Marketplace
UK-2026-104102,2026-06-16,South,Chennai,Cricket Bat English Willow,Sports,3,8641,25923,CUST-80465,Website
UK-2026-104214,2026-06-23,East,Bhubaneswar,Ethnic Dupatta,Fashion,1,481,481,CUST-85565,App
UK-2026-101344,2026-02-25,West,Ahmedabad,Makeup Brush Set,Beauty,2,1308,2616,CUST-65098,App
UK-2026-104910,2026-06-17,East,Guwahati,Dinner Set 24pc,Home & Kitchen,1,2492,2492,CUST-99655,App
UK-2026-100536,2026-01-02,West,Mumbai,Dinner Set 24pc,Home & Kitchen,1,2474,2474,CUST-87873,App
UK-2026-101278,2026-02-28,East,Kolkata,Mirrorless Camera Lite,Electronics,1,27562,27562,CUST-24583,Marketplace
UK-2026-100258,2026-01-18,West,Surat,Cotton Kurta Set,Fashion,2,1293,2586,CUST-50058,App
UK-2026-101572,2026-03-05,East,Patna,Smart Watch X2,Electronics,1,4515,,CUST-53252,App
UK-2026-100787,2026-02-09,North,Noida,Denim Jacket,Fashion,1,2250,2250,CUST-42504,Website
UK-2026-100138,2026-01-31,North,Gurugram,Bluetooth Speaker Mini,Electronics,1,1511,1511,CUST-25847,Website
UK-2026-101462,2026-03-30,South,Bengaluru,Robot Vacuum R7,Home & Kitchen,2,19290,38580,CUST-82932,Marketplace
UK-2026-104498,2026-06-24,Central,Bhopal,Wireless Earbuds Pro,Electronics,1,3133,3133 INR,CUST-18041,Website
UK-2026-102642,2026-04-26,South,Chennai,Adjustable Dumbbells 15kg,Sports,1,4757,4757,CUST-19431,Website
UK-2026-100552,2026-01-31,South,Kochi,Mirrorless Camera Lite,Electronics,2,27739,55478,CUST-81569,Marketplace
UK-2026-101470,2026-03-24,Central,Indore,Cotton Bedsheet Set,Home & Kitchen,2,1464,2928,CUST-70966,Marketplace
UK-2026-103865,2026-05-20,West,Ahmedabad,Beard Grooming Kit,Beauty,1,1039,1039,CUST-93215,App
UK-2026-102221,2026-03-18,North,Chandigarh,Silk Saree,Fashion,1,3532,3532,CUST-90391,App
UK-2026-102360,2026-04-28,West,Ahmedabad,Yoga Mat Pro,Sports,2,1172,2344,CUST-52964,Marketplace
UK-2026-103268,2026-05-13,Central,Bhopal,Formal Shirt,Fashion,1,1113,1113,CUST-87083,Website
UK-2026-104075,2026-06-14,North,Chandigarh,Slim Fit Jeans,Fashion,1,1637,1637,CUST-39389,Website
UK-2026-102779,2026-04-06,North,Delhi,Smart Watch X2,Electronics,2,4565,9130,CUST-57634,Website
UK-2026-103892,2026-05-01,North,Delhi,Face Wash Combo,Beauty,1,435,435,CUST-15004,Website
UK-2026-102029,2026-03-30,South,Kochi,Adjustable Dumbbells 15kg,Sports,1,5005,5005,CUST-16143,Website
UK-2026-100808,2026-02-11,South,Chennai,Beard Grooming Kit,Beauty,1,985,985,CUST-53252,Website
UK-2026-103497,2026-05-15,East,Guwahati,43-inch Smart TV,Electronics,1,24775,24775,CUST-72279,Website
UK-2026-104839,2026-06-20,North,Delhi,43-inch Smart TV,Electronics,1,26896,26896,CUST-17089,Website
UK-2026-103704,2026-05-23,South,Hyderabad,Cricket Bat English Willow,Sports,1,8640,8640,CUST-91082,Marketplace
UK-2026-103541,2026-05-12,West,Mumbai,Mixer Grinder 750W,Home & Kitchen,2,3309,6618,CUST-34790,App
UK-2026-103835,2026-05-19,West,Surat,Smart Watch X2,Electronics,1,4323,,CUST-20601,Marketplace
UK-2026-103109,2026-05-29,South,Bengaluru,Ultrabook Air 14,Electronics,1,28810,28810,CUST-79230,Marketplace
UK-2026-101196,2026-02-18,West,Mumbai,Non-Stick Cookware Set,Home & Kitchen,1,2901,2901,CUST-25977,Marketplace
UK-2026-103484,2026-05-01,South,Chennai,Robot Vacuum R7,Home & Kitchen,1,19096,19096,CUST-91330,App
UK-2026-101511,2026-03-03,North,Gurgaon,Ethnic Dupatta,Fashion,1,510,510,CUST-93215,App
UK-2026-102270,2026-04-28,West,Mumbai,Ethnic Dupatta,Fashion,2,501,1002,CUST-85573,Website
UK-2026-102197,2026-03-03,North,Gurugram,Sunscreen SPF50,Beauty,3,535,1605,CUST-93306,App
UK-2026-103114,2026-05-16,East,Guwahati,Modern Wall Clock,Home & Kitchen,1,816,816,CUST-97828,Website
UK-2026-102949,2026-04-15,South,Bengaluru,Ethnic Dupatta,Fashion,1,504,504,CUST-20448,App
UK-2026-104500,2026-06-23,South,Chennai,Makeup Brush Set,Beauty,1,1268,1268,CUST-18699,App
UK-2026-101027,2026-02-10,West,Surat,Ultrabook Air 14,Electronics,3,30891,92673,CUST-82324,Website
UK-2026-100694,2026-01-13,North,Gurugram,Noise-Cancelling Headphones,Electronics,2,8839,17678,CUST-82004,Marketplace
UK-2026-102207,2026-03-27,Central,Indore,Power Bank 20000mAh,Electronics,2,1729,3458,CUST-55182,App
UK-2026-100828,2026-02-04,West,Pune,Non-Stick Cookware Set,Home & Kitchen,2,2924,,CUST-49605,Website
UK-2026-101463,2026-03-16,South,Hyderabad,Electric Kettle 1.5L,Home & Kitchen,1,1100,1100,CUST-78363,Website
UK-2026-100449,2026-01-28,Central,Raipur,Non-Stick Cookware Set,Home & Kitchen,1,2963,2963,CUST-90024,Website
UK-2026-100356,2026-01-30,North,Delhi,Silk Saree,Fashion,3,3616,10848,CUST-33496,Website
UK-2026-102948,2026-04-10,East,Bhubaneswar,Denim Jacket,Fashion,1,2173,2173,CUST-31086,Website
UK-2026-102759,2026-04-03,East,Kolkata,Power Bank 20000mAh,Electronics,3,1790,5370,CUST-94908,Website
UK-2026-104466,2026-06-21,South,Chennai,Robot Vacuum R7,Home & Kitchen,2,19516,39032,CUST-36862,Marketplace
UK-2026-104982,2026-06-04,North,Noida,Cotton Kurta Set,Fashion,1,1277,1277,CUST-85805,Website
UK-2026-102970,2026-04-01,South,Chennai,43-inch Smart TV,Electronics,1,27238,27238,CUST-87083,Website
UK-2026-101102,2026-02-12,North,Chandigarh,Formal Shirt,Fashion,2,1099,,CUST-69623,Website
UK-2026-100003,2026-01-15,South,Kochi,Wireless Earbuds Pro,Electronics,1,2912,2912,CUST-10543,Website
UK-2026-104930,2026-06-19,West,Ahmedabad,Mirrorless Camera Lite,Electronics,3,28579,85737,CUST-58864,Marketplace
UK-2026-100696,2026-01-22,North,Chandigarh,Non-Stick Cookware Set,Home & Kitchen,2,3028,6056,CUST-26686,App
UK-2026-101629,2026-03-11,North,Delhi,Air Fryer 5L,Home & Kitchen,1,5715,5715,CUST-80741,App
UK-2026-102286,2026-04-25,North,Noida,Football Size 5,Sports,2,883,1766,CUST-12841,App
UK-2026-100145,2026-01-11,North,Delhi,Eau de Parfum 100ml,Beauty,4,2012,8048,CUST-70674,Website
UK-2026-101714,2026-03-17,North,Noida,Mixer Grinder 750W,Home & Kitchen,1,3240,,CUST-83258,App
UK-2026-100893,26-02-26,South,Chennai,Formal Shirt,Fashion,1,1136,1136,CUST-77133,App
UK-2026-101020,2026-02-03,North,Delhi,Mirrorless Camera Lite,Electronics,1,28182,28182 INR,CUST-85257,App
UK-2026-102675,2026-04-06,North,Chandigarh,Running Sneakers,Fashion,2,2746,5492,CUST-61290,App
UK-2026-102042,2026-03-27,North,Delhi,Ethnic Dupatta,Fashion,1,497,497,CUST-97463,Marketplace
UK-2026-102592,2026-04-11,South,Hyderabad,Yoga Mat Pro,Sports,4,1204,4816,CUST-51567,Website
UK-2026-103890,2026-05-28,Central,Indore,Makeup Brush Set,Beauty,1,1316,1316,CUST-44986,Website
UK-2026-100475,2026-01-26,North,Chandigarh,43-inch Smart TV,Electronics,2,24732,49464,CUST-63763,Marketplace
UK-2026-104030,2026-06-11,West,Surat,Ethnic Dupatta,Fashion,1,506,506,CUST-62013,Marketplace
UK-2026-101374,2026-02-22,South,Kochi,Electric Kettle 1.5L,Home & Kitchen,1,1125,1125,CUST-83045,Website
UK-2026-103851,2026-05-19,West,Mumbai,Running Sneakers,Fashion,1,2709,2709,CUST-24076,Marketplace
UK-2026-100705,2026-01-15,West,Surat,Denim Jacket,Fashion,1,2274,2274,CUST-91334,App
UK-2026-104190,2026-06-16,South,Hyderabad,Football Size 5,Sports,4,869,3476,CUST-42881,Marketplace
UK-2026-101009,2026-02-25,South,Chennai,Electric Kettle 1.5L,Home & Kitchen,1,1087,1087,CUST-12721,Website
UK-2026-104491,2026-06-11,South,Hyderabad,Power Bank 20000mAh,Electronics,1,1826,1826,CUST-99597,Website
UK-2026-104471,2026-06-11,Central,Raipur,Ultrabook Air 14,Electronics,1,30043,30043,CUST-77291,App
UK-2026-104531,2026-06-01,Central,Raipur,Face Wash Combo,Beauty,1,428,428,CUST-98362,App
UK-2026-104239,2026-06-15,South,Hyderabad,Football Size 5,Sports,2,880,1760,CUST-95170,App
UK-2026-103204,2026-05-15,West,Pune,Ultrabook Air 14,Electronics,1,29372,29372,CUST-98502,App
UK-2026-101832,2026-03-13,South,Chennai,Running Sneakers,Fashion,1,2917,2917,CUST-60227,Website
UK-2026-104687,2026-06-03,North,Delhi,Mirrorless Camera Lite,Electronics,3,28651,85953,CUST-62592,Marketplace
UK-2026-104088,2026-06-17,West,Ahmedabad,Badminton Racket Set,Sports,1,2504,2504,CUST-10369,Marketplace
UK-2026-104966,2026-06-24,West,Ahmedabad,Mirrorless Camera Lite,Electronics,1,27738,27738,CUST-84081,Website
UK-2026-103611,2026-05-09,North,Gurugram,Non-Stick Cookware Set,Home & Kitchen,1,3014,3014,CUST-31432,Website
UK-2026-100023,2026-01-06,North,Noida,Cotton Kurta Set,Fashion,1,1275,1275,CUST-10200,Website
UK-2026-100684,2026-01-08,East,Bhubaneswar,Cycling Helmet,Sports,4,1602,6408,CUST-36905,App
UK-2026-100537,2026-01-12,East,Guwahati,Dinner Set 24pc,Home & Kitchen,1,2546,2546,CUST-33938,Website
UK-2026-101327,2026-02-14,West,Pune,Running Sneakers,Fashion,1,2752,2752,CUST-79412,Website
UK-2026-103387,2026-05-14,South,Chennai,Running Sneakers,Fashion,1,2904,2904,CUST-70987,App
UK-2026-101037,2026-02-11,Central,Nagpur,Modern Wall Clock,Home & Kitchen,1,808,808,CUST-50541,App
UK-2026-103033,2026-04-29,East,Guwahati,Robot Vacuum R7,Home & Kitchen,1,19931,19931,CUST-91139,Marketplace
UK-2026-100048,15/01/2026,South,Chennai,Sunscreen SPF50,Beauty,1,555,555,CUST-66078,Marketplace
UK-2026-102289,2026-04-09,West,Surat,Robot Vacuum R7,Home & Kitchen,,18892,18892,CUST-77426,App
UK-2026-102138,2026-03-19,West,Pune,Matte Lipstick Set,Beauty,1,896,896,CUST-69997,Website
UK-2026-103010,2026-04-25,Central,Bhopal,Cotton Bedsheet Set,Home & Kitchen,1,1359,1359,CUST-32977,Website
UK-2026-101116,2026-02-10,,Ahmedabad,Ethnic Dupatta,Fashion,1,492,492,CUST-62113,App
UK-2026-100170,2026-01-25,South,Hyderabad,Sunscreen SPF50,Beauty,1,554,554,CUST-12328,App
UK-2026-104528,2026-06-16,West,Surat,  Noise-Cancelling Headphones,Electronics,1,8632,8632,CUST-77767,Marketplace
UK-2026-103205,2026-05-28,West,Mumbai,Air Fryer 5L,Home & Kitchen,3,5425,16275,CUST-16977,App
UK-2026-103511,2026-05-16,West,Bombay,43-inch Smart TV,Electronics,1,25746,25746,CUST-56217,Marketplace
UK-2026-100403,2026-01-07,South,Bengaluru,Ultrabook Air 14,Electronics,1,30935,30935,CUST-72990,App
UK-2026-100522,2026-01-04,North,Gurugram,Smart Watch X2,Electronics,1,4636,4636,CUST-53032,App
UK-2026-103877,2026-05-05,East,Bhubaneswar,Badminton Racket Set,Sports,2,2596,5192,CUST-66059,App
UK-2026-100360,2026-01-25,North,Gurugram,Bluetooth Speaker Mini,Electronics,2,1457,2914,CUST-88527,Marketplace
UK-2026-104130,2026-06-20,West,Ahmedabad,Cotton Kurta Set,Fashion,1,1245,1245,CUST-60520,App
UK-2026-104206,2026-06-17,North,Chandigarh,Slim Fit Jeans,Fashion,1,1648,1648,CUST-56789,App
UK-2026-104403,2026-06-04,North,Delhi,Cricket Bat English Willow,Sports,1,9289,9289,CUST-29795,App
UK-2026-101928,2026-03-14,West,Pune,Matte Lipstick Set,Beauty,1,881,881 INR,CUST-14147,App
UK-2026-103688,2026-05-29,North,Chandigarh,Slim Fit Jeans,Fashion,3,1542,4626,CUST-11093,App
UK-2026-103377,2026-05-06,North,New Delhi,Noise-Cancelling Headphones,Electronics,1,8793,8793,CUST-84439,Marketplace
UK-2026-101096,2026-02-08,North,Gurugram,Cotton Bedsheet Set,Home & Kitchen,1,1421,1421,CUST-91227,App
UK-2026-103908,2026-05-23,East,Bhubaneswar,Cotton Kurta Set,Fashion,1,1304,1304,CUST-92771,Marketplace
UK-2026-103712,2026-05-21,West,Mumbai,Makeup Brush Set,Beauty,1,1292,1292,CUST-14895,Website
UK-2026-102860,2026-04-16,South,Chennai,Vitamin C Serum,Beauty,2,672,1344,CUST-66033,App
UK-2026-102498,2026-04-20,West,Ahmedabad,Sunscreen SPF50,Beauty,1,560,560,CUST-80407,App
UK-2026-102407,2026-04-12,South,Hyderabad,Ultrabook Air 14,Electronics,2,31124,62248,CUST-32995,Website
UK-2026-104493,2026-06-07,South,Kochi,Robot Vacuum R7,Home & Kitchen,1,18688,18688,CUST-38141,App
UK-2026-102803,2026-04-11,West,Surat,43-inch Smart TV,Electronics,2,25445,50890,CUST-89314,App
UK-2026-100754,2026-02-24,Central,Raipur,Non-Stick Cookware Set,Home & Kitchen,2,2768,5536,CUST-44060,App
UK-2026-100265,2026-01-31,South,Chennai,Ultrabook Air 14,Electronics,4,31133,124532,CUST-44762,Marketplace
UK-2026-103132,2026-05-01,West,Mumbai,Denim Jacket,Fashion,1,2305,2305,CUST-67349,Website
UK-2026-101042,2026-02-25,Central,Nagpur,Leather Wallet,Fashion,1,862,862,CUST-71245,Marketplace
UK-2026-104004,2026-05-08,South,Chennai,43-inch Smart TV,Electronics,1,27145,27145,CUST-21192,Website
UK-2026-100620,2026-01-16,North,Chandigarh,Air Fryer 5L,Home & Kitchen,3,5638,16914,CUST-27466,App
UK-2026-104710,2026-06-23,Central,Raipur,Mirrorless Camera Lite,Electronics,,27971,27971,CUST-71471,Marketplace
UK-2026-102196,2026-03-07,West,Mumbai,Beard Grooming Kit,Beauty,1,988,988,CUST-85745,Website
UK-2026-102712,2026-04-19,South,Bengaluru,Slim Fit Jeans,Fashion,1,1579,1579,CUST-60827,Website
UK-2026-103923,2026-05-12,West,Mumbai,Beard Grooming Kit,Beauty,1,994,994,CUST-97692,Website
UK-2026-100897,2026-02-17,South,Chennai,Sunscreen SPF50,Beauty,2,541,1082,CUST-77895,Website
UK-2026-103057,2026-04-16,South,Hyderabad,Smart Watch X2,Electronics,1,4623,4623,CUST-76863,Website
UK-2026-104410,2026-06-28,North,Delhi,Power Bank 20000mAh,Electronics,1,1853,1853,CUST-13007,Marketplace
UK-2026-102872,2026-04-21,South,Hyderabad,Ultrabook Air 14,Electronics,1,31253,31253,CUST-64220,App
UK-2026-103085,2026-04-16,North,Gurugram,Smart Watch X2,Electronics,2,4589,9178,CUST-30379,App
UK-2026-101430,2026-02-14,Central,Raipur,Gym Gloves,Sports,2,521,1042,CUST-45332,Website
UK-2026-103581,2026-05-29,East,Kolkata,43-inch Smart TV,Electronics,2,26228,52456,CUST-23158,Marketplace
UK-2026-104166,2026-06-30,North,Chandigarh,Cycling Helmet,Sports,1,1667,1667,CUST-84025,Website
UK-2026-102083,2026-03-14,East,Kolkata,Vitamin C Serum,Beauty,1,718,718,CUST-18699,App
UK-2026-104631,2026-06-04,South,Kochi,Robot Vacuum R7,Home & Kitchen,2,19518,39036,CUST-32262,Marketplace
UK-2026-102852,2026-04-19,North,Gurugram,Dinner Set 24pc,Home & Kitchen,1,2613,2613,CUST-68493,Website
UK-2026-101612,2026-03-16,South,Chennai,Cotton Kurta Set,Fashion,1,1243,1243,CUST-48558,Marketplace
UK-2026-102288,2026-04-13,West,Mumbai,Mixer Grinder 750W,Home & Kitchen,1,3205,3205,CUST-46500,App
UK-2026-103083,2026-04-14,West,Pune,Mirrorless Camera Lite,Electronics,1,27888,27888,CUST-17286,App
UK-2026-104574,2026-06-20,South,Kochi,Power Bank 20000mAh,Electronics,1,1759,1759,CUST-31432,Website
UK-2026-102454,2026-04-14,West,Mumbai,Noise-Cancelling Headphones,Electronics,1,9236,9236,CUST-48347,Website
UK-2026-103603,2026-05-28,North,Chandigarh,43-inch Smart TV,Electronics,1,24861,24861,CUST-82168,Marketplace
UK-2026-102864,2026-04-27,Central,Nagpur,Air Fryer 5L,Home & Kitchen,2,5425,10850,CUST-17855,Marketplace
UK-2026-103763,2026-05-27,North,Gurugram,Denim Jacket,Fashion,2,2185,4370,CUST-24910,Marketplace
UK-2026-103419,2026-05-11,West,Mumbai,Cotton Bedsheet Set,Home & Kitchen,1,1460,1460,CUST-85818,Website
UK-2026-101427,2026-02-15,South,Bengaluru,Power Bank 20000mAh,Electronics,1,1750,1750,CUST-16240,Website
UK-2026-102553,2026-04-22,Central,Bhopal,Running Sneakers,Fashion,2,2808,5616,CUST-40518,App
UK-2026-103056,2026-04-21,South,Hyderabad,Wireless Earbuds Pro,Electronics,1,3136,3136,CUST-83174,Marketplace
UK-2026-103562,2026-05-18,North,Noida,Power Bank 20000mAh,Electronics,1,1777,1777,CUST-69737,Marketplace
UK-2026-103533,2026-05-15,North,Delhi,Mirrorless Camera Lite,Electronics,2,28006,56012,CUST-63763,App
UK-2026-102129,2026-03-24,South,Bengaluru,Smart Watch X2,Electronics,1,4532,4532,CUST-49930,App
UK-2026-103740,2026-05-03,West,Ahmedabad,Leather Wallet,Fashion,1,942,942,CUST-55561,Website
UK-2026-101077,2026-02-23,South,Bengaluru,Air Fryer 5L,Home & Kitchen,1,5447,5447,CUST-47585,Website
UK-2026-104793,2026-06-02,South,Hyderabad,Cotton Kurta Set,Fashion,2,1259,2518,CUST-71682,App
UK-2026-102882,2026-04-15,West,Surat,Denim Jacket,Fashion,1,2146,2146,CUST-68493,Website
UK-2026-102839,2026-04-29,West,Ahmedabad,Matte Lipstick Set,Beauty,2,930,1860,CUST-11930,App
UK-2026-104084,2026-06-29,North,Delhi,Bluetooth Speaker Mini,Electronics,2,1488,2976,CUST-54431,Marketplace
UK-2026-101869,2026-03-13,West,Mumbai,Adjustable Dumbbells 15kg,Sports,1,5094,5094,CUST-65828,App
UK-2026-100835,2026-02-11,East,Patna,Foldable Treadmill T2,Sports,2,24883,49766,CUST-42370,Website
UK-2026-101876,2026-03-26,Central,Indore,Formal Shirt,Fashion,1,1073,1073,CUST-48666,App
UK-2026-102013,2026-03-07,North,Gurugram,Cricket Bat English Willow,Sports,1,9344,9344,CUST-63396,Website
UK-2026-101311,2026-02-16,South,Hyderabad,Foldable Treadmill T2,Sports,1,24033,24033,CUST-22985,App
UK-2026-100732,"Feb 23, 2026",South,Kochi,Smart Watch X2,Electronics,1,4660,4660,CUST-91055,Website
UK-2026-102925,2026-04-14,West,Pune,Cotton Kurta Set,Fashion,1,1325,1325,CUST-93134,App
UK-2026-103516,2026-05-23,East,Bhubaneswar,Silk Saree,Fashion,1,3450,3450,CUST-81057,App
UK-2026-102399,2026-04-11,South,Chennai,Badminton Racket Set,Sports,1,2421,2421,CUST-60520,Website
UK-2026-100622,2026-01-08,West,Surat,Modern Wall Clock,Home & Kitchen,1,775,775,CUST-71984,App
UK-2026-103254,2026-05-25,South,Bengaluru,Bluetooth Speaker Mini,Electronics,1,1547,1547,CUST-47312,Website
UK-2026-103894,2026-05-20,East,Patna,Smart Watch X2,Electronics,1,4722,4722,CUST-72698,App
UK-2026-101821,2026-03-28,North,Delhi,Denim Jacket,Fashion,2,2239,4478,CUST-32820,App
UK-2026-102723,2026-04-28,North,Noida,Ionic Hair Dryer,Beauty,1,1813,1813,CUST-38607,App
UK-2026-104357,2026-06-24,East,Guwahati,Beard Grooming Kit,Beauty,3,955,2865,CUST-90603,App
UK-2026-104752,2026-06-13,South,Bengaluru,43-inch Smart TV,Electronics,1,25168,25168,CUST-67907,App
UK-2026-101087,2026-02-22,South,Chennai,Noise-Cancelling Headphones,Electronics,2,9273,18546,CUST-48357,App
UK-2026-100277,2026-01-24,East,Guwahati,Air Fryer 5L,Home & Kitchen,2,5534,11068,CUST-62454,Website
UK-2026-100965,2026-02-17,South,Kochi,Noise-Cancelling Headphones,Electronics,1,8696,8696,CUST-28132,App
UK-2026-100232,2026-01-04,North,Delhi,Smart Watch X2,Electronics,1,4696,4696,CUST-44060,Website
UK-2026-102239,2026-03-03,North,Noida,Electric Kettle 1.5L,Home & Kitchen,2,1108,2216,CUST-99810,Marketplace
UK-2026-104602,2026-06-24,West,Surat,Ultrabook Air 14,Electronics,2,30677,61354,CUST-57190,Website
UK-2026-101152,2026-02-03,South,Bengaluru,Cycling Helmet,Sports,1,1568,1568,CUST-39999,Marketplace
UK-2026-102006,2026-03-25,North,Noida,Denim Jacket,Fashion,1,2308,,CUST-18590,App
UK-2026-103150,2026-05-21,East,Kolkata,Running Sneakers,Fashion,2,2746,5492,CUST-85796,Website
UK-2026-101750,2026-03-27,North,Gurugram,Cotton Bedsheet Set,Home & Kitchen,2,1423,2846,CUST-51152,Website
UK-2026-103024,2026-04-24,West,Mumbai,Football Size 5,Sports,1,906,906,CUST-87173,App
UK-2026-103739,2026-05-14,South,Kochi,Yoga Mat Pro,Sports,1,1207,1207,CUST-20155,Website
UK-2026-102595,2026-04-01,North,Delhi,Electric Kettle 1.5L,Home & Kitchen,2,1066,2132,CUST-22574,Website
UK-2026-102390,2026-04-03,Central,Indore,43-inch Smart TV,Electronics,2,25922,51844,CUST-21192,Website
UK-2026-100511,2026-01-21,West,Surat,Adjustable Dumbbells 15kg,Sports,1,4937,4937,CUST-71885,App
UK-2026-101164,2026-02-02,,Noida,Face Wash Combo,Beauty,1,439,439,CUST-72906,Website
UK-2026-104320,2026-06-07,North,Chandigarh,Bluetooth Speaker Mini,Electronics,,1524,1524,CUST-73248,Marketplace
UK-2026-100763,2026-02-14,Central,Bhopal,Air Fryer 5L,Home & Kitchen,1,5562,5562,CUST-62035,App
UK-2026-104998,2026-06-18,North,Noida,Matte Lipstick Set,Beauty,1,879,879,CUST-42902,App
UK-2026-100894,2026-02-28,West,PUNE,Running Sneakers,Fashion,1,2717,2717,CUST-96796,App
UK-2026-104391,2026-06-23,North,Delhi,Cotton Kurta Set,Fashion,2,1315,2630,CUST-23670,App
UK-2026-104362,05/06/2026,North,Noida,Smart Watch X2,Electronics,3,4332,12996,CUST-91334,Marketplace
UK-2026-103287,2026-05-12,North,Gurugram,Noise-Cancelling Headphones,Electronics,1,9376,9376,CUST-86193,Marketplace
UK-2026-101743,2026-03-02,East,Bhubaneswar,Non-Stick Cookware Set,Home & Kitchen,1,3044,3044,CUST-31972,Website
UK-2026-100859,2026-02-09,West,Surat,Silk Saree,Fashion,1,3409,3409,CUST-85789,App
UK-2026-103066,2026-04-11,East,Guwahati,Power Bank 20000mAh,Electronics,1,1818,1818,CUST-97062,Website
UK-2026-101209,2026-02-27,West,Ahmedabad,Running Sneakers,Fashion,1,2752,2752,CUST-77588,App
UK-2026-104667,2026-06-08,South,Kochi,Power Bank 20000mAh,Electronics,2,1713,3426,CUST-20787,Website
UK-2026-103653,2026-05-01,East,Kolkata,Face Wash Combo,Beauty,2,438,876,CUST-68709,App
UK-2026-104587,2026-06-19,North,Chandigarh,Sunscreen SPF50,Beauty,1,528,528,CUST-32995,App
UK-2026-100927,2026-02-21,West,Ahmedabad,Leather Wallet,Fashion,1,869,869,CUST-30266,Website
UK-2026-101113,2026-02-13,South,Hyderabad,Ultrabook Air 14,Electronics,1,30724,30724,CUST-99876,Website
UK-2026-100349,2026-01-03,West,Ahmedabad,Running Sneakers,Fashion,1,2776,2776,CUST-63461,App
UK-2026-102896,2026-04-03,North,Chandigarh,Cotton Bedsheet Set,Home & Kitchen,1,1465,1465,CUST-99024,Website
UK-2026-100211,2026-01-22,South,Kochi,Dinner Set 24pc,Home & Kitchen,1,2572,2572,CUST-85559,App
UK-2026-100819,2026-02-14,West,Mumbai,Formal Shirt,Fashion,3,1046,3138,CUST-80639,App
UK-2026-101931,2026-03-18,South,Bengaluru,Beard Grooming Kit,Beauty,1,1005,1005,CUST-14768,Website
UK-2026-101036,2026-02-12,South,Chennai,Modern Wall Clock,Home & Kitchen,1,819,819,CUST-48317,App
UK-2026-100330,2026-01-15,East,Bhubaneswar,Ethnic Dupatta,Fashion,1,517,,CUST-20182,App
UK-2026-103783,05-05-26,South,Bengaluru,Power Bank 20000mAh,Electronics,1,1747,1747,CUST-19955,Marketplace
UK-2026-104480,2026-06-02,East,Patna,Formal Shirt,Fashion,1,1135,1135,CUST-63957,App
UK-2026-103382,2026-05-16,North,Noida,Bluetooth Speaker Mini,Electronics,3,1553,4659,CUST-10658,App
UK-2026-102899,2026-04-05,West,Pune,Football Size 5,Sports,2,891,1782,CUST-49073,App
UK-2026-101142,2026-02-12,East,Kolkata,Mirrorless Camera Lite,Electronics,1,28197,28197,CUST-65543,Website
UK-2026-101969,2026-03-16,East,Guwahati,Electric Kettle 1.5L,Home & Kitchen,1,1149,1149,CUST-61552,App
UK-2026-102900,2026-04-23,South,Bengaluru,Running Sneakers   ,Fashion,1,2929,2929,CUST-39554,App
UK-2026-103730,2026-05-09,North,Noida,43-inch Smart TV,Electronics,1,25996,25996,CUST-92302,Website
UK-2026-100112,2026-01-08,East,Guwahati,Bluetooth Speaker Mini,Electronics,1,1531,,CUST-88663,App
UK-2026-104262,2026-06-14,East,Patna,Cotton Bedsheet Set,Home & Kitchen,1,1372,1372,CUST-11158,Website
UK-2026-102958,2026-04-13,East,Guwahati,Bluetooth Speaker Mini,Electronics,1,1453,1453,CUST-69147,App
UK-2026-101747,2026-03-04,South,Bengaluru,Silk Saree,Fashion,1,3407,3407,CUST-95458,Website
UK-2026-101002,2026-02-21,West,Ahmedabad,Mirrorless Camera Lite,Electronics,1,27714,27714 INR,CUST-72946,Marketplace
UK-2026-102304,2026-04-01,Central,Raipur,Denim Jacket,Fashion,1,2256,2256,CUST-90247,App
UK-2026-103355,2026-05-09,West,Pune,Ultrabook Air 14,Electronics,2,28951,57902,CUST-49801,Website
UK-2026-103728,2026-05-07,South,Kochi,43-inch Smart TV,Electronics,2,25397,50794,CUST-25568,Website
UK-2026-103600,2026-05-14,West,Surat,Leather Wallet,Fashion,1,930,930,CUST-87261,Website
UK-2026-100033,2026-01-14,North,Chandigarh,Bluetooth Speaker Mini,Electronics,-2,1551,1551,CUST-85818,Marketplace
UK-2026-104978,2026-06-18,South,Hyderabad,Power Bank 20000mAh,Electronics,1,1833,1833,CUST-60624,Marketplace
UK-2026-102328,2026-04-25,West,Surat,Wireless Earbuds Pro,Electronics,1,2924,2924,CUST-75825,Website
UK-2026-100911,2026-02-04,North,Delhi,Cycling Helmet,Sports,1,1556,1556,CUST-71519,Website
UK-2026-102432,2026-04-29,Central,Indore,Running Sneakers,Fashion,1,2678,2678,CUST-75825,Marketplace
UK-2026-102323,"Apr 14, 2026",West,Surat,43-inch Smart TV,Electronics,1,27077,27077,CUST-49073,App
UK-2026-103305,2026-05-18,East,Guwahati,Matte Lipstick Set,Beauty,2,898,1796,CUST-53911,Website
UK-2026-102097,2026-03-08,West,surat,Ionic Hair Dryer,Beauty,1,1914,1914,CUST-82004,App
UK-2026-104916,2026-06-19,South,Kochi,Ethnic Dupatta,Fashion,-1,499,499,CUST-10847,App
UK-2026-101137,2026-02-01,West,Mumbai,Face Wash Combo,Beauty,1,435,435,CUST-93487,Website
UK-2026-102069,2026-03-30,,Pune,Vitamin C Serum,Beauty,1,676,676,CUST-49735,App
UK-2026-103228,2026-05-16,North,Chandigarh,Yoga Mat Pro,Sports,1,1167,1167,CUST-19903,Website
UK-2026-103874,2026-05-24,Central,Raipur,Leather Wallet,Fashion,3,926,2778,CUST-70535,App
UK-2026-101119,2026-02-09,East,Bhubaneswar,Slim Fit Jeans,Fashion,1,1541,1541,CUST-53924,Marketplace
UK-2026-103592,2026-05-22,North,Gurugram,Ultrabook Air 14,Electronics,1,29566,29566 INR,CUST-57193,Marketplace
UK-2026-104374,2026-06-11,East,Bhubaneswar,Cotton Bedsheet Set,Home & Kitchen,2,1413,2826,CUST-47218,Website
UK-2026-100603,2026-01-11,West,Ahmedabad,Cycling Helmet,Sports,1,1643,"₹1,643",CUST-19037,App
UK-2026-104372,2026-06-15,West,Pune,Dinner Set 24pc,Home & Kitchen,2,2380,4760,CUST-55561,App
UK-2026-104051,2026-06-07,West,Pune,Formal Shirt,Fashion,1,1118,1118,CUST-31086,Website
UK-2026-100839,2026-02-13,West,Mumbai,Ultrabook Air 14,Electronics,1,29499,29499,CUST-10272,App
UK-2026-100196,2026-01-30,East,Bhubaneswar,Modern Wall Clock,Home & Kitchen,1,783,783,CUST-12819,Website
UK-2026-104313,2026-06-14,South,Chennai,Badminton Racket Set,Sports,1,2522,2522,CUST-41774,App
UK-2026-104937,2026-06-12,Central,Raipur,Silk Saree,Fashion,1,3497,3497,CUST-69739,Website
UK-2026-103401,2026-05-06,North,Gurugram,Sunscreen SPF50,Beauty,1,551,551,CUST-56385,App
UK-2026-102835,2026-04-20,West,Pune,  Cricket Bat English Willow,Sports,4,9352,37408,CUST-71544,App
UK-2026-103965,2026-05-15,South,Kochi   ,Gym Gloves,Sports,4,494,1976,CUST-79078,Website
UK-2026-102351,2026-04-26,South,Hyderabad,Non-Stick Cookware Set,Home & Kitchen,1,2785,2785,CUST-39257,App
UK-2026-102532,2026-04-11,North,Gurugram,Mirrorless Camera Lite,Electronics,1,28553,28553,CUST-93343,Marketplace
UK-2026-101998,2026-03-20,East,Kolkata,Formal Shirt,Fashion,4,1136,4544,CUST-14740,App
UK-2026-103818,2026-05-20,Central,Bhopal,Mixer Grinder 750W,Home & Kitchen,1,3300,3300,CUST-26026,Marketplace
UK-2026-102354,2026-04-02,West,Ahmedabad,Matte Lipstick Set,Beauty,2,863,1726,CUST-86974,Website
UK-2026-103483,2026-05-20,South,Bengaluru,Beard Grooming Kit,Beauty,3,1015,3045,CUST-38180,App
UK-2026-101011,2026-02-20,South,Hyderabad,Slim Fit Jeans,Fashion,1,1599,1599,CUST-66536,Website
UK-2026-100380,2026-01-01,West,Mumbai,Mirrorless Camera Lite,Electronics,1,28546,28546,CUST-90825,App
UK-2026-101201,2026-02-18,South,Kochi,Denim Jacket,Fashion,1,2093,2093,CUST-84672,Website
UK-2026-102215,2026-03-19,East,Bhubaneswar,Running Sneakers,Fashion,1,2777,2777,CUST-69997,Website
UK-2026-104445,2026-06-27,Central,Bhopal,Ultrabook Air 14,Electronics,1,30099,30099,CUST-91311,App
UK-2026-104034,2026-06-26,West,Ahmedabad,Robot Vacuum R7,Home & Kitchen,3,18564,55692,CUST-93291,App
UK-2026-100825,2026-02-03,North,Gurugram,Dinner Set 24pc,Home & Kitchen,1,2509,"₹2,509",CUST-85257,App
UK-2026-103376,2026-05-27,South,Chennai,Air Fryer 5L,Home & Kitchen,2,5429,10858,CUST-69392,Marketplace
UK-2026-104979,2026-06-19,Central,Nagpur,Ionic Hair Dryer,Beauty,1,1991,1991,CUST-38045,Marketplace
UK-2026-102236,2026-03-15,Central,Indore,Smart Watch X2,Electronics,1,4362,4362,CUST-85113,App
UK-2026-100985,2026-02-06,South,Kochi,Football Size 5,Sports,1,880,880,CUST-38656,App
UK-2026-100984,2026-02-09,South,Cochin,Beard Grooming Kit,Beauty,1,1045,1045,CUST-38656,App
UK-2026-101313,2026-02-10,Central,Bhopal,Formal Shirt,Fashion,1,1100,1100,CUST-85257,App
UK-2026-103362,2026-05-31,East,Guwahati,Foldable Treadmill T2,Sports,1,24254,24254,CUST-37319,App
UK-2026-100222,02-01-26,South,Bengaluru,Face Wash Combo,Beauty,1,442,442,CUST-50058,App
UK-2026-104786,2026-06-07,South,Kochi,Silk Saree,Fashion,2,3469,6938,CUST-43694,Marketplace
UK-2026-101017,2026-02-20,West,Surat,Cycling Helmet,Sports,3,1673,5019,CUST-49799,App
UK-2026-102329,2026-04-03,North,Gurugram,Face Wash Combo,Beauty,1,464,464,CUST-55694,App
UK-2026-102408,2026-04-11,North,Noida,Wireless Earbuds Pro,Electronics,2,2855,5710,CUST-96108,Marketplace
UK-2026-102698,2026-04-14,West,Ahmedabad,Slim Fit Jeans,Fashion,1,1615,1615,CUST-22669,App
UK-2026-104841,2026-06-26,Central,Raipur,Mirrorless Camera Lite,Electronics,1,28029,28029,CUST-60804,Marketplace
UK-2026-103529,2026-05-27,North,Gurugram,Wireless Earbuds Pro,Electronics,1,2972,2972,CUST-81319,Marketplace
UK-2026-102234,2026-03-23,Central,Nagpur,Cycling Helmet,Sports,1,1657,1657,CUST-76766,Marketplace
UK-2026-100709,2026-01-25,West,Surat,Ultrabook Air 14,Electronics,2,30500,61000,CUST-70862,App
UK-2026-102832,2026-04-19,South,Kochi,Denim Jacket,Fashion,1,2213,2213,CUST-91296,App
UK-2026-101992,2026-03-22,West,Ahmedabad,Gym Gloves,Sports,2,496,992,CUST-92690,App
UK-2026-104511,2026-06-10,South,Hyderabad,Badminton Racket Set,Sports,,2482,2482,CUST-40518,Website
UK-2026-104065,2026-06-11,South,Hyderabad,Modern Wall Clock,Home & Kitchen,1,792,792,CUST-58864,Website
UK-2026-101238,2026-02-24,South,Kochi,Silk Saree,Fashion,1,3628,3628,CUST-65523,App
UK-2026-103327,2026-05-27,,Kochi,Gym Gloves,Sports,1,513,513,CUST-69646,Marketplace
UK-2026-100398,2026-01-21,North,Chandigarh,Mixer Grinder 750W,Home & Kitchen,1,3365,3365,CUST-72547,Marketplace
UK-2026-102426,2026-04-20,Central,Indore,Sunscreen SPF50,Beauty,1,542,542,CUST-98610,Website
UK-2026-104866,2026-06-08,North,Noida,Ionic Hair Dryer,Beauty,1,1813,1813,CUST-43354,App
UK-2026-102639,2026-04-09,North,New Delhi,Leather Wallet,Fashion,1,925,925,CUST-44986,App
UK-2026-100108,2026-01-10,West,Mumbai,Cycling Helmet,Sports,1,1584,1584,CUST-69853,App
UK-2026-100606,2026-01-08,Central,Bhopal,Power Bank 20000mAh,Electronics,1,1835,1835,CUST-87192,Marketplace
UK-2026-102855,2026-04-06,West,  Surat,Mirrorless Camera Lite,Electronics,1,29759,29759,CUST-16841,Marketplace
UK-2026-100187,2026-01-04,West,Mumbai,Smart Watch X2,Electronics,1,4491,4491,CUST-37567,App
UK-2026-104843,2026-06-19,West,Pune,Air Fryer 5L,Home & Kitchen,2,5240,10480,CUST-78576,Website
UK-2026-100616,2026-01-24,West,Mumbai,Badminton Racket Set,Sports,1,2522,2522,CUST-19945,App
UK-2026-100206,2026-01-24,Central,Bhopal,Cotton Kurta Set,Fashion,2,1333,2666 INR,CUST-56453,App
UK-2026-102697,2026-04-24,West,Ahmedabad,Leather Wallet,Fashion,2,925,1850,CUST-36668,App
UK-2026-101050,2026-02-19,West,Pune,Eau de Parfum 100ml,Beauty,1,1922,1922,CUST-28175,App
UK-2026-103052,2026-04-26,North,Gurugram,Mirrorless Camera Lite,Electronics,2,29104,58208,CUST-84439,App
UK-2026-101817,2026-03-06,South,Kochi,Noise-Cancelling Headphones,Electronics,1,8707,8707,CUST-20787,App
UK-2026-101369,2026-02-24,East,Kolkata,Makeup Brush Set,Beauty,1,1257,1257,CUST-99639,App
UK-2026-101489,2026-03-04,East,Guwahati,Matte Lipstick Set,Beauty,3,882,2646,CUST-19195,Website
UK-2026-103655,2026-05-07,South,Bengaluru,Adjustable Dumbbells 15kg,Sports,1,4971,4971,CUST-94428,App
UK-2026-103744,03-05-26,South,Chennai,Yoga Mat Pro,Sports,1,1248,1248,CUST-79444,Marketplace
UK-2026-103977,2026-05-18,,Surat,Sunscreen SPF50,Beauty,1,558,558,CUST-26042,Website
UK-2026-103186,2026-05-02,East,Bhubaneswar,Cotton Kurta Set,Fashion,1,1288,1288,CUST-69147,Marketplace
UK-2026-102648,2026-04-16,West,Surat,Ionic Hair Dryer,Beauty,1,1895,1895,CUST-94282,Website
UK-2026-103553,2026-05-17,Central,Indore,Modern Wall Clock,Home & Kitchen,1,834,834,CUST-94282,Website
UK-2026-101292,2026-02-24,South,Kochi,Mixer Grinder 750W,Home & Kitchen,1,3390,3390,CUST-23768,App
UK-2026-100885,2026-02-13,Central,Raipur,Cotton Kurta Set,Fashion,1,1272,1272,CUST-80407,Website
UK-2026-103599,"May 19, 2026",South,Kochi,Cotton Kurta Set,Fashion,3,1357,4071,CUST-45235,Marketplace
UK-2026-103580,2026-05-24,,Kochi,Makeup Brush Set,Beauty,3,1287,3861,CUST-82440,App
UK-2026-104375,2026-06-09,East,Kolkata,Yoga Mat Pro,Sports,1,1178,1178,CUST-25163,App
UK-2026-104405,2026-06-23,North,Gurugram,43-inch Smart TV,Electronics,2,26339,52678,CUST-75107,App
UK-2026-100877,2026-02-18,East,Bhubaneswar,Air Fryer 5L,Home & Kitchen,2,5677,11354,CUST-59770,Website
UK-2026-100934,2026-02-15,West,Pune,Ultrabook Air 14,Electronics,,29545,29545,CUST-10283,Website
UK-2026-100150,2026-01-09,West,Mumbai,Bluetooth Speaker Mini,Electronics,1,1434,1434,CUST-60804,Website
UK-2026-102829,2026-04-10,South,Chennai,Denim Jacket,Fashion,4,2167,8668,CUST-84857,Website
UK-2026-104857,2026-06-25,West,Surat,43-inch Smart TV,Electronics,1,24749,24749,CUST-42100,Marketplace
UK-2026-101999,2026-03-30,West,Mumbai,Vitamin C Serum,Beauty,1,724,724,CUST-77544,App
UK-2026-101456,2026-03-28,West,Surat,Cotton Kurta Set,Fashion,1,1234,1234,CUST-26522,Website
UK-2026-101893,2026-03-12,South,Hyderabad,Leather Wallet,Fashion,2,902,1804,CUST-85818,App
UK-2026-103445,2026-05-25,South,Chennai,Football Size 5,Sports,1,919,919,CUST-12885,Marketplace
UK-2026-100967,2026-02-06,North,Noida,43-inch Smart TV,Electronics,1,27298,27298,CUST-22800,App
UK-2026-102971,2026-04-20,North,Gurugram,Face Wash Combo,Beauty,1,429,429,CUST-57105,App
UK-2026-102160,2026-03-31,North,Gurugram,Ultrabook Air 14,Electronics,1,31485,31485,CUST-63712,App
UK-2026-103089,2026-04-02,North,Gurugram,Noise-Cancelling Headphones,Electronics,1,8713,8713,CUST-61863,App
UK-2026-104742,2026-06-21,North,Gurugram,Mirrorless Camera Lite,Electronics,1,29185,29185,CUST-71468,App
UK-2026-102298,2026-04-21,East,Patna,Face Wash Combo,Beauty,1,465,465,CUST-34763,App
UK-2026-104695,2026-06-24,West,Surat,Cotton Kurta Set,Fashion,1,1315,1315,CUST-35025,Website
UK-2026-100389,2026-01-11,South,Kochi,Denim Jacket,Fashion,2,2238,4476,CUST-36945,App
UK-2026-104118,2026-06-26,South,Kochi,Noise-Cancelling Headphones,Electronics,1,9345,9345,CUST-30387,App
UK-2026-101541,2026-03-20,South,Hyderabad,Power Bank 20000mAh,Electronics,2,1861,3722,CUST-43393,App
UK-2026-100184,2026-01-26,North,Gurugram,Makeup Brush Set,Beauty,1,1322,1322,CUST-48250,Website
UK-2026-104363,2026-06-10,North,Gurgaon,Mirrorless Camera Lite,Electronics,3,28236,84708,CUST-72906,Marketplace
UK-2026-101362,2026-02-03,North,Delhi,Cotton Bedsheet Set,Home & Kitchen,2,1346,2692 INR,CUST-31835,App
UK-2026-102343,2026-04-28,East,Patna,Modern Wall Clock,Home & Kitchen,1,812,812,CUST-56217,Website
UK-2026-100829,2026-02-09,North,Delhi,Leather Wallet,Fashion,1,876,876,CUST-76949,Marketplace
UK-2026-101901,2026-03-17,East,Guwahati,Power Bank 20000mAh,Electronics,,1862,3724,CUST-36668,Marketplace
UK-2026-102305,2026-04-15,East,Kolkata,Adjustable Dumbbells 15kg,Sports,2,4981,9962,CUST-70988,App
UK-2026-101454,2026-03-27,West,Ahmedabad,Smart Watch X2,Electronics,1,4661,4661,CUST-18724,App
UK-2026-103040,2026-04-19,South,Hyderabad,Bluetooth Speaker Mini,Electronics,2,1459,2918,CUST-38377,App
UK-2026-100630,2026-01-24,West,Surat,Cricket Bat English Willow,Sports,1,9310,9310,CUST-16665,Website
UK-2026-102979,2026-04-22,Central,Raipur,Foldable Treadmill T2,Sports,,23968,23968,CUST-48666,Website
UK-2026-103708,2026-05-06,West,Ahmedabad,Ethnic Dupatta,Fashion,1,521,521,CUST-82104,App
UK-2026-100765,2026-02-27,East,Kolkata,Modern Wall Clock,Home & Kitchen,1,818,818,CUST-13724,App
UK-2026-103475,2026-05-14,South,Hyderabad,Yoga Mat Pro,Sports,1,1220,1220,CUST-13307,Marketplace
UK-2026-103325,2026-05-12,East,Guwahati,Noise-Cancelling Headphones,Electronics,1,8704,8704,CUST-56789,Marketplace
UK-2026-103274,2026-05-28,South,BLR,Vitamin C Serum,Beauty,4,685,2740,CUST-77895,App
UK-2026-100513,2026-01-01,South,Hyderabad,43-inch Smart TV,Electronics,1,26072,26072,CUST-19279,Marketplace
UK-2026-100657,2026-01-11,West,Ahmedabad,Non-Stick Cookware Set,Home & Kitchen,1,3031,3031,CUST-91311,Marketplace
UK-2026-102847,2026-04-27,Central,Nagpur,Cotton Kurta Set,Fashion,1,1338,1338,CUST-23499,App
UK-2026-100668,2026-01-19,East,Patna,Yoga Mat Pro,Sports,1,1181,1181,CUST-27331,App
UK-2026-103459,2026-05-10,North,Chandigarh,43-inch Smart TV,Electronics,1,25554,25554,CUST-61337,Marketplace
UK-2026-100292,2026-01-07,East,Kolkata,Power Bank 20000mAh,Electronics,1,1717,"1,717.00",CUST-86162,Website
UK-2026-101016,2026-02-21,West,Surat,Badminton Racket Set,Sports,,2381,2381,CUST-16629,Marketplace
UK-2026-101432,2026-02-11,West,Pune,Non-Stick Cookware Set,Home & Kitchen,1,2963,2963,CUST-34468,Website
UK-2026-102406,2026-04-06,West,Pune,Dinner Set 24pc,Home & Kitchen,1,2614,2614,CUST-97204,Marketplace
UK-2026-104428,2026-06-03,North,Gurugram,Smart Watch X2,Electronics,1,4601,4601,CUST-38528,Website
UK-2026-104652,2026-06-21,North,Delhi,Matte Lipstick Set,Beauty,1,895,895,CUST-12448,Marketplace
UK-2026-102699,2026-04-17,South,Madras,Denim Jacket,Fashion,1,2114,2114,CUST-96028,App
UK-2026-103781,2026-05-05,North,Delhi,Mirrorless Camera Lite,Electronics,3,29056,87168,CUST-23768,App
UK-2026-100833,2026-02-26,,Patna,Yoga Mat Pro,Sports,1,1220,1220,CUST-90759,Marketplace
UK-2026-100133,2026-01-06,North,Gurugram,Modern Wall Clock,Home & Kitchen,1,819,819,CUST-75107,Website
UK-2026-102369,2026-04-01,South,Kochi,Ionic Hair Dryer,Beauty,2,1834,3668,CUST-69997,Website
UK-2026-104014,2026-05-02,South,Chennai,Cycling Helmet,Sports,1,1621,1621,CUST-85629,App
UK-2026-102565,2026-04-29,South,Bengaluru,ELECTRIC KETTLE 1.5L,Home & Kitchen,1,1137,1137,CUST-78207,App
UK-2026-103861,2026-05-28,West,Surat,Denim Jacket,Fashion,2,2139,4278,CUST-86106,App
UK-2026-101705,2026-03-09,South,Bengaluru,Gym Gloves,Sports,1,509,509,CUST-81903,Website
UK-2026-101388,2026-02-14,West,Ahmedabad,Beard Grooming Kit,Beauty,2,983,1966,CUST-58692,Website
UK-2026-101157,2026-02-09,East,Patna,Wireless Earbuds Pro,Electronics,1,2883,2883,CUST-91083,Marketplace
UK-2026-101022,2026-02-21,West,Ahmedabad,Power Bank 20000mAh,Electronics,1,1714,1714,CUST-17709,Marketplace
UK-2026-101602,2026-03-05,East,Patna,Mirrorless Camera Lite,Electronics,1,28558,28558,CUST-81804,Website
UK-2026-104161,2026-06-10,West,Pune,Running Sneakers,Fashion,1,2866,2866 INR,CUST-92154,App
UK-2026-104679,26/06/2026,West,Surat,Bluetooth Speaker Mini,Electronics,1,1509,1509,CUST-28132,App
UK-2026-103997,2026-05-08,Central,Raipur,Power Bank 20000mAh,Electronics,1,1879,1879,CUST-45342,App
UK-2026-104751,2026-06-29,West,Surat,  Cycling Helmet,Sports,1,1533,1533,CUST-23164,App
UK-2026-101528,2026-03-11,East,Patna,Foldable Treadmill T2,Sports,3,25800,77400,CUST-95906,Website
UK-2026-104113,2026-06-25,Central,Nagpur,Denim Jacket,Fashion,1,2225,2225,CUST-49255,App
UK-2026-103271,2026-05-16,North,Delhi,Modern Wall Clock,Home & Kitchen,1,809,809,CUST-33174,Marketplace
UK-2026-100858,2026-02-17,West,Ahmedabad,Beard Grooming Kit,Beauty,1,997,997.00,CUST-58852,App
UK-2026-101827,2026-03-20,South,Bengaluru,Silk Saree,Fashion,1,3639,3639,CUST-48424,App
UK-2026-104340,2026-06-15,West,Ahmedabad,Robot Vacuum R7,Home & Kitchen,1,18664,18664,CUST-96954,App
UK-2026-101788,2026-03-28,North,Delhi,Beard Grooming Kit,Beauty,1,959,959,CUST-86912,App
UK-2026-103246,2026-05-24,North,Gurugram,Noise-Cancelling Headphones,Electronics,2,9408,18816,CUST-98349,Website
UK-2026-102972,2026-04-13,West,Ahmedabad,Badminton Racket Set,Sports,1,2423,"2,423.00",CUST-75973,Website
UK-2026-103454,2026-05-21,South,Chennai,Wireless Earbuds Pro,Electronics,1,3099,3099,CUST-86001,Marketplace
UK-2026-101557,2026-03-22,North,Noida,Smart Watch X2,Electronics,1,4507,4507,CUST-34149,Website
UK-2026-100459,2026-01-31,North,Noida,Cotton Kurta Set,Fashion,1,1345,1345,CUST-53994,App
UK-2026-102534,"Apr 25, 2026",South,Kochi,Cycling Helmet,Sports,1,1660,1660,CUST-14740,App
UK-2026-103926,2026-05-02,South,Hyderabad,Football Size 5,Sports,1,891,891,CUST-35879,App
UK-2026-103290,2026-05-29,East,Patna,Air Fryer 5L,Home & Kitchen,2,5278,10556,CUST-60308,Website
UK-2026-103430,2026-05-21,North,Delhi,Power Bank 20000mAh,Electronics,1,1868,1868,CUST-98268,Marketplace
UK-2026-101961,2026-03-05,North,Chandigarh,Mirrorless Camera Lite,Electronics,1,28387,28387,CUST-92832,Marketplace
UK-2026-101856,2026-03-16,South,Bengaluru,Leather Wallet,Fashion,1,900,900,CUST-11043,App
UK-2026-101646,2026-03-30,North,Gurugram,Smart Watch X2,Electronics,1,4614,4614,CUST-87810,Website
UK-2026-100810,2026-02-27,South,Bengaluru,Badminton Racket Set,Sports,2,2377,4754,CUST-20919,Marketplace
UK-2026-102338,2026-04-30,West,Surat,Silk Saree,Fashion,1,3672,3672,CUST-16143,App
UK-2026-100593,2026-01-18,North,Gurugram,Mirrorless Camera Lite,Electronics,2,30446,60892,CUST-75901,App
UK-2026-103495,2026-05-19,East,Patna,Cotton Kurta Set,Fashion,2,1326,2652,CUST-84081,App
UK-2026-104690,2026-06-07,West,Surat,Ethnic Dupatta,Fashion,1,513,513,CUST-83367,App
UK-2026-102476,2026-04-06,South,Bengaluru,Ultrabook Air 14,Electronics,1,31171,31171,CUST-49150,App
UK-2026-101193,2026-02-08,West,Pune,Formal Shirt,Fashion,1,1151,1151,CUST-25462,Website
UK-2026-104635,2026-06-05,West,Mumbai,Cycling Helmet,Sports,3,1604,4812,CUST-21190,Website
UK-2026-100321,2026-01-19,North,Chandigarh,Air Fryer 5L,Home & Kitchen,1,5290,5290,CUST-46377,App
UK-2026-100263,2026-01-06,North,Chandigarh,Gym Gloves,Sports,2,481,962,CUST-69375,App
UK-2026-102551,2026-04-12,West,Surat,Face Wash Combo,Beauty,1,432,432,CUST-66609,App
UK-2026-103693,2026-05-04,North,Chandigarh,Gym Gloves,Sports,1,474,474,CUST-98476,Marketplace
UK-2026-103163,2026-05-11,South,Chennai,Ionic Hair Dryer,Beauty,1,1827,1827,CUST-84748,App
UK-2026-102148,2026-03-11,North,Gurugram,Wireless Earbuds Pro,Electronics,1,3005,3005,CUST-57634,Website
UK-2026-101284,2026-02-05,Central,Bhopal,43-inch Smart TV,Electronics,4,25882,103528,CUST-85559,Website
UK-2026-101973,2026-03-04,South,Bengaluru,Running Sneakers,Fashion,2,2817,5634,CUST-13502,App
UK-2026-102582,2026-04-07,South,Kochi,Mirrorless Camera Lite,Electronics,1,29296,29296,CUST-66074,Website
UK-2026-101206,2026-02-13,West,Ahmedabad,Leather Wallet,Fashion,1,912,912,CUST-28123,App
UK-2026-100665,2026-01-20,,Gurugram,Ionic Hair Dryer,Beauty,1,1948,1948,CUST-73338,Website
UK-2026-104200,2026-06-11,West,Mumbai,Cotton Kurta Set,Fashion,1,1335,1335,CUST-37348,Website
UK-2026-103785,2026-05-20,South,BLR,Air Fryer 5L,Home & Kitchen,1,5316,5316,CUST-87450,Website
UK-2026-104280,2026-06-13,North,Chandigarh,43-inch Smart TV,Electronics,2,26236,52472,CUST-82344,Website
UK-2026-103845,2026-05-07,North,Gurugram,Formal Shirt,Fashion,1,1130,"₹1,130",CUST-43694,App
UK-2026-104929,2026-06-03,North,Delhi,Cotton Bedsheet Set,Home & Kitchen,1,1403,1403,CUST-19037,Website
UK-2026-101421,2026-02-18,South,Hyderabad,Ethnic Dupatta,Fashion,2,500,1000,CUST-97062,Website
UK-2026-100806,"Feb 23, 2026",North,Gurugram,Foldable Treadmill T2,Sports,2,25695,51390,CUST-14750,Website
UK-2026-101133,2026-02-12,South,Hyderabad,Modern Wall Clock,Home & Kitchen,2,822,1644,CUST-75543,Website
UK-2026-104483,2026-06-22,Central,  Bhopal,Running Sneakers,Fashion,1,2868,2868,CUST-56803,Marketplace
UK-2026-101977,2026-03-31,North,Noida,Running Sneakers,Fashion,1,2693,2693,CUST-83258,Website
UK-2026-103510,2026-05-14,,Ahmedabad,Wireless Earbuds Pro,Electronics,2,2885,5770,CUST-59094,App
UK-2026-101686,2026-03-05,West,Mumbai,Air Fryer 5L,Home & Kitchen,1,5750,5750,CUST-90825,Website
UK-2026-104489,2026-06-06,South,Kochi,43-inch Smart TV,Electronics,1,26906,26906,CUST-14740,App
UK-2026-102985,2026-04-15,South,Hyderabad,Leather Wallet,Fashion,2,891,1782,CUST-36533,App
UK-2026-100375,2026-01-29,South,Bengaluru,Badminton Racket Set,Sports,2,2537,5074,CUST-55704,Website
UK-2026-103853,2026-05-23,South,Chennai,Smart Watch X2,Electronics,1,4328,4328,CUST-82119,Marketplace
UK-2026-104704,2026-06-09,West,Pune,Denim Jacket,Fashion,2,2166,"4,332.00",CUST-86166,App
UK-2026-101390,2026-02-01,North,Gurugram,Power Bank 20000mAh,Electronics,2,1820,3640,CUST-86162,App
UK-2026-102294,2026-04-30,Central,Indore,Slim Fit Jeans,Fashion,3,1661,4983,CUST-90259,App
UK-2026-101501,2026-03-23,North,Delhi,Mixer Grinder 750W,Home & Kitchen,1,3182,3182,CUST-60804,Marketplace
UK-2026-101624,2026-03-11,Central,Bhopal,Formal Shirt,Fashion,1,1122,1122,CUST-95009,App
UK-2026-102772,2026-04-27,West,Surat,Running Sneakers,Fashion,1,2829,2829,CUST-96108,Website
UK-2026-100164,2026-01-22,South,Kochi,Non-Stick Cookware Set,Home & Kitchen,1,2791,2791,CUST-84439,App
UK-2026-104726,2026-06-05,South,Kochi,Makeup Brush Set,Beauty,3,1342,4026,CUST-36046,Marketplace
UK-2026-101560,2026-03-14,West,Surat,Smart Watch X2,Electronics,2,4333,8666,CUST-35365,Website
UK-2026-104900,2026-06-15,Central,Bhopal,Air Fryer 5L,Home & Kitchen,1,5343,5343,CUST-73931,App
UK-2026-103252,2026-05-15,West,Surat,Ultrabook Air 14,Electronics,1,30969,,CUST-23982,Marketplace
UK-2026-104798,2026-06-03,South,Hyderabad,Electric Kettle 1.5L,Home & Kitchen,2,1080,2160,CUST-38180,Website
UK-2026-101533,2026-03-06,Central,Nagpur,Formal Shirt,Fashion,1,1070,1070,CUST-14418,App
UK-2026-102789,2026-04-16,South,Kochi,Cotton Bedsheet Set,Home & Kitchen,1,1397,1397,CUST-97128,App
UK-2026-102812,2026-04-23,South,Chennai,Formal Shirt,Fashion,1,1071,1071,CUST-35352,Website
UK-2026-100785,2026-02-12,South,Bengaluru,Eau de Parfum 100ml,Beauty,1,2017,2017,CUST-26716,App
UK-2026-101054,2026-02-06,South,Kochi,Makeup Brush Set,Beauty,1,1273,1273,CUST-44126,App
UK-2026-100816,2026-02-01,South,Bangalore,43-inch Smart TV,Electronics,1,25359,25359,CUST-56611,Marketplace
UK-2026-103280,2026-05-22,Central,Raipur,Beard Grooming Kit,Beauty,1,1027,1027,CUST-25619,App
UK-2026-102736,2026-04-22,South,Hyderabad,Noise-Cancelling Headphones,Electronics,1,8852,,CUST-12448,App
UK-2026-101843,2026-03-07,South,Bangalore,Mixer Grinder 750W,Home & Kitchen,1,3379,3379,CUST-52165,App
UK-2026-104221,2026-06-27,East,Patna,Power Bank 20000mAh,Electronics,1,1764,1764,CUST-69392,Website
UK-2026-100613,2026-01-27,South,Chennai,Makeup Brush Set,Beauty,1,1312,1312,CUST-48821,Website
UK-2026-104060,2026-06-25,South,Kochi,Silk Saree,Fashion,1,3412,3412,CUST-10755,App
UK-2026-104050,2026-06-12,North,Chandigarh,Smart Watch X2,Electronics,2,4631,9262,CUST-48524,App
UK-2026-100830,2026-02-27,West,Pune,Air Fryer 5L,Home & Kitchen,1,5612,5612,CUST-79522,App
UK-2026-104146,2026-06-25,Central,Indore,Beard Grooming Kit,Beauty,,984,984,CUST-30149,Website
UK-2026-104794,2026-06-23,North,Noida,Formal Shirt,Fashion,3,1055,3165,CUST-51719,App
UK-2026-100874,2026-02-11,North,Gurugram,Formal Shirt,Fashion,-2,1085,4340,CUST-86605,Marketplace
UK-2026-104896,2026-06-18,North,Gurugram,Electric Kettle 1.5L,Home & Kitchen,2,1054,2108,CUST-73969,Website
UK-2026-100628,31/01/2026,East,Bhubaneswar,Silk Saree,Fashion,1,3560,3560,CUST-47727,Website
UK-2026-102589,2026-04-16,West,Pune,Ethnic Dupatta,Fashion,1,479,479,CUST-44330,App
UK-2026-104316,2026-06-14,East,Bhubaneswar,Denim Jacket,Fashion,1,2135,2135,CUST-41774,Marketplace
UK-2026-102792,2026-04-26,North,Delhi,Silk Saree,Fashion,1,3365,3365,CUST-34766,Marketplace
UK-2026-102073,2026-03-07,North,Chandigarh,Wireless Earbuds Pro,Electronics,2,2977,5954,CUST-71965,App
UK-2026-101285,2026-02-28,West,Ahmedabad,Ethnic Dupatta,Fashion,2,504,1008,CUST-76933,Website
UK-2026-101871,2026-03-29,West,Mumbai,Slim Fit Jeans,Fashion,2,1580,3160,CUST-48858,App
UK-2026-102372,2026-04-06,North,Noida,Mixer Grinder 750W,Home & Kitchen,1,3451,3451,CUST-89129,App
UK-2026-100759,2026-02-03,West,Bombay,Modern Wall Clock,Home & Kitchen,1,765,765,CUST-93215,Website
UK-2026-103020,2026-04-05,,Guwahati,Leather Wallet,Fashion,1,885,885,CUST-10693,Website
UK-2026-102448,14/04/2026,South,Hyderabad,Air Fryer 5L,Home & Kitchen,1,5336,5336,CUST-55305,Marketplace
UK-2026-100734,2026-02-22,North,Gurugram,Yoga Mat Pro,Sports,1,1178,1178,CUST-23768,App
UK-2026-104018,2026-05-08,West,Surat,Smart Watch X2,Electronics,1,4413,4413,CUST-28511,Website
UK-2026-104617,2026-06-02,South,Kochi,Slim Fit Jeans,Fashion,4,1670,6680,CUST-39105,App
UK-2026-104633,2026-06-24,North,Gurugram,Badminton Racket Set,Sports,1,2393,2393,CUST-33083,Marketplace
UK-2026-103998,2026-05-10,South,Hyderabad,Yoga Mat Pro,Sports,1,1223,1223,CUST-11043,Marketplace
UK-2026-103797,2026-05-18,South,Chennai,Badminton Racket Set,Sports,3,2380,7140,CUST-29781,Website
UK-2026-100474,2026-01-17,West,Ahmedabad,Noise-Cancelling Headphones,Electronics,1,9009,9009,CUST-49735,App
UK-2026-104426,2026-06-19,West,Ahmedabad,Ethnic Dupatta,Fashion,1,512,512,CUST-10643,App
UK-2026-101244,2026-02-08,Central,Raipur,Cotton Kurta Set,Fashion,2,1305,2610,CUST-31665,Website
UK-2026-100854,2026-02-16,North,Chandigarh,Slim Fit Jeans,Fashion,1,1531,1531,CUST-27267,Marketplace
UK-2026-101237,2026-02-28,West,Surat,Formal Shirt,Fashion,1,1046,1046,CUST-81204,App
UK-2026-101958,2026-03-06,South,Hyderabad,Makeup Brush Set,Beauty,1,1357,1357,CUST-98349,App
UK-2026-101308,2026-02-09,North,Gurugram,Ionic Hair Dryer,Beauty,1,1936,1936,CUST-43053,Website
UK-2026-104301,2026-06-25,North,Noida,Foldable Treadmill T2,Sports,2,25641,51282,CUST-91139,Website
UK-2026-100073,2026-01-16,East,Bhubaneswar,Gym Gloves,Sports,1,498,498,CUST-81800,App
UK-2026-101380,2026-02-17,West,Ahmedabad,Ethnic Dupatta,Fashion,1,494,494,CUST-43186,App
UK-2026-100441,2026-01-26,South,Hyderabad,Slim Fit Jeans,Fashion,2,1537,3074,CUST-95758,App
UK-2026-101338,2026-02-28,Central,Raipur,Noise-Cancelling Headphones,Electronics,1,9310,9310,CUST-87405,App
UK-2026-101461,2026-03-19,North,Noida,Adjustable Dumbbells 15kg,Sports,1,5136,5136,CUST-25503,Website
UK-2026-101799,2026-03-17,South,Bengaluru,Face Wash Combo,Beauty,1,459,459,CUST-53897,Website
UK-2026-102728,2026-04-25,North,Noida,Ultrabook Air 14,Electronics,1,28890,28890,CUST-20601,Marketplace
UK-2026-102504,2026-04-11,North,Noida,Cotton Kurta Set,Fashion,1,1354,1354,CUST-22902,App
UK-2026-104188,2026-06-04,South,Bengaluru,Yoga Mat Pro,Sports,1,1194,1194,CUST-60189,Marketplace
UK-2026-103822,2026-05-11,West,Ahmedabad,Noise-Cancelling Headphones,Electronics,4,8623,34492,CUST-82464,Marketplace
UK-2026-103755,2026-05-09,South,Chennai,Electric Kettle 1.5L,Home & Kitchen,3,1069,3207,CUST-57123,Website
UK-2026-101401,15-02-26,South,Hyderabad,Formal Shirt,Fashion,2,1095,2190,CUST-12819,Website
UK-2026-104057,2026-06-28,South,Bengaluru,Eau de Parfum 100ml,Beauty,2,1968,3936,CUST-84170,Marketplace
UK-2026-100509,2026-01-02,South,Bengaluru,Electric Kettle 1.5L,Home & Kitchen,2,1046,2092,CUST-50772,Website
UK-2026-104299,2026-06-26,South,Chennai,Badminton Racket Set,Sports,3,2414,7242,CUST-46743,App
UK-2026-104771,2026-06-19,East,Guwahati,Cricket Bat English Willow,Sports,1,8557,,CUST-97128,Marketplace
UK-2026-102100,2026-03-25,East,Patna,Dinner Set 24pc,Home & Kitchen,2,2520,5040,CUST-85489,Website
UK-2026-100060,2026-01-07,Central,Indore,Football Size 5,Sports,2,888,1776,CUST-17012,Website
UK-2026-103626,2026-05-06,South,Chennai,Ionic Hair Dryer,Beauty,1,1908,1908,CUST-96108,App
UK-2026-103465,2026-05-25,Central,Raipur,Non-Stick Cookware Set,Home & Kitchen,1,2904,2904,CUST-87173,Marketplace
UK-2026-104698,2026-06-11,North,Chandigarh,Smart Watch X2,Electronics,2,4281,8562,CUST-36582,App
UK-2026-101480,2026-03-11,South,Kochi,Running Sneakers,Fashion,1,2681,2681,CUST-47302,App
UK-2026-101822,2026-03-25,West,Ahmedabad,Eau de Parfum 100ml,Beauty,1,1976,,CUST-57253,Website
UK-2026-100439,2026-01-14,North,Gurugram,Air Fryer 5L,Home & Kitchen,1,5686,5686,CUST-85468,App
UK-2026-103683,2026-05-04,South,Hyderabad,Modern Wall Clock,Home & Kitchen,1,778,778,CUST-50677,App
UK-2026-103155,2026-05-18,South,Bengaluru,Mirrorless Camera Lite,Electronics,1,29180,29180,CUST-94949,App
UK-2026-104836,2026-06-13,North,Gurugram,Matte Lipstick Set,Beauty,3,941,2823,CUST-56923,App
UK-2026-101904,2026-03-19,North,Chandigarh,43-inch Smart TV,Electronics,1,25711,25711,CUST-99609,Website
UK-2026-101277,2026-02-17,South,Bengaluru,Yoga Mat Pro,Sports,1,1251,1251,CUST-38607,App
UK-2026-103082,"Apr 15, 2026",North,Gurugram,Foldable Treadmill T2,Sports,1,24421,24421,CUST-39770,Website
UK-2026-103560,2026-05-03,South,Bengaluru,Electric Kettle 1.5L,Home & Kitchen,1,1104,1104,CUST-88663,Marketplace
UK-2026-103372,20-05-26,South,Bengaluru,Slim Fit Jeans,Fashion,2,1635,3270,CUST-70173,Website
UK-2026-103741,2026-05-24,South,Bengaluru,Mirrorless Camera Lite,Electronics,1,28167,28167,CUST-91227,Website
UK-2026-100294,2026-01-07,East,Kolkata,Bluetooth Speaker Mini,Electronics,2,1433,2866,CUST-76022,Website
UK-2026-100852,2026-02-21,North,Delhi,Running Sneakers,Fashion,1,2887,2887,CUST-34982,Website
UK-2026-101543,2026-03-13,East,Patna,Ethnic Dupatta,Fashion,2,474,948,CUST-63242,App
UK-2026-101912,2026-03-02,South,Bengaluru,Mirrorless Camera Lite,Electronics,1,29938,"₹29,938",CUST-65734,Website
UK-2026-101774,2026-03-26,,Ahmedabad,Cotton Kurta Set,Fashion,1,1243,1243,CUST-30560,App
UK-2026-103615,2026-05-19,,Indore,Cotton Kurta Set,Fashion,1,1341,1341,CUST-70418,Website
UK-2026-103636,2026-05-23,West,Ahmedabad,Face Wash Combo,Beauty,-1,448,896,CUST-93134,App
UK-2026-103849,2026-05-14,North,Noida,Wireless Earbuds Pro,Electronics,1,3110,3110,CUST-82464,Marketplace
UK-2026-101239,2026-02-13,South,Kochi,Bluetooth Speaker Mini,Electronics,1,1472,1472,CUST-87484,Website
UK-2026-102433,2026-04-20,East,Guwahati,ETHNIC DUPATTA,Fashion,1,516,516,CUST-30361,App
UK-2026-100931,2026-02-03,West,Surat,Power Bank 20000mAh,Electronics,2,1720,3440,CUST-18412,App
UK-2026-104685,2026-06-19,North,Gurugram,Noise-Cancelling Headphones,Electronics,1,8797,8797,CUST-68906,App
UK-2026-101675,2026-03-04,East,Guwahati,Gym Gloves,Sports,2,522,1044,CUST-92879,Marketplace
UK-2026-101566,2026-03-20,Central,Nagpur,Air Fryer 5L,Home & Kitchen,1,5515,5515,CUST-52967,Website
UK-2026-101636,2026-03-29,Central,Nagpur,Leather Wallet,Fashion,1,887,887,CUST-74686,App
UK-2026-104618,2026-06-14,East,Guwahati,43-inch Smart TV,Electronics,2,26151,52302,CUST-30423,Website
UK-2026-102903,2026-04-15,South,Kochi,Football Size 5,Sports,1,868,868,CUST-49281,App
UK-2026-103820,2026-05-23,West,Mumbai,Cotton Bedsheet Set,Home & Kitchen,1,1417,1417,CUST-16782,Marketplace
UK-2026-104243,2026-06-16,South,Hyderabad,Slim Fit Jeans,Fashion,1,1668,1668,CUST-55275,Marketplace
UK-2026-101996,2026-03-22,West,Surat,Cycling Helmet,Sports,1,1584,1584,CUST-13029,App
UK-2026-102561,2026-04-15,East,Bhubaneswar,Makeup Brush Set,Beauty,2,1317,2634,CUST-84439,Marketplace
UK-2026-102382,2026-04-28,South,Kochi,Leather Wallet,Fashion,1,865,865,CUST-74316,Marketplace
UK-2026-101790,2026-03-26,South,Bengaluru,Wireless Earbuds Pro,Electronics,3,2964,8892,CUST-39650,App
UK-2026-102383,2026-04-25,North,Noida,Robot Vacuum R7,Home & Kitchen,1,18199,18199,CUST-44126,Website
UK-2026-102824,2026-04-12,West,Surat,Ethnic Dupatta,Fashion,1,484,484,CUST-32995,Marketplace
UK-2026-103410,2026-05-18,South,Chennai,Football Size 5,Sports,1,938,938,CUST-59225,App
UK-2026-100178,2026-01-15,West,Ahmedabad,Silk Saree,Fashion,1,3622,3622,CUST-24754,App
UK-2026-102563,2026-04-18,South,Chennai,Ethnic Dupatta,Fashion,2,480,960,CUST-95789,Marketplace
UK-2026-104485,2026-06-23,North,Delhi,Ionic Hair Dryer,Beauty,1,1904,1904,CUST-62717,Website
UK-2026-101995,2026-03-12,North,New Delhi,Makeup Brush Set,Beauty,2,1282,2564,CUST-59094,App
UK-2026-102959,2026-04-18,East,Bhubaneswar,Denim Jacket,Fashion,2,2283,4566,CUST-65322,App
UK-2026-102990,2026-04-11,West,Ahmedabad,Robot Vacuum R7,Home & Kitchen,1,19245,19245,CUST-62222,Marketplace
UK-2026-103035,2026-04-13,East,Kolkata,Ultrabook Air 14,Electronics,1,29003,29003,CUST-88130,Marketplace
UK-2026-101947,2026-03-05,West,Surat,Mixer Grinder 750W,Home & Kitchen,2,3252,6504,CUST-89462,App
UK-2026-103832,2026-05-05,South,Chennai,Running Sneakers,Fashion,1,2678,2678 INR,CUST-11158,App
UK-2026-103889,2026-05-15,West,Ahmedabad,Noise-Cancelling Headphones,Electronics,1,9152,9152,CUST-70199,App
UK-2026-101792,2026-03-09,North,Delhi,Denim Jacket,Fashion,2,2146,4292,CUST-78576,App
UK-2026-104309,2026-06-25,South,Kochi,Robot Vacuum R7,Home & Kitchen,1,19035,19035,CUST-93291,App
UK-2026-102643,2026-04-04,South,Kochi,43-inch Smart TV,Electronics,1,26584,26584,CUST-98480,App
UK-2026-103075,2026-04-22,East,Guwahati,Slim Fit Jeans,Fashion,1,1674,1674,CUST-64448,App
UK-2026-100444,2026-01-30,South,Hyderabad,Ultrabook Air 14,Electronics,1,30958,30958,CUST-66048,Marketplace
UK-2026-103953,2026-05-13,West,Surat,Badminton Racket Set,Sports,1,2615,2615,CUST-25520,Website
UK-2026-102144,2026-03-03,North,Chandigarh,Makeup Brush Set,Beauty,1,1307,,CUST-21802,Marketplace
UK-2026-103093,01/05/2026,North,Delhi,Electric Kettle 1.5L,Home & Kitchen,1,1093,1093,CUST-81057,App
UK-2026-104212,2026-06-08,South,Kochi,Mirrorless Camera Lite,Electronics,2,28247,56494,CUST-71471,Marketplace
UK-2026-102923,2026-04-05,East,Patna,Noise-Cancelling Headphones,Electronics,2,8684,17368,CUST-28296,App
UK-2026-103964,2026-05-16,West,Ahmedabad,Mirrorless Camera Lite,Electronics,1,30412,30412,CUST-77588,Marketplace
UK-2026-100198,2026-01-24,South,Hyderabad,Ultrabook Air 14,Electronics,2,29185,58370,CUST-72546,Website
UK-2026-103932,2026-05-03,North,Noida,Running Sneakers,Fashion,1,2749,2749,CUST-94892,Website
UK-2026-100716,2026-01-15,North,Delhi,Cycling Helmet,Sports,1,1610,1610,CUST-92690,App
UK-2026-102940,2026-04-20,North,Chandigarh,Bluetooth Speaker Mini,Electronics,1,1531,1531,CUST-17435,App
UK-2026-104703,2026-06-20,East,Patna,Vitamin C Serum,Beauty,2,699,1398,CUST-70988,Website
UK-2026-101561,2026-03-28,Central,Raipur,Sunscreen SPF50,Beauty,1,554,554,CUST-19101,App
UK-2026-101175,2026-02-09,West,Ahmedabad,Ultrabook Air 14,Electronics,1,31297,31297,CUST-84152,App
UK-2026-104564,2026-06-29,South,Bengaluru,Bluetooth Speaker Mini,Electronics,1,1527,1527,CUST-17503,Marketplace
UK-2026-104736,2026-06-25,South,Hyderabad,Mirrorless Camera Lite,Electronics,1,29956,29956,CUST-80407,Marketplace
UK-2026-101190,2026-02-11,,Noida,Gym Gloves,Sports,3,482,1446,CUST-21668,App
UK-2026-102737,2026-04-14,,Noida,Matte Lipstick Set,Beauty,1,915,915,CUST-61863,App
UK-2026-100502,2026-01-09,South,Madras,Air Fryer 5L,Home & Kitchen,1,5468,5468,CUST-98610,Website
UK-2026-103552,2026-05-19,South,Kochi,43-inch Smart TV,Electronics,1,26199,26199,CUST-59430,App
UK-2026-104406,2026-06-21,South,Bengaluru,Cricket Bat English Willow,Sports,1,9084,9084,CUST-79069,App
UK-2026-102456,2026-04-22,East,Kolkata,Wireless Earbuds Pro,Electronics,1,3114,3114,CUST-14642,Marketplace
UK-2026-103986,2026-05-15,East,Guwahati,43-inch Smart TV,Electronics,1,26231,26231,CUST-53416,Marketplace
UK-2026-100599,2026-01-25,South,Chennai,Air Fryer 5L,Home & Kitchen,1,5631,5631,CUST-65218,App
UK-2026-101712,2026-03-02,West,Pune,Air Fryer 5L,Home & Kitchen,1,5600,5600,CUST-50251,Website
UK-2026-103261,2026-05-18,East,Kolkata,Silk Saree,Fashion,2,3559,7118,CUST-27248,Website
UK-2026-100498,2026-01-16,South,Kochi,Bluetooth Speaker Mini,Electronics,1,1471,1471,CUST-13502,Website
UK-2026-100594,2026-01-25,North,Noida,Denim Jacket,Fashion,1,2219,2219,CUST-98394,App
UK-2026-103687,2026-05-27,South,Kochi,Leather Wallet,Fashion,1,878,878,CUST-91227,Website
UK-2026-101500,2026-03-04,South,Hyderabad,Wireless Earbuds Pro,Electronics,1,3013,3013,CUST-80041,App
UK-2026-102299,2026-04-08,,Bhubaneswar,Power Bank 20000mAh,Electronics,1,1819,1819,CUST-49229,App
UK-2026-104830,2026-06-28,East,Patna,Matte Lipstick Set,Beauty,1,875,875,CUST-63963,App
UK-2026-100584,2026-01-09,South,Chennai,Cotton Bedsheet Set,Home & Kitchen,1,1459,1459,CUST-92956,App
UK-2026-103029,2026-04-25,West,Ahmedabad,Electric Kettle 1.5L,Home & Kitchen,1,1075,1075,CUST-78581,Marketplace
UK-2026-103899,2026-05-14,South,Hyderabad,Electric Kettle 1.5L,Home & Kitchen,1,1097,1097,CUST-73931,Website
UK-2026-103167,2026-05-18,North,Noida,Matte Lipstick Set,Beauty,1,899,899,CUST-35879,Marketplace
UK-2026-102991,18-04-26,North,Noida,Bluetooth Speaker Mini,Electronics,1,1523,1523,CUST-33083,App
UK-2026-104664,2026-06-08,West,Pune,Non-Stick Cookware Set,Home & Kitchen,1,2806,2806,CUST-31713,Marketplace
UK-2026-104776,2026-06-02,South,Kochi,Badminton Racket Set,Sports,1,2506,2506,CUST-84748,App
UK-2026-100670,2026-01-11,South,Bengaluru,Ionic Hair Dryer,Beauty,1,1859,1859,CUST-82422,App
UK-2026-104765,2026-06-20,South,Bangalore,Slim Fit Jeans,Fashion,2,1608,3216,CUST-97291,App
UK-2026-101471,2026-03-09,North,Noida,43-inch Smart TV,Electronics,1,24935,24935,CUST-26042,App
UK-2026-103272,2026-05-01,West,Ahmedabad,Noise-Cancelling Headphones,Electronics,1,8770,8770,CUST-59930,App
UK-2026-100393,2026-01-22,South,Hyderabad,Smart Watch X2,Electronics,0,4625,4625,CUST-80894,Website
UK-2026-101217,2026-02-02,West,Ahmedabad,Mixer Grinder 750W,Home & Kitchen,,3374,3374,CUST-45342,App
UK-2026-100107,2026-01-05,West,Mumbai,Yoga Mat Pro,Sports,2,1163,2326,CUST-65784,App
UK-2026-100216,2026-01-13,North,Gurugram,Badminton Racket Set,Sports,2,2456,4912,CUST-79412,Website
UK-2026-101676,2026-03-18,South,Kochi,Denim Jacket,Fashion,1,2285,2285,CUST-17435,Website
UK-2026-100088,2026-01-23,South,Kochi,Ionic Hair Dryer,Beauty,1,1878,1878,CUST-55646,Website
UK-2026-100141,2026-01-24,North,Noida,Cricket Bat English Willow,Sports,1,8568,8568,CUST-10140,Website
UK-2026-104899,2026-06-02,East,Bhubaneswar,Ionic Hair Dryer,Beauty,2,1858,3716,CUST-87251,Website
UK-2026-103960,2026-05-09,North,Delhi,43-inch Smart TV,Electronics,1,27121,27121,CUST-24583,Marketplace
UK-2026-101874,2026-03-12,South,Chennai,Foldable Treadmill T2,Sports,1,24071,24071,CUST-43694,App
UK-2026-101450,2026-02-25,North,Noida,Ultrabook Air 14,Electronics,2,31039,62078,CUST-58301,App
UK-2026-102638,2026-04-16,West,Pune,Cotton Bedsheet Set,Home & Kitchen,3,1407,4221,CUST-11335,App
UK-2026-102785,2026-04-18,West,Mumbai,Gym Gloves,Sports,1,509,509,CUST-25977,Website
UK-2026-102320,2026-04-17,West,Mumbai,Non-Stick Cookware Set,Home & Kitchen,2,2957,5914,CUST-35515,App
UK-2026-104790,2026-06-25,South,Kochi,Badminton Racket Set,Sports,1,2598,2598,CUST-65218,App
UK-2026-101273,2026-02-20,North,Noida,Mixer Grinder 750W,Home & Kitchen,1,3167,3167,CUST-39389,App
UK-2026-104297,2026-06-04,South,Kochi,Modern Wall Clock,Home & Kitchen,1,767,767,CUST-11431,Website
UK-2026-104336,2026-06-25,South,Bengaluru,Formal Shirt,Fashion,1,1052,1052,CUST-19095,App
UK-2026-104185,2026-06-17,South,Kochi,Sunscreen SPF50,Beauty,1,556,556,CUST-27086,App
UK-2026-100125,2026-01-01,West,Surat,Mixer Grinder 750W,Home & Kitchen,3,3357,10071,CUST-10543,App
UK-2026-102001,2026-03-13,South,Chennai,Power Bank 20000mAh,Electronics,1,1814,1814 INR,CUST-71965,Website
UK-2026-100458,2026-01-29,North,Delhi,Non-Stick Cookware Set,Home & Kitchen,1,2866,2866,CUST-49035,Website
UK-2026-103283,2026-05-16,North,Gurugram,Dinner Set 24pc,Home & Kitchen,2,2436,4872,CUST-53530,App
UK-2026-104880,14/06/2026,Central,Raipur,43-inch Smart TV,Electronics,1,25928,25928,CUST-67893,Marketplace
UK-2026-101936,2026-03-09,East,Guwahati,Badminton Racket Set,Sports,1,2553,2553,CUST-71461,App
UK-2026-103813,2026-05-24,South,Hyderabad,Mirrorless Camera Lite,Electronics,1,29482,29482,CUST-89320,App
UK-2026-104039,2026-06-27,South,Hyderabad,Wireless Earbuds Pro,Electronics,1,2963,2963,CUST-20423,Website
UK-2026-100650,2026-01-03,South,Chennai,Power Bank 20000mAh,Electronics,1,1868,"1,868.00",CUST-31972,App
UK-2026-104217,2026-06-11,East,Patna,Leather Wallet,Fashion,2,920,1840,CUST-49592,Website
UK-2026-102937,2026-04-22,North,Noida,Football Size 5,Sports,1,907,907,CUST-35626,Website
UK-2026-100575,2026-01-04,East,Bhubaneswar,Face Wash Combo,Beauty,2,449,898,CUST-75445,Website
UK-2026-102483,2026-04-20,West,Ahmedabad,Mixer Grinder 750W,Home & Kitchen,3,3309,9927,CUST-99609,App
UK-2026-102386,2026-04-29,North,Gurugram,Cycling Helmet,Sports,2,1666,3332,CUST-61682,Marketplace
UK-2026-103756,2026-05-14,West,Pune,43-inch Smart TV,Electronics,2,24713,,CUST-22301,Marketplace
UK-2026-103102,2026-05-16,South,Bengaluru,Leather Wallet,Fashion,1,921,921,CUST-20919,Website
UK-2026-102430,04/04/2026,South,Hyderabad,Adjustable Dumbbells 15kg,Sports,1,5245,5245,CUST-79804,App
UK-2026-100086,2026-01-02,North,Chandigarh,Running Sneakers,Fashion,1,2905,2905,CUST-21867,Website
UK-2026-104329,2026-06-27,South,Bengaluru,Slim Fit Jeans,Fashion,1,1675,1675,CUST-23164,App
UK-2026-104334,"Jun 15, 2026",South,Bengaluru,Electric Kettle 1.5L,Home & Kitchen,1,1128,1128,CUST-93372,Marketplace
UK-2026-103839,2026-05-27,North,Gurugram,Air Fryer 5L,Home & Kitchen,3,5734,17202,CUST-68192,App
UK-2026-100821,2026-02-06,Central,Raipur,Noise-Cancelling Headphones,Electronics,2,9273,18546,CUST-50772,Website
UK-2026-100301,2026-01-27,East,Patna,Power Bank 20000mAh,Electronics,2,1804,3608,CUST-16258,Website
UK-2026-103306,2026-05-19,North,Delhi,Formal Shirt,Fashion,1,1112,1112,CUST-95287,App
UK-2026-101860,2026-03-29,West,Pune,Silk Saree,Fashion,1,3421,3421,CUST-56382,Website
UK-2026-102091,2026-03-02,South,Chennai,Adjustable Dumbbells 15kg,Sports,2,5110,10220,CUST-37062,App
UK-2026-104209,2026-06-16,West,Pune,Slim Fit Jeans,Fashion,,1573,1573,CUST-45414,App
UK-2026-103113,2026-05-21,Central,Raipur,Robot Vacuum R7,Home & Kitchen,1,18367,18367,CUST-42881,App
UK-2026-101495,2026-03-29,West,Surat,Foldable Treadmill T2,Sports,1,25948,25948,CUST-24694,Marketplace
UK-2026-100774,2026-02-14,North,Gurugram,Dinner Set 24pc,Home & Kitchen,2,2475,4950,CUST-83872,App
UK-2026-104674,2026-06-07,South,Hyderabad,Cricket Bat English Willow,Sports,2,9235,18470,CUST-71276,Website
UK-2026-104575,2026-06-29,South,Madras,Power Bank 20000mAh,Electronics,1,1846,1846,CUST-40487,Marketplace
UK-2026-104291,2026-06-24,East,Bhubaneswar,Power Bank 20000mAh,Electronics,1,1888,1888,CUST-26285,Website
UK-2026-100531,2026-01-11,West,Ahmedabad,Wireless Earbuds Pro,Electronics,-1,3116,3116,CUST-42902,App
UK-2026-104526,2026-06-02,West,Surat,Silk Saree,Fashion,2,3339,6678,CUST-25818,App
UK-2026-102468,2026-04-03,North,Noida,Running Sneakers,Fashion,2,2752,5504,CUST-54962,App
UK-2026-103379,2026-05-25,North,Chandigarh,Mirrorless Camera Lite,Electronics,1,28874,28874,CUST-35365,Website
UK-2026-103923,2026-05-12,West,Mumbai,Beard Grooming Kit,Beauty,1,994,994,CUST-97692,Website
UK-2026-102037,2026-03-24,North,Chandigarh,Power Bank 20000mAh,Electronics,1,1731,1731,CUST-85517,App
UK-2026-104056,2026-06-30,South,Bengaluru,Yoga Mat Pro,Sports,2,1255,2510,CUST-48830,Website
UK-2026-103273,2026-05-16,South,Chennai,Makeup Brush Set,Beauty,1,1353,1353,CUST-91334,App
UK-2026-104073,2026-06-30,North,Noida,Air Fryer 5L,Home & Kitchen,1,5473,5473,CUST-73930,Marketplace
UK-2026-101360,2026-02-02,North,Chandigarh,Sunscreen SPF50,Beauty,1,526,526,CUST-96108,App
UK-2026-102676,2026-04-24,South,Kochi,Cotton Kurta Set,Fashion,1,1346,1346,CUST-36582,App
UK-2026-103498,2026-05-09,Central,Indore,Makeup Brush Set,Beauty,1,1274,1274,CUST-17668,Website
UK-2026-100760,2026-02-20,North,Delhi,Bluetooth Speaker Mini,Electronics,3,1500,4500,CUST-31972,App
UK-2026-104266,2026-06-16,Central,Indore,Formal Shirt,Fashion,1,1125,1125,CUST-81019,Marketplace
UK-2026-100127,2026-01-09,West,Pune,Mixer Grinder 750W,Home & Kitchen,1,3251,3251,CUST-86572,Website
UK-2026-100343,2026-01-19,North,Chandigarh,Cricket Bat English Willow,Sports,2,8833,17666,CUST-65218,App
UK-2026-104532,2026-06-18,North,Delhi,Cotton Bedsheet Set,Home & Kitchen,2,1466,2932,CUST-39650,App
UK-2026-104274,2026-06-25,South,Chennai,43-inch Smart TV,Electronics,1,26183,26183,CUST-12852,App
UK-2026-103748,2026-05-20,South,Kochi,Power Bank 20000mAh,Electronics,1,1822,1822,CUST-37348,App
UK-2026-103345,2026-05-18,West,Pune,Non-Stick Cookware Set,Home & Kitchen,1,2904,,CUST-72133,Website
UK-2026-101354,2026-02-03,Central,Indore,Ionic Hair Dryer,Beauty,1,1938,1938,CUST-32283,Website
UK-2026-103815,2026-05-20,South,Bengaluru,Badminton Racket Set,Sports,1,2514,2514,CUST-89119,Marketplace
UK-2026-103518,2026-05-17,South,Kochi,Badminton Racket Set,Sports,1,2410,2410,CUST-28643,App
UK-2026-100029,2026-01-18,South,Bengaluru,Adjustable Dumbbells 15kg,Sports,2,4949,9898,CUST-47131,Marketplace
UK-2026-104637,2026-06-19,North,Delhi,Cotton Bedsheet Set,Home & Kitchen,1,1372,1372,CUST-64838,Website
UK-2026-104990,2026-06-02,,Hyderabad,Yoga Mat Pro,Sports,1,1240,1240,CUST-33136,App
UK-2026-103404,2026-05-24,West,Ahmedabad,Noise-Cancelling Headphones,Electronics,1,9038,9038,CUST-37745,Website
UK-2026-101674,2026-03-29,East,Kolkata,Mixer Grinder 750W,Home & Kitchen,1,3228,3228,CUST-22101,App
UK-2026-103294,2026-05-14,North,Noida,Mirrorless Camera Lite,Electronics,2,29978,59956,CUST-56658,Website
UK-2026-103470,2026-05-17,Central,Raipur,Makeup Brush Set,Beauty,1,1361,1361,CUST-82324,Website
UK-2026-101040,2026-02-25,South,Kochi,Slim Fit Jeans,Fashion,1,1634,1634,CUST-74193,App
UK-2026-100445,2026-01-05,South,Hyderabad,Bluetooth Speaker Mini,Electronics,3,1512,4536,CUST-56109,Website
UK-2026-104104,2026-06-16,North,Delhi,Running Sneakers,Fashion,1,2904,2904,CUST-89938,Website
UK-2026-102711,2026-04-27,East,Kolkata,Eau de Parfum 100ml,Beauty,0,2032,2032,CUST-46687,Marketplace
UK-2026-103409,2026-05-15,North,Noida,Air Fryer 5L,Home & Kitchen,,5252,10504,CUST-16872,App
UK-2026-104583,2026-06-06,West,Pune,Face Wash Combo,Beauty,3,436,,CUST-59225,Marketplace
UK-2026-103443,2026-05-28,East,Kolkata,Ultrabook Air 14,Electronics,1,29415,29415,CUST-74686,Marketplace
UK-2026-101590,2026-03-11,South,Kochi,Electric Kettle 1.5L,Home & Kitchen,1,1077,1077,CUST-88452,Marketplace
UK-2026-103133,2026-05-19,South,Chennai,Cotton Bedsheet Set,Home & Kitchen,3,1348,4044,CUST-43186,App
UK-2026-103559,2026-05-17,South,Hyderabad,Running Sneakers,Fashion,,2754,2754,CUST-94479,App
UK-2026-103553,2026-05-17,Central,Indore,Modern Wall Clock,Home & Kitchen,1,834,834,CUST-94282,Website
UK-2026-101198,2026-02-14,West,Ahmedabad,Smart Watch X2,Electronics,1,4294,4294,CUST-63712,Marketplace
UK-2026-103772,2026-05-22,South,Kochi,Cotton Bedsheet Set,Home & Kitchen,1,1444,1444,CUST-85796,App
UK-2026-102164,2026-03-07,South,Chennai,Wireless Earbuds Pro,Electronics,1,3055,3055,CUST-42551,Website
UK-2026-101128,2026-02-21,West,Ahmedabad,Mirrorless Camera Lite,Electronics,2,29998,59996,CUST-26042,App
UK-2026-103104,2026-05-16,South,Kochi,Mixer Grinder 750W,Home & Kitchen,2,3436,6872,CUST-81800,App
UK-2026-102300,2026-04-09,Central,Indore,Bluetooth Speaker Mini,Electronics,1,1465,1465,CUST-91311,App
UK-2026-100966,2026-02-05,South,Kochi,Air Fryer 5L,Home & Kitchen,1,5402,5402,CUST-17089,Marketplace
UK-2026-101223,2026-02-15,South,Hyderabad,Leather Wallet,Fashion,2,935,1870,CUST-54547,Website
UK-2026-104525,2026-06-07,East,Calcutta,Gym Gloves,Sports,1,484,484,CUST-57105,Website
UK-2026-101586,2026-03-08,South,Cochin,Makeup Brush Set,Beauty,2,1331,2662,CUST-27497,App
UK-2026-100224,2026-01-01,West,Pune,Adjustable Dumbbells 15kg,Sports,3,4904,14712,CUST-48974,Marketplace
UK-2026-101562,2026-03-17,North,Gurugram,Cricket Bat English Willow,Sports,1,9320,9320,CUST-53501,App
UK-2026-101808,2026-03-26,West,Mumbai,Air Fryer 5L,Home & Kitchen,2,5720,11440,CUST-24384,Marketplace
UK-2026-101771,2026-03-13,South,Cochin,Football Size 5,Sports,1,868,868,CUST-63345,App
UK-2026-101594,2026-03-09,Central,Indore,Denim Jacket,Fashion,1,2256,2256,CUST-79546,Website
UK-2026-104860,2026-06-24,North,Noida,Vitamin C Serum,Beauty,1,716,716,CUST-43361,App
UK-2026-100340,2026-01-21,West,Surat,Robot Vacuum R7,Home & Kitchen,1,18332,18332,CUST-34468,Marketplace
UK-2026-102188,2026-03-28,South,Bengaluru,Dinner Set 24pc,Home & Kitchen,2,2486,4972,CUST-50762,App
UK-2026-103039,2026-04-30,North,Gurugram,Non-Stick Cookware Set,Home & Kitchen,1,2901,2901,CUST-68192,Website
UK-2026-104619,2026-06-05,East,Guwahati,Leather Wallet,Fashion,1,943,943,CUST-98908,Marketplace
UK-2026-100296,2026-01-19,North,Chandigarh,Ultrabook Air 14,Electronics,1,30856,30856,CUST-49894,Website
UK-2026-100589,2026-01-16,Central,Bhopal,Cricket Bat English Willow,Sports,1,8928,8928,CUST-61128,App
UK-2026-102048,2026-03-06,South,Chennai,Cotton Bedsheet Set,Home & Kitchen,1,1333,1333,CUST-59770,Website
UK-2026-102499,2026-04-27,North,Noida,Denim Jacket,Fashion,1,2114,2114,CUST-34123,App
UK-2026-100435,2026-01-29,East,Kolkata,Dinner Set 24pc,Home & Kitchen,1,2478,2478,CUST-60842,App
UK-2026-100049,2026-01-03,North,Gurugram,Power Bank 20000mAh,Electronics,1,1814,1814,CUST-91083,App
UK-2026-102436,2026-04-22,North,Gurugram,Face Wash Combo,Beauty,2,448,896,CUST-51480,App
UK-2026-104972,2026-06-30,North,Noida,Foldable Treadmill T2,Sports,1,25924,25924,CUST-23987,Website
UK-2026-103924,2026-05-29,West,Pune,Sunscreen SPF50,Beauty,2,569,1138,CUST-90759,Marketplace
UK-2026-104552,2026-06-01,North,Gurugram,Silk Saree,Fashion,2,3462,6924,CUST-30729,Marketplace
UK-2026-101962,2026-03-25,East,Guwahati,Mirrorless Camera Lite,Electronics,2,29164,"58,328.00",CUST-34685,Marketplace
UK-2026-103403,2026-05-22,East,Kolkata,Noise-Cancelling Headphones,Electronics,1,8935,8935,CUST-86575,Website
UK-2026-103613,2026-05-18,South,Kochi,Ultrabook Air 14,Electronics,1,30134,30134,CUST-93093,Website
UK-2026-103307,2026-05-21,,Guwahati,Cotton Bedsheet Set,Home & Kitchen,1,1434,1434,CUST-31223,App
UK-2026-101956,2026-03-19,West,Pune,Noise-Cancelling Headphones,Electronics,1,8651,8651,CUST-20800,Website
UK-2026-101140,2026-02-07,North,Noida,Adjustable Dumbbells 15kg,Sports,2,4992,9984,CUST-77426,Marketplace
UK-2026-104138,2026-06-02,North,Chandigarh,Makeup Brush Set   ,Beauty,1,1357,1357,CUST-46882,Website
UK-2026-103450,2026-05-07,North,Noida,Vitamin C Serum,Beauty,1,686,686,CUST-30316,Website
UK-2026-100346,2026-01-27,South,Kochi,43-inch Smart TV,Electronics,1,24997,24997,CUST-81903,Website
UK-2026-103077,2026-04-11,North,Chandigarh,Gym Gloves,Sports,1,517,517,CUST-10369,App
UK-2026-103172,2026-05-30,South,Kochi,Football Size 5,Sports,1,936,936,CUST-75543,Marketplace
UK-2026-101813,2026-03-18,South,Chennai,Foldable Treadmill T2,Sports,1,24870,24870,CUST-60520,App
UK-2026-101267,2026-02-16,,Noida,Beard Grooming Kit,Beauty,1,1037,1037,CUST-81036,App
UK-2026-104898,2026-06-23,South,Chennai,Ionic Hair Dryer,Beauty,1,1971,1971,CUST-85783,App
UK-2026-103108,2026-05-27,West,Surat,Modern Wall Clock,Home & Kitchen,2,837,1674,CUST-77237,App
UK-2026-104729,2026-06-24,North,Gurugram,Ethnic Dupatta,Fashion,1,485,485,CUST-31813,App
UK-2026-100008,2026-01-13,West,Mumbai,Power Bank 20000mAh,Electronics,2,1812,3624,CUST-95981,App
UK-2026-103154,2026-05-28,South,Kochi,Cotton Bedsheet Set,Home & Kitchen,1,1391,1391,CUST-11728,Marketplace
UK-2026-103212,2026-05-02,South,Bengaluru,Electric Kettle 1.5L,Home & Kitchen,1,1060,1060,CUST-42881,App
UK-2026-103616,2026-05-18,South,Hyderabad,Eau de Parfum 100ml,Beauty,1,1979,1979,CUST-34869,App
UK-2026-104072,14/06/2026,North,Chandigarh,Air Fryer 5L,Home & Kitchen,2,5399,10798,CUST-54755,App
UK-2026-100515,2026-01-28,North,Noida,Formal Shirt,Fashion,1,1074,1074,CUST-33424,App
UK-2026-102366,2026-04-23,West,Mumbai,Bluetooth Speaker Mini,Electronics,1,1509,1509,CUST-86326,Marketplace
UK-2026-102493,2026-04-08,West,Mumbai,Silk Saree,Fashion,3,3496,10488,CUST-25585,Marketplace
UK-2026-102111,2026-03-16,North,Chandigarh,Cycling Helmet,Sports,1,1585,1585,CUST-97828,App
UK-2026-102350,2026-04-04,East,Patna,Wireless Earbuds Pro,Electronics,1,2910,2910,CUST-38351,App
UK-2026-102607,2026-04-21,North,Gurugram,Makeup Brush Set,Beauty,1,1314,1314,CUST-74657,App
UK-2026-104494,2026-06-18,Central,Indore,Noise-Cancelling Headphones,Electronics,1,8872,8872,CUST-86524,App
UK-2026-101070,2026-02-03,North,Noida,Slim Fit Jeans,Fashion,2,1651,3302,CUST-35631,App
UK-2026-101979,2026-03-14,North,Delhi,Smart Watch X2,Electronics,1,4679,4679,CUST-18569,Marketplace
UK-2026-103679,2026-05-01,South,Bengaluru,Cotton Bedsheet Set,Home & Kitchen,1,1420,1420,CUST-71544,Website
UK-2026-102044,2026-03-18,East,Guwahati,Denim Jacket,Fashion,1,2105,2105,CUST-22101,Website
UK-2026-103866,2026-05-02,Central,Nagpur,Bluetooth Speaker Mini,Electronics,2,1515,3030,CUST-56595,Website
UK-2026-101984,2026-03-21,South,Kochi,Cotton Kurta Set,Fashion,1,1361,1361,CUST-68282,App
UK-2026-102523,2026-04-25,East,Patna,Badminton Racket Set,Sports,1,2544,2544,CUST-48830,Website
UK-2026-103222,2026-05-10,Central,Bhopal,Running Sneakers,Fashion,,2799,2799,CUST-67608,Marketplace
UK-2026-103692,2026-05-18,South,Chennai,Eau de Parfum 100ml,Beauty,2,2052,4104,CUST-23531,App
UK-2026-101777,2026-03-09,North,Chandigarh,Electric Kettle 1.5L,Home & Kitchen,1,1117,1117,CUST-42815,App
UK-2026-104263,2026-06-05,West,Mumbai,Robot Vacuum R7,Home & Kitchen,1,19894,19894,CUST-89738,App
UK-2026-102583,2026-04-18,Central,Indore,Running Sneakers,Fashion,2,2665,5330,CUST-27086,Website
UK-2026-101737,2026-03-08,North,Gurugram,Face Wash Combo,Beauty,0,458,916,CUST-52363,App
UK-2026-100243,2026-01-14,North,Gurugram,43-inch Smart TV,Electronics,1,25243,25243,CUST-13969,Marketplace
UK-2026-101849,2026-03-19,South,Chennai,Running Sneakers,Fashion,1,2910,2910,CUST-77588,Website
UK-2026-102836,2026-04-02,South,Hyderabad,Ionic Hair Dryer,Beauty,1,1932,1932,CUST-92956,App
UK-2026-101555,2026-03-03,South,Bengaluru,Vitamin C Serum,Beauty,2,730,1460,CUST-98961,Website
UK-2026-104108,2026-06-25,Central,Nagpur,Smart Watch X2,Electronics,2,4355,8710,CUST-72109,Website
UK-2026-100639,2026-01-02,West,Surat,Slim Fit Jeans,Fashion,1,1621,1621,CUST-27917,App
UK-2026-103731,2026-05-02,East,Guwahati,Non-Stick Cookware Set,Home & Kitchen,2,2769,5538,CUST-62592,Website
UK-2026-101720,2026-03-15,East,Kolkata,Cycling Helmet,Sports,1,1653,1653,CUST-11335,Website
UK-2026-102933,2026-04-11,North,Delhi,Ionic Hair Dryer,Beauty,2,1830,3660,CUST-49171,App
UK-2026-101106,2026-02-26,West,Ahmedabad,Bluetooth Speaker Mini,Electronics,1,1448,1448,CUST-90498,Website
UK-2026-101493,2026-03-07,South,Kochi,Cotton Kurta Set,Fashion,2,1278,2556,CUST-89314,App
UK-2026-103247,2026-05-06,North,Noida,Ionic Hair Dryer,Beauty,2,1975,3950,CUST-27399,App
UK-2026-103392,2026-05-31,,Patna,Leather Wallet,Fashion,2,934,1868,CUST-66555,Marketplace
UK-2026-103352,2026-05-16,North,Delhi,Mirrorless Camera Lite,Electronics,1,28666,28666,CUST-34766,App
UK-2026-102127,2026-03-31,West,Pune,Denim Jacket,Fashion,1,2113,2113,CUST-32634,App
UK-2026-100173,"Jan 31, 2026",South,Kochi,Slim Fit Jeans,Fashion,1,1645,1645,CUST-88409,App
UK-2026-103215,2026-05-16,West,Ahmedabad,43-inch Smart TV,Electronics,1,25727,25727,CUST-81464,Website
UK-2026-103151,2026-05-29,South,Kochi,Leather Wallet,Fashion,1,930,930,CUST-47218,Website
UK-2026-104173,"Jun 24, 2026",South,Kochi,Air Fryer 5L,Home & Kitchen,1,5254,5254,CUST-88595,Marketplace
UK-2026-100203,2026-01-09,South,Bangalore,Gym Gloves,Sports,1,495,495,CUST-89312,Marketplace
UK-2026-102253,2026-04-23,North,Delhi,Smart Watch X2,Electronics,1,4332,4332,CUST-81146,App
UK-2026-102506,2026-04-14,North,Gurugram,Silk Saree,Fashion,2,3590,7180,CUST-79205,App
UK-2026-102101,2026-03-25,North,Gurugram,43-inch Smart TV,Electronics,1,27113,27113,CUST-79069,Website
UK-2026-101780,2026-03-31,South,Kochi,Mirrorless Camera Lite,Electronics,2,28831,57662 INR,CUST-77895,App
UK-2026-101939,2026-03-25,East,Patna,Foldable Treadmill T2,Sports,1,25393,25393,CUST-68233,Website
UK-2026-104462,2026-06-28,East,Kolkata,Cricket Bat English Willow,Sports,2,8960,17920,CUST-30361,Marketplace
UK-2026-104163,2026-06-05,West,Surat,43-inch Smart TV,Electronics,1,27088,27088,CUST-17286,Marketplace
UK-2026-103697,2026-05-26,North,Noida,Vitamin C Serum,Beauty,1,706,706,CUST-64007,Website
UK-2026-100359,2026-01-02,North,Delhi,Ethnic Dupatta,Fashion,1,484,484 INR,CUST-55704,App
UK-2026-102184,2026-03-23,East,Kolkata,Electric Kettle 1.5L,Home & Kitchen,1,1086,1086,CUST-24232,Website
UK-2026-102707,2026-04-20,South,Bengaluru,Badminton Racket Set,Sports,1,2439,2439,CUST-88130,App
UK-2026-103448,2026-05-29,Central,Raipur,Noise-Cancelling Headphones,Electronics,1,9248,9248,CUST-25333,Website
UK-2026-101603,2026-03-16,North,Chandigarh,Air Fryer 5L,Home & Kitchen,1,5288,5288,CUST-30101,Marketplace
UK-2026-101955,2026-03-02,Central,Nagpur,Sunscreen SPF50,Beauty,1,561,561,CUST-52982,Website
UK-2026-103678,2026-05-19,North,Delhi,Slim Fit Jeans,Fashion,1,1654,1654,CUST-84874,App
UK-2026-100901,2026-02-15,East,Guwahati,43-inch Smart TV,Electronics,1,26050,26050,CUST-14252,Website
UK-2026-102475,2026-04-24,Central,Bhopal,Cotton Bedsheet Set,Home & Kitchen,1,1394,1394,CUST-79236,App
UK-2026-102823,2026-04-09,Central,Bhopal,Adjustable Dumbbells 15kg,Sports,1,5206,5206,CUST-22800,App
UK-2026-101081,2026-02-28,North,Noida,Cotton Kurta Set,Fashion,1,1359,1359,CUST-75973,Website
UK-2026-104042,2026-06-20,South,Bengaluru,Smart Watch X2,Electronics,1,4407,4407,CUST-81882,Marketplace
UK-2026-102007,2026-03-03,South,Kochi,Cycling Helmet,Sports,1,1641,1641,CUST-38399,Website
UK-2026-100183,2026-01-09,South,Kochi,Mirrorless Camera Lite,Electronics,1,28106,28106,CUST-58123,App
UK-2026-102365,2026-04-18,East,Guwahati,Non-Stick Cookware Set,Home & Kitchen,3,2908,8724,CUST-58481,App
UK-2026-103577,2026-05-03,West,Pune,Cotton Bedsheet Set,Home & Kitchen,2,1380,2760,CUST-27399,Website
UK-2026-104230,2026-06-04,South,Bengaluru,Denim Jacket,Fashion,2,2212,4424,CUST-34128,App
UK-2026-100700,2026-01-07,South,Kochi,Robot Vacuum R7,Home & Kitchen,2,19090,38180,CUST-20601,App
UK-2026-104086,"Jun 7, 2026",East,Guwahati,Ethnic Dupatta,Fashion,1,504,504,CUST-12885,App
UK-2026-100847,2026-02-20,East,Kolkata,Football Size 5,Sports,1,904,904,CUST-79874,Marketplace
UK-2026-100999,2026-02-11,South,Chennai,Sunscreen SPF50,Beauty,2,544,1088,CUST-31835,Marketplace
UK-2026-102758,2026-04-01,South,Hyderabad,Vitamin C Serum,Beauty,1,688,688,CUST-84202,App
UK-2026-104588,2026-06-03,North,Noida,Running Sneakers,Fashion,1,2682,2682,CUST-44126,Website
UK-2026-102327,2026-04-29,West,Ahmedabad,43-inch Smart TV,Electronics,1,25580,25580,CUST-45239,App
UK-2026-102976,2026-04-07,South,Madras,Robot Vacuum R7,Home & Kitchen,1,19729,19729,CUST-12885,Website
UK-2026-101188,2026-02-26,South,Chennai,Cotton Bedsheet Set,Home & Kitchen,1,1388,1388,CUST-70418,Website
UK-2026-104622,2026-06-08,North,Chandigarh,Ultrabook Air 14,Electronics,1,29316,29316,CUST-56658,Website
UK-2026-103189,2026-05-23,South,Chennai,Cycling Helmet,Sports,1,1608,1608,CUST-39960,Website
UK-2026-102206,2026-03-19,North,Noida,Eau de Parfum 100ml,Beauty,1,2038,2038,CUST-31432,Marketplace
UK-2026-104047,30-06-26,West,Mumbai,Ethnic Dupatta,Fashion,1,515,515,CUST-79379,Website
UK-2026-102244,2026-04-07,South,Kochi,Mirrorless Camera Lite,Electronics,2,28901,57802,CUST-22534,Website
UK-2026-101732,2026-03-20,North,New Delhi,Football Size 5,Sports,3,867,2601,CUST-49801,Website
UK-2026-100997,2026-02-13,Central,Bhopal,Yoga Mat Pro,Sports,1,1202,1202,CUST-81684,Marketplace
UK-2026-104380,2026-06-04,East,Guwahati,Robot Vacuum R7,Home & Kitchen,1,19093,19093,CUST-28423,App
UK-2026-104878,2026-06-20,Central,Indore,Power Bank 20000mAh,Electronics,1,1765,,CUST-93093,App
UK-2026-103629,2026-05-22,West,Surat,Ethnic Dupatta,Fashion,2,478,956,CUST-14721,App
UK-2026-104175,2026-06-04,North,Gurugram,Modern Wall Clock,Home & Kitchen,1,837,837,CUST-90901,App
UK-2026-101222,27-02-26,South,Chennai,Foldable Treadmill T2,Sports,2,25125,50250,CUST-69407,App
UK-2026-104603,2026-06-21,North,Gurugram,43-inch Smart TV,Electronics,2,25612,51224,CUST-61487,Website
UK-2026-102692,2026-04-15,East,Bhubaneswar,Silk Saree,Fashion,2,3635,7270,CUST-68906,Website
UK-2026-103258,2026-05-07,Central,Raipur,Slim Fit Jeans,Fashion,1,1633,1633,CUST-20599,Website
UK-2026-101550,2026-03-20,East,Guwahati,Silk Saree,Fashion,1,3568,3568,CUST-13399,Marketplace
UK-2026-101115,2026-02-26,Central,Indore,Denim Jacket,Fashion,1,2104,2104,CUST-28059,Website
UK-2026-103565,2026-05-08,North,Chandigarh,Beard Grooming Kit   ,Beauty,1,961,961,CUST-83045,Website
UK-2026-102060,2026-03-02,North,Noida,Matte Lipstick Set,Beauty,1,905,,CUST-65938,App
UK-2026-104278,2026-06-14,Central,Bhopal,Mirrorless Camera Lite,Electronics,1,29705,29705,CUST-59869,App
UK-2026-103203,2026-05-25,Central,Bhopal,Badminton Racket Set,Sports,1,2407,2407,CUST-51818,Website
UK-2026-103875,"May 11, 2026",North,Noida,Smart Watch X2,Electronics,1,4560,4560,CUST-78321,Website
UK-2026-102753,2026-04-29,North,Delhi,Cotton Kurta Set,Fashion,1,1271,1271,CUST-43703,App
UK-2026-100349,2026-01-03,West,Ahmedabad,Running Sneakers,Fashion,1,2776,2776,CUST-63461,App
UK-2026-103596,2026-05-03,South,Kochi,Mixer Grinder 750W,Home & Kitchen,3,3276,9828,CUST-18724,App
UK-2026-101669,2026-03-23,South,Chennai,Mixer Grinder 750W,Home & Kitchen,1,3453,3453,CUST-18415,Marketplace
UK-2026-103299,2026-05-27,West,Surat,Wireless Earbuds Pro,Electronics,1,2892,2892,CUST-64448,Website
UK-2026-102660,2026-04-26,North,Delhi,Silk Saree,Fashion,1,3511,3511,CUST-25520,Website
UK-2026-101810,2026-03-12,East,Guwahati,Makeup Brush Set,Beauty,2,1275,2550,CUST-12960,App
UK-2026-101299,2026-02-02,West,Surat,Matte Lipstick Set,Beauty,2,870,1740,CUST-27003,App
UK-2026-101584,2026-03-04,Central,Nagpur,Denim Jacket,Fashion,2,2123,4246,CUST-75134,Website
UK-2026-102389,2026-04-01,West,Mumbai,Ethnic Dupatta,Fashion,2,494,988,CUST-97770,App
UK-2026-102284,2026-04-04,East,Guwahati,Adjustable Dumbbells 15kg,Sports,1,4868,4868,CUST-80639,Marketplace
UK-2026-103284,2026-05-24,South,Cochin,Noise-Cancelling Headphones,Electronics,1,9390,9390,CUST-65938,Marketplace
UK-2026-101502,2026-03-21,East,Patna,Bluetooth Speaker Mini,Electronics,1,1427,1427,CUST-57193,App
UK-2026-104527,2026-06-24,North,Noida,Cycling Helmet,Sports,1,1647,1647,CUST-18412,Marketplace
UK-2026-101145,2026-02-20,South,Chennai,Badminton Racket Set,Sports,2,2559,5118,CUST-79230,App
UK-2026-104596,2026-06-09,North,Chandigarh,Eau de Parfum 100ml,Beauty,1,1904,1904,CUST-23164,Marketplace
UK-2026-102536,2026-04-04,East,Patna,Dinner Set 24pc,Home & Kitchen,1,2574,2574,CUST-55694,Website
UK-2026-100172,2026-01-04,East,Patna,Ethnic Dupatta,Fashion,2,481,962,CUST-35281,App
UK-2026-100156,2026-01-29,North,Chandigarh,Ionic Hair Dryer,Beauty,2,1848,3696,CUST-69825,App
UK-2026-104418,2026-06-16,South,Bengaluru,43-inch Smart TV,Electronics,1,24997,24997,CUST-36716,Website
UK-2026-103118,2026-05-03,East,Kolkata,Gym Gloves,Sports,1,498,498,CUST-16258,Website
UK-2026-103446,04-05-26,North,Delhi,Wireless Earbuds Pro,Electronics,1,3030,3030,CUST-13326,Marketplace
UK-2026-104560,2026-06-13,South,Hyderabad,Noise-Cancelling Headphones,Electronics,2,9031,18062,CUST-38066,Website
UK-2026-103120,2026-05-17,East,Kolkata,Bluetooth Speaker Mini,Electronics,2,1476,2952,CUST-46838,Marketplace
UK-2026-101725,2026-03-07,West,Pune,Ethnic Dupatta,Fashion,2,492,,CUST-99802,App
UK-2026-104644,2026-06-16,West,mumbai,Sunscreen SPF50,Beauty,1,565,565,CUST-60189,Website
UK-2026-100169,2026-01-06,North,Delhi,Air Fryer 5L,Home & Kitchen,1,5459,5459,CUST-39021,App
UK-2026-102502,2026-04-29,East,Bhubaneswar,Running Sneakers,Fashion,1,2883,2883,CUST-56907,Website
UK-2026-101447,2026-02-11,East,Bhubaneswar,Electric Kettle 1.5L,Home & Kitchen,1,1045,1045,CUST-10140,App
UK-2026-102229,2026-03-01,West,Pune,Smart Watch X2,Electronics,1,4679,4679,CUST-49005,Website
UK-2026-104473,2026-06-10,West,Ahmedabad,Dinner Set 24pc,Home & Kitchen,1,2417,2417,CUST-65412,Marketplace
UK-2026-100084,2026-01-21,North,Gurugram,Noise-Cancelling Headphones,Electronics,1,9151,9151,CUST-26983,Marketplace
UK-2026-104621,2026-06-25,North,Chandigarh,Power Bank 20000mAh,Electronics,2,1726,3452,CUST-97062,Website
UK-2026-104045,2026-06-09,East,Bhubaneswar,Gym Gloves,Sports,4,515,2060 INR,CUST-14211,Marketplace
UK-2026-100525,2026-01-25,East,Guwahati,Formal Shirt,Fashion,3,1117,3351,CUST-39157,App
UK-2026-100776,2026-02-06,South,Chennai,Non-Stick Cookware Set,Home & Kitchen,1,3004,3004,CUST-34659,App
UK-2026-103709,2026-05-12,North,Delhi,Slim Fit Jeans,Fashion,1,1571,1571,CUST-38656,App
UK-2026-103291,2026-05-20,East,Guwahati,Electric Kettle 1.5L,Home & Kitchen,1,1089,1089,CUST-38130,Website
UK-2026-100453,2026-01-01,South,Hyderabad,Ethnic Dupatta,Fashion,1,511,511,CUST-50852,Website
UK-2026-104884,2026-06-28,South,Bengaluru,Formal Shirt,Fashion,1,1051,1051,CUST-90679,App
UK-2026-100275,2026-01-07,South,Chennai,Gym Gloves,Sports,2,524,1048,CUST-30658,App
UK-2026-104155,2026-06-27,West,Ahmedabad,Mixer Grinder 750W,Home & Kitchen,1,3369,3369,CUST-96932,App
UK-2026-103536,2026-05-14,South,Chennai,Wireless Earbuds Pro,Electronics,1,2924,2924,CUST-90759,Marketplace
UK-2026-102891,2026-04-04,West,Ahmedabad,Silk Saree,Fashion,1,3447,3447,CUST-57253,App
UK-2026-100228,2026-01-23,Central,Indore,Wireless Earbuds Pro,Electronics,1,3083,3083,CUST-23484,Marketplace
UK-2026-103139,2026-05-28,Central,Nagpur,Dinner Set 24pc,Home & Kitchen,1,2571,2571,CUST-45564,Marketplace
UK-2026-104747,2026-06-19,West,Pune,Cotton Kurta Set,Fashion,2,1338,2676,CUST-38528,App
UK-2026-103778,2026-05-13,West,Surat,Wireless Earbuds Pro,Electronics,2,3057,6114,CUST-94680,App
UK-2026-104668,2026-06-17,West,Pune,Ethnic Dupatta,Fashion,1,524,524,CUST-58144,App
UK-2026-102278,2026-04-20,West,Surat,Cotton Kurta Set,Fashion,1,1238,1238,CUST-22099,Marketplace
UK-2026-104954,2026-06-22,South,Hyderabad,Power Bank 20000mAh,Electronics,1,1826,1826,CUST-76949,Website
UK-2026-100676,2026-01-13,North,Chandigarh,  Noise-Cancelling Headphones,Electronics,1,8699,8699,CUST-56658,App
UK-2026-104818,2026-06-20,West,Ahmedabad,Electric Kettle 1.5L,Home & Kitchen,1,1150,1150,CUST-40582,App
UK-2026-100751,2026-02-12,North,Noida,Denim Jacket,Fashion,,2276,2276,CUST-50215,App
UK-2026-101318,2026-02-07,South,Chennai,Smart Watch X2,Electronics,1,4597,4597,CUST-51567,Website
UK-2026-100288,2026-01-26,West,Surat,Adjustable Dumbbells 15kg,Sports,1,4954,4954,CUST-91727,Website
UK-2026-101672,2026-03-10,North,Delhi,Mixer Grinder 750W,Home & Kitchen,2,3286,6572,CUST-66131,Website
UK-2026-104951,2026-06-10,East,Patna,Ethnic Dupatta,Fashion,1,521,521,CUST-13502,Website
UK-2026-104806,2026-06-24,West,Surat,43-inch Smart TV,Electronics,1,25834,25834,CUST-20551,App
UK-2026-101328,2026-02-26,North,Delhi,Adjustable Dumbbells 15kg,Sports,2,4822,9644,CUST-39999,App
UK-2026-102656,2026-04-04,South,Hyderabad,43-inch Smart TV,Electronics,,26598,79794,CUST-58532,App
UK-2026-102200,2026-03-30,West,Ahmedabad,Ultrabook Air 14,Electronics,1,30318,30318,CUST-50532,Website
UK-2026-103643,2026-05-22,Central,Raipur,Noise-Cancelling Headphones,Electronics,1,8814,8814,CUST-72346,Website
UK-2026-102650,"Apr 12, 2026",South,Hyderabad,Mirrorless Camera Lite,Electronics,4,29270,117080,CUST-13587,Website
UK-2026-101685,"Mar 25, 2026",North,Noida,Running Sneakers,Fashion,1,2812,2812,CUST-20423,App
UK-2026-100401,2026-01-11,South,Chennai,Silk Saree,Fashion,1,3491,3491,CUST-52982,Website
UK-2026-101449,2026-02-07,South,Kochi,Formal Shirt,Fashion,1,1150,1150,CUST-72148,App
UK-2026-100962,2026-02-13,North,Delhi,Bluetooth Speaker Mini,Electronics,2,1511,3022,CUST-46777,App
UK-2026-103937,2026-05-05,East,Bhubaneswar,Bluetooth Speaker Mini,Electronics,1,1471,1471,CUST-58301,Marketplace
UK-2026-100363,2026-01-25,South,Kochi,Robot Vacuum R7,Home & Kitchen,1,19452,19452,CUST-28132,Website
UK-2026-101916,2026-03-20,West,Mumbai,Football Size 5,Sports,1,902,902,CUST-35411,App
UK-2026-102050,2026-03-21,Central,Raipur,Ionic Hair Dryer,Beauty,3,1900,5700,CUST-49799,App
UK-2026-103805,2026-05-20,South,Kochi,Foldable Treadmill T2,Sports,1,25413,25413,CUST-79205,App
UK-2026-101089,2026-02-15,South,Chennai,Ultrabook Air 14,Electronics,1,31061,31061,CUST-40650,Website
UK-2026-103737,2026-05-19,West,Surat,Silk Saree,Fashion,1,3438,3438,CUST-57968,Website
UK-2026-101673,2026-03-15,South,Hyderabad,Matte Lipstick Set,Beauty,1,896,896,CUST-87734,App
UK-2026-100381,2026-01-02,South,Hyderabad,Cotton Kurta Set,Fashion,1,1292,1292,CUST-96506,App
UK-2026-100529,"Jan 5, 2026",North,Delhi,Ethnic Dupatta,Fashion,1,518,518,CUST-80041,Website
UK-2026-100968,2026-02-05,West,Mumbai,Silk Saree,Fashion,1,3441,3441,CUST-51480,App
UK-2026-104003,2026-05-07,West,Surat,Mixer Grinder 750W,Home & Kitchen,1,3381,3381,CUST-56382,App
UK-2026-104591,2026-06-20,South,Hyderabad,Wireless Earbuds Pro,Electronics,1,3067,3067,CUST-13796,App
UK-2026-102306,2026-04-16,North,Gurugram,Wireless Earbuds Pro,Electronics,1,2887,2887,CUST-21776,Website
UK-2026-104068,2026-06-28,East,Kolkata,Leather Wallet,Fashion,2,926,1852,CUST-53479,App
UK-2026-101393,2026-02-13,South,Kochi,Bluetooth Speaker Mini,Electronics,1,1492,"1,492.00",CUST-94680,Marketplace
UK-2026-102024,2026-03-17,North,Gurugram,Cricket Bat English Willow,Sports,1,8739,8739,CUST-52982,App
UK-2026-100300,2026-01-07,South,Bengaluru,Ionic Hair Dryer,Beauty,1,1808,1808,CUST-67237,Website
UK-2026-104829,2026-06-20,Central,Raipur,Mirrorless Camera Lite,Electronics,4,30082,120328,CUST-45092,Website
UK-2026-101802,2026-03-20,West,Ahmedabad,Mixer Grinder 750W,Home & Kitchen,1,3351,3351,CUST-33164,App
UK-2026-103958,2026-05-14,North,Gurugram,Smart Watch X2,Electronics,2,4685,9370,CUST-53414,App
UK-2026-101981,2026-03-01,North,Delhi,Cricket Bat English Willow,Sports,1,8554,8554,CUST-25983,Website
UK-2026-103863,2026-05-26,South,Kochi,Smart Watch X2,Electronics,1,4453,4453,CUST-84000,App
UK-2026-103586,2026-05-03,South,Bengaluru,Ethnic Dupatta,Fashion,1,477,477,CUST-35524,Website
UK-2026-102266,2026-04-12,West,Pune,Noise-Cancelling Headphones,Electronics,2,8740,17480,CUST-91349,Marketplace
UK-2026-104636,27/06/2026,Central,Nagpur,Air Fryer 5L,Home & Kitchen,2,5545,11090,CUST-91324,App
UK-2026-103028,2026-04-14,North,Chandigarh,Smart Watch X2,Electronics,1,4294,4294,CUST-74845,Marketplace
UK-2026-102910,2026-04-10,West,Mumbai,Eau de Parfum 100ml,Beauty,1,2059,2059,CUST-86193,App
UK-2026-100180,2026-01-12,Central,Raipur,Denim Jacket,Fashion,1,2198,2198,CUST-57253,Website
UK-2026-101614,2026-03-13,West,Surat,Matte Lipstick Set,Beauty,1,938,938,CUST-67759,Website
UK-2026-102542,2026-04-23,South,Kochi,Vitamin C Serum,Beauty,2,722,1444,CUST-94479,Website
UK-2026-102078,2026-03-01,South,Kochi,Wireless Earbuds Pro,Electronics,2,3075,6150,CUST-46122,App
UK-2026-104886,2026-06-03,South,Kochi,Ethnic Dupatta,Fashion,1,483,483,CUST-98349,App
UK-2026-104715,2026-06-10,South,Bengaluru,Vitamin C Serum,Beauty,1,720,720,CUST-57405,App
UK-2026-104522,"Jun 11, 2026",South,Bengaluru,Electric Kettle 1.5L,Home & Kitchen,1,1073,1073,CUST-66092,Website
UK-2026-104369,2026-06-16,West,Ahmedabad,43-inch Smart TV,Electronics,1,25321,25321,CUST-85805,Marketplace
UK-2026-104750,2026-06-24,South,Chennai,Slim Fit Jeans,Fashion,1,1568,1568,CUST-28511,App
UK-2026-102183,2026-03-27,North,Noida,Smart Watch X2,Electronics,1,4344,4344,CUST-78752,Marketplace
UK-2026-103378,2026-05-29,East,Kolkata,Formal Shirt,Fashion,1,1058,1058,CUST-79205,Website
UK-2026-100967,2026-02-06,North,Noida,43-inch Smart TV,Electronics,1,27298,27298,CUST-22800,App
UK-2026-100335,2026-01-29,West,Pune,Mirrorless Camera Lite,Electronics,1,30079,30079,CUST-64327,Website
UK-2026-103543,2026-05-30,South,Hyderabad,Leather Wallet,Fashion,1,856,856,CUST-36905,Website
UK-2026-102804,2026-04-15,South,Bengaluru,Ethnic Dupatta,Fashion,2,511,1022,CUST-93375,Website
UK-2026-102740,2026-04-29,East,Bhubaneswar,Non-Stick Cookware Set,Home & Kitchen,2,2910,5820,CUST-50677,App
UK-2026-103821,2026-05-12,South,Bengaluru,Mixer Grinder 750W,Home & Kitchen,1,3369,3369,CUST-34149,App
UK-2026-102133,10/03/2026,North,Gurugram,Dinner Set 24pc,Home & Kitchen,1,2482,2482,CUST-87450,Website
UK-2026-102983,2026-04-18,West,Mumbai,Running Sneakers,Fashion,2,2883,5766,CUST-64746,Website
UK-2026-102880,2026-04-20,North,Gurugram,Bluetooth Speaker Mini,Electronics,1,1435,1435,CUST-31660,Marketplace
UK-2026-103440,2026-05-30,East,Patna,Sunscreen SPF50,Beauty,1,524,524,CUST-60449,App
UK-2026-102375,2026-04-27,West,Surat,Wireless Earbuds Pro,Electronics,2,3108,6216,CUST-34982,App
UK-2026-100352,2026-01-03,West,Mumbai,Denim Jacket,Fashion,1,2242,2242,CUST-62493,App
UK-2026-102858,2026-04-19,North,Chandigarh,Ultrabook Air 14,Electronics,3,29985,89955,CUST-21617,Marketplace
UK-2026-102439,2026-04-09,Central,Bhopal,Bluetooth Speaker Mini,Electronics,1,1537,1537,CUST-70465,App
UK-2026-102159,2026-03-20,North,Chandigarh,Cricket Bat English Willow,Sports,1,8915,8915,CUST-17496,App
UK-2026-102017,2026-03-31,East,Bhubaneswar,Leather Wallet,Fashion,4,901,3604,CUST-71682,Website
UK-2026-102486,2026-04-28,East,Bhubaneswar,Sunscreen SPF50,Beauty,1,572,572,CUST-54685,App
UK-2026-102396,2026-04-05,North,Gurugram,Face Wash Combo,Beauty,2,458,916,CUST-77588,Website
UK-2026-103000,2026-04-11,South,Chennai,Cricket Bat English Willow,Sports,1,8886,8886,CUST-50361,App
UK-2026-103654,2026-05-19,South,Hyderabad,Makeup Brush Set,Beauty,,1317,1317,CUST-29983,App
UK-2026-103631,2026-05-25,,Noida,Air Fryer 5L,Home & Kitchen,2,5721,11442,CUST-54953,App
UK-2026-103703,2026-05-07,South,Bengaluru,Adjustable Dumbbells 15kg,Sports,1,5002,"5,002.00",CUST-18590,App
UK-2026-100556,2026-01-25,West,Ahmedabad,Dinner Set 24pc,Home & Kitchen,1,2615,2615,CUST-79252,App
UK-2026-103059,2026-04-07,North,Delhi,Ethnic Dupatta,Fashion,1,495,495,CUST-71461,App
UK-2026-101083,2026-02-15,West,Ahmedabad,Power Bank 20000mAh,Electronics,2,1770,3540,CUST-31223,Website
UK-2026-102353,2026-04-06,South,Bengaluru,Mirrorless Camera Lite,Electronics,2,29359,58718,CUST-27331,App
UK-2026-100946,2026-02-18,North,Delhi,Formal Shirt,Fashion,1,1080,1080,CUST-30266,App
UK-2026-104337,2026-06-23,North,Gurugram,Running Sneakers,Fashion,1,2816,2816,CUST-69375,App
UK-2026-102325,2026-04-17,South,Chennai,Ultrabook Air 14,Electronics,0,29791,89373,CUST-83174,Marketplace
UK-2026-103508,2026-05-08,West,Ahmedabad,Slim Fit Jeans,Fashion,1,1555,1555,CUST-23670,Website
UK-2026-102245,2026-04-30,South,Hyderabad,Ionic Hair Dryer,Beauty,2,1861,3722,CUST-38996,App
UK-2026-104510,2026-06-05,Central,Nagpur,Silk Saree,Fashion,1,3534,3534,CUST-15435,Website
UK-2026-102191,2026-03-31,South,Bengaluru,Formal Shirt,Fashion,1,1086,1086,CUST-34669,App
UK-2026-102084,2026-03-22,North,Delhi,Ethnic Dupatta,Fashion,1,482,482,CUST-37245,Marketplace
UK-2026-104167,2026-06-15,East,Patna,Beard Grooming Kit,Beauty,-2,972,972,CUST-38141,App
UK-2026-103791,2026-05-26,Central,Nagpur,Formal Shirt,Fashion,1,1114,1114,CUST-61682,App
UK-2026-103862,2026-05-05,East,Guwahati,Beard Grooming Kit,Beauty,1,1046,1046,CUST-89110,App
UK-2026-102754,2026-04-09,West,Pune,Noise-Cancelling Headphones,Electronics,2,9341,18682,CUST-58328,App
UK-2026-100964,2026-02-01,West,Surat,Football Size 5,Sports,1,935,935,CUST-84752,App
UK-2026-103493,2026-05-23,South,Hyderabad,Silk Saree,Fashion,1,3408,3408,CUST-40731,Website
UK-2026-100355,2026-01-05,East,Guwahati,Ultrabook Air 14,Electronics,1,28874,28874,CUST-65935,Website
UK-2026-103308,2026-05-03,South,Hyderabad,Ethnic Dupatta,Fashion,1,508,,CUST-93291,App
UK-2026-101252,2026-02-18,North,CHANDIGARH,Football Size 5,Sports,4,939,3756,CUST-63969,App
UK-2026-104151,2026-06-30,West,Ahmedabad,Beard Grooming Kit,Beauty,1,954,954,CUST-24018,Website
UK-2026-104023,2026-06-11,West,Mumbai,Vitamin C Serum,Beauty,1,676,676,CUST-67446,Marketplace
UK-2026-100580,2026-01-20,South,Madras,Leather Wallet,Fashion,2,938,1876,CUST-31855,App
UK-2026-101514,2026-03-23,East,Guwahati,Yoga Mat Pro,Sports,1,1204,1204,CUST-93372,Marketplace
UK-2026-103025,2026-04-17,West,Mumbai,Adjustable Dumbbells 15kg,Sports,1,5080,5080,CUST-61593,App
UK-2026-100675,2026-01-01,North,Noida,Smart Watch X2,Electronics,2,4561,9122,CUST-52143,Website
UK-2026-101442,2026-02-16,Central,Raipur,Mixer Grinder 750W,Home & Kitchen,2,3445,6890,CUST-84524,App
UK-2026-103384,2026-05-22,South,Chennai,Cycling Helmet,Sports,2,1639,3278,CUST-37066,Website
UK-2026-101473,2026-03-28,North,Delhi,Smart Watch X2,Electronics,1,4600,4600,CUST-52159,Marketplace
UK-2026-102342,2026-04-24,South,Hyderabad,Smart Watch X2,Electronics,2,4364,8728,CUST-40650,Marketplace
UK-2026-104412,2026-06-16,East,Patna,Electric Kettle 1.5L,Home & Kitchen,1,1115,1115,CUST-46882,App
UK-2026-102114,2026-03-09,North,Chandigarh,Adjustable Dumbbells 15kg,Sports,1,5026,5026,CUST-11930,App
UK-2026-104231,2026-06-03,West,Surat,Leather Wallet,Fashion,1,920,920,CUST-35515,App
UK-2026-100148,2026-01-29,Central,Nagpur,Slim Fit Jeans,Fashion,1,1539,1539,CUST-37066,Website
UK-2026-100168,2026-01-24,South,Chennai,Power Bank 20000mAh,Electronics,-1,1781,3562,CUST-16656,App
UK-2026-103405,2026-05-20,West,Ahmedabad,43-inch Smart TV,Electronics,2,26299,52598,CUST-13076,Marketplace
UK-2026-103957,2026-05-13,West,Surat,Noise-Cancelling Headphones,Electronics,-1,9111,9111,CUST-65785,Website
UK-2026-101033,05/02/2026,North,Chandigarh,Formal Shirt,Fashion,1,1098,1098,CUST-94379,Marketplace
UK-2026-102095,2026-03-01,North,Noida,Ionic Hair Dryer,Beauty,1,1959,1959,CUST-41268,App
UK-2026-100322,2026-01-13,Central,Nagpur,Football Size 5,Sports,1,897,897,CUST-68282,App
UK-2026-103840,2026-05-30,West,Ahmedabad,Ethnic Dupatta,Fashion,1,519,519,CUST-47053,App
UK-2026-104425,2026-06-04,North,Delhi,Robot Vacuum R7,Home & Kitchen,3,19793,59379,CUST-59611,App
UK-2026-103922,2026-05-05,West,Ahmedabad,Denim Jacket,Fashion,1,2281,2281,CUST-92081,Marketplace
UK-2026-100717,2026-01-04,West,Pune,Power Bank 20000mAh,Electronics,1,1831,1831,CUST-78321,App
UK-2026-103896,2026-05-10,East,Guwahati,Mirrorless Camera Lite,Electronics,1,28432,28432,CUST-64448,Marketplace
UK-2026-103141,2026-05-27,East,Bhubaneswar,Mixer Grinder 750W,Home & Kitchen,1,3358,3358,CUST-21319,App
UK-2026-100704,2026-01-27,East,Bhubaneswar,Non-Stick Cookware Set,Home & Kitchen,1,2958,2958,CUST-59225,App
